ΠΕΡΙΦΕΡΕΙΑ,ΕΚΛΟΓΙΚΟ ΤΜΗΜΑ,ΕΓΓΕΓΡΑΜΜΕΝΟΙ,ΨΗΦΙΣΑΝΤΕΣ,ΑΚΥΡΑ,ΛΕΥΚΑ,ΑΚΥΡΑ & ΛΕΥΚΑ,ΕΓΚΥΡΑ,Νέα Δημοκρατία,ΕΜΜΑΝΟΥΗΛΙΔΟΥ ΝΙΚΟΛΕΤΑ του Εμμανουήλ,ΚΥΡΙΑΖΙΔΗΣ ΔΗΜΗΤΡΙΟΣ του Τριανταφύλλου,ΜΠΛΟΥΧΟΣ ΚΩΝΣΤΑΝΤΙΝΟΣ του Δημητρίου,ΠΑΠΑΔΟΠΟΥΛΟΥ ΠΑΡΑΣΚΕΥΗ (ΒΙΒΗ) του Στυλιανού,ΤΑΣΣΟΥ ΜΙΧΑΗΛ του Νικολάου,ΣΥΡΙΖΑ,ΑΒΡΑΜΙΔΗΣ ΚΩΝΣΤΑΝΤΙΝΟΣ του Ανδρέα,ΒΛΑΧΟΠΟΥΛΟΥ ΑΛΕΞΑΝΔΡΑ του Δημητρίου,ΕΡΗΜΙΔΟΥ ΑΝΝΑ του Νικολάου,ΚΑΡΑΓΙΑΝΝΙΔΗΣ ΧΡΗΣΤΟΣ του Γεωργίου,ΞΑΝΘΟΠΟΥΛΟΣ ΘΕΟΦΙΛΟΣ του Σάββα,ΠΑΣΟΚ-Κίνημα Αλλαγής,ΒΑΜΒΑΚΙΔΟΥ ΜΑΡΙΑ του Ιωάννη,ΚΑΓΓΕΛΙΔΗΣ ΔΑΜΙΑΝΟΣ του Ιωάννη,ΚΕΦΑΛΙΔΟΥ ΧΑΡΟΥΛΑ (ΧΑΡΑ) του Δημητρίου,ΝΙΚΟΛΑΪΔΗΣ ΑΝΑΣΤΑΣΙΟΣ (ΤΑΣΟΣ) του Γεωργίου,ΤΕΡΖΗΣ ΑΝΕΣΤΗΣ του Αγγέλου,Κ.Κ.Ε.,ΒΟΖΙΚΗΣ ΙΩΑΝΝΗΣ του Γεωργίου,ΔΡΑΝΟΒΑΛΗ ΚΑΛΛΙΟΠΗ (ΠΙΤΣΑ) του Θεοδώρου,ΜΗΤΡΟΥ ΓΕΩΡΓΙΟΣ του Δημητρίου,ΠΑΠΑΔΟΠΟΥΛΟΣ ΙΩΑΝΝΗΣ του Παναγιώτη,ΤΣΙΜΠΛΙΔΟΥ ΕΛΙΣΑΒΕΤ (ΛΙΖΑ) του Δημητρίου,Ελληνική Λύση - Κ. Βελόπουλος,ΓΡΑΜΜΑΤΙΚΟΠΟΥΛΟΣ ΑΔΑΜ του Γεωργίου,ΚΙΟΣΕΓΙΑΝ ΒΑΣΙΛΙΚΗ του Βασιλείου,ΚΟΥΡΤΙΔΗΣ ΜΙΧΑΗΛ του Αβραάμ,ΤΑΚΦΟΡΙΔΟΥ ΧΡΥΣΑΝΘΗ του Σωτηρίου,ΧΑΤΖΗΒΑΣΙΛΕΙΟΥ ΕΥΑ του Δημητρίου,ΜέΡΑ25-ΣΥΜΜΑΧΙΑ ΓΙΑ ΤΗ ΡΗΞΗ,ΝΕΟΦΩΤΙΣΤΟΥ ΜΑΡΙΑ του Ανδρέα,ΠΡΟΚΟΒΑΣ ΑΠΟΣΤΟΛΟΣ του Κυπαρίσση,ΧΑΤΖΗΛΑΖΑΡΟΥ ΑΝΑΣΤΑΣΙΟΣ του Βασιλείου,ΕΝΩΝΩ ΣΥΜΜΑΧΙΑ ΕΛΕΥΘΕΡΙΑΣ,ΓΕΩΡΓΙΑΔΗΣ ΙΩΑΝΝΗΣ του Ιωάννη,Κ.Κ.Ε. (μ-λ),ΜΑΤΣΟΥΚΑ ΜΑΡΙΑ του Αθανασίου,Ο.Κ.Δ.Ε.,ΒΑΤΣΑ ΜΑΡΙΑ του Δημητρίου,ΑΝΤ.ΑΡ.ΣΥ.Α.,ΓΙΑΝΝΟΒΙΤΣ ΣΕΒΑΣΤΗ του Φρανσουά,ΚΟΥΙΡΟΥΚΙΔΗΣ ΝΙΚΟΛΑΟΣ του Γεωργίου,ΧΑΤΖΗΓΕΩΡΓΙΟΥ ΖΩΗ ΜΑΡΙΑ του Δημητρίου,Κίνημα 21,ΚΟΥΜΟΥΤΖΑΚΗΣ ΔΗΜΗΤΡΙΟΣ του Κωνσταντίνου,ΚΙΝΗΜΑ ΦΤΩΧΩΝ ΕΛΛΑΔΟΣ,ΧΑΤΖΗΕΜΜΑΝΟΥΗΛ ΝΙΚΟΛΑΟΣ του Γεωργίου,ΕΘΝΙΚΗ ΔΗΜΙΟΥΡΓΙΑ,ΚΟΥΚΟΥΤΣΟΛΙΔΗΣ ΔΗΜΗΤΡΙΟΣ του Αναστασίου,ΣΑΒΒΙΔΗΣ ΙΕΡΟΚΛΗΣ του Θεοδώρου,ΦΩΤΙΑΔΟΥ ΚΥΡΙΑΚΗ του Λεάνδρου,ΝΙΚΗ,ΘΕΟΔΩΡΙΔΗΣ ΑΛΕΞΑΝΔΡΟΣ του Κυριάκου,ΤΟΛΙΟΥ ΑΝΝΕΤΑ του Κωνσταντίνου,ΤΣΙΡΛΗΣ ΜΙΧΑΗΛ του Παναγιώτου,κοινωνία αξιών,ΜΑΥΡΙΔΗΣ ΠΡΟΔΡΟΜΟΣ του Δημητρίου,ΒΟΡΕΙΑ ΛΕΓΚΑ - ΚΡΑΜΑ,ΑΛΕΞΙΑΔΗΣ ΔΗΜΗΤΡΙΟΣ του Θεοδώρου,ΛΙΑΠΗΣ ΠΑΝΑΓΙΩΤΗΣ του Νικολάου,ΤΣΕΝΕΚΙΔΟΥ ΠΑΡΘΕΝΟΠΗ του Δημητρίου,Ο.Α.Κ.Κ.Ε.,ΠΕΤΡΙΔΟΥ ΕΛΕΝΗ του Λουκά,Μ-Λ Κ.Κ.Ε.,ΚΟΣΜΑ ΧΡΥΣΑΝΘΗ του Παναγιώτη,Ελλήνων Συνέλευσις,ΚΟΡΩΝΙΔΗΣ ΓΕΩΡΓΙΟΣ του Χρήστου,ΣΑΒΒΙΔΗΣ ΑΡΓΥΡΙΟΣ του Σάββα,ΣΑΜΑΡΑ ΠΕΤΡΙΝΑ του Δημητρίου,Ένωση Κεντρώων,ΒΑΣΙΛΕΙΑΔΟΥ - ΠΑΜΠΟΥΚΙΔΟΥ ΠΗΝΕΛΟΠΗ του Σωκράτη,ΤΣΑΚΩΝΑΣ ΧΡΙΣΤΟΦΟΡΟΣ (ΡΟΥΛΗΣ) του Χαράλαμπου,ΤΩΡΑ ΟΛΟΙ ΜΑΖΙ (Τ.ΟΛ.ΜΑ),ΣΙΜΕΝΤΕΡΙΑΔΗΣ ΝΕΚΤΑΡΙΟΣ του Ανέστη,ΣΥΜΜΑΧΙΑ ΑΝΑΤΡΟΠΗΣ,ΠΑΠΑΣ ΙΩΑΝΝΗΣ του Ευθυμίου,ΠΛΑΚΙΔΗΣ ΧΡΗΣΤΟΣ του Θεοδώρου,ΦΥΚΑ ΑΡΕΤΗ του Βασιλείου,ΠΝΟΗ ΔΗΜΟΚΡΑΤΙΑΣ,ΜΠΟΤΟΥΡΟΓΛΟΥ ΑΝΑΣΤΑΣΙΑ του Θωμά,ΠΡΑΣΙΝΟ ΚΙΝΗΜΑ,ΠΑΠΑΔΗΜΗΤΡΙΟΥ ΕΥΑΓΓΕΛΙΑ του Σπυρίδωνα,ΧΑΡΑΛΑΜΠΙΔΗΣ ΧΡΗΣΤΟΣ του Ανδρέα,Οικολόγοι Πράσινοι,ΚΥΡΓΙΑΦΙΝΗΣ ΑΘΑΝΑΣΙΟΣ του Κωνσταντίνου,ΕΝΟΤΗΤΑ - ΑΛΗΘΕΙΑ ΕΝ.Α,ΓΕΩΡΓΙΑΔΗΣ ΓΕΩΡΓΙΟΣ του Αποστόλου,Πλεύση Ελευθερίας - Ζωή Κωνστ.,ΓΡΑΜΜΑΤΙΚΟΠΟΥΛΟΣ ΒΑΣΙΛΕΙΟΣ του Κυριάκου
4 - Δράμας,1 E.T. Δήμου Δοξάτου,512,310,11,2,13,297,146,5,65,29,2,34,25,1,3,1,7,12,26,0,7,7,11,0,21,3,6,2,1,5,17,1,0,13,0,1,10,4,2,4,5,5,0,0,0,0,2,1,1,0,3,2,0,0,3,1,1,0,18,3,3,11,1,1,3,0,0,0,0,0,1,0,1,1,0,0,0,0,0,1,1,4,1,2,0,0,0,0,0,0,3,1,2,1,5,1
4 - Δράμας,2 E.T. Δήμου Δοξάτου,520,282,1,1,2,280,135,6,44,42,2,34,28,4,3,1,4,12,29,2,11,7,8,0,13,0,7,0,1,2,26,1,0,22,2,1,9,2,2,3,5,5,0,0,0,0,2,1,0,1,1,1,0,0,1,0,0,1,17,6,5,5,1,1,0,0,0,0,0,0,0,0,0,0,0,0,1,0,1,1,1,0,0,0,0,1,1,0,0,0,1,0,0,0,9,8
4 - Δράμας,3 E.T. Δήμου Δοξάτου,520,279,4,1,5,274,89,6,33,17,11,21,41,3,3,2,5,21,39,0,12,9,17,0,15,0,6,2,2,1,40,1,2,34,0,2,6,1,0,2,4,3,0,0,0,0,0,0,0,0,1,0,1,0,2,0,1,0,15,0,2,9,0,0,0,0,0,0,0,0,0,0,0,0,0,0,1,0,0,2,2,2,1,1,0,5,1,1,1,0,2,2,1,1,7,5
4 - Δράμας,4 E.T. Δήμου Δοξάτου,506,298,7,1,8,290,101,7,34,26,0,27,41,5,4,2,8,14,49,2,20,6,20,0,24,5,5,0,2,6,18,2,0,14,0,0,8,2,0,3,7,6,0,0,0,0,2,0,0,1,0,0,0,0,2,2,0,0,20,2,3,12,0,0,1,0,0,1,0,0,0,0,1,0,0,1,1,0,1,1,1,2,1,0,1,2,0,2,1,0,0,0,1,1,7,4
4 - Δράμας,5 E.T. Δήμου Δοξάτου,510,291,6,1,7,284,106,6,35,41,0,18,32,3,2,3,3,14,49,1,26,13,5,0,17,3,3,4,2,2,29,1,2,22,1,0,5,0,0,1,8,7,0,0,0,0,0,0,0,0,2,1,0,0,5,1,0,0,13,2,3,7,0,0,1,0,0,0,0,0,1,0,1,0,0,0,0,0,0,1,0,0,0,0,0,2,1,0,0,0,3,2,0,0,9,3
4 - Δράμας,6 E.T. Δήμου Δοξάτου,504,252,2,2,4,248,94,8,35,27,1,22,61,10,9,4,9,16,34,1,21,4,7,1,9,2,3,2,0,1,18,0,1,13,0,1,2,0,0,0,2,1,0,0,0,0,0,0,0,0,0,0,0,0,1,0,1,0,11,1,4,5,0,0,0,0,0,0,0,0,0,0,0,0,0,0,0,0,0,2,1,4,2,0,1,3,1,0,0,0,2,1,0,0,5,3
4 - Δράμας,7 E.T. Δήμου Δοξάτου,476,264,3,2,5,259,117,2,28,50,1,25,26,2,3,1,4,9,46,0,12,18,10,3,9,0,0,3,1,2,24,0,1,16,2,1,8,1,0,4,3,3,0,0,0,0,1,0,0,0,4,2,1,0,0,0,0,0,9,3,2,2,1,0,0,0,0,0,0,0,0,0,1,0,0,0,0,0,0,0,0,0,0,0,0,1,1,0,0,0,2,0,0,0,6,5
4 - Δράμας,8 E.T. Δήμου Δοξάτου,504,257,5,0,5,252,106,6,51,30,2,12,27,4,3,2,7,11,48,1,17,16,13,0,7,1,1,1,2,1,13,0,0,5,2,3,5,0,0,5,4,4,1,1,0,0,0,0,0,0,1,1,0,0,3,1,0,1,14,5,3,1,0,0,0,0,0,0,0,0,1,1,1,0,1,0,0,0,0,1,1,2,0,0,0,0,0,2,0,2,1,1,0,0,15,15
4 - Δράμας,9 E.T. Δήμου Δοξάτου,511,276,4,3,7,269,110,6,48,42,1,11,45,10,8,3,4,16,36,0,10,11,13,1,11,2,3,2,2,0,20,2,2,8,4,3,9,3,0,6,5,4,0,0,0,0,0,0,0,0,2,1,1,0,1,0,1,0,14,3,4,5,0,0,0,0,0,0,0,0,0,0,2,2,0,0,2,0,0,1,0,0,0,0,0,1,1,1,0,0,2,2,3,2,3,2
4 - Δράμας,10 E.T. Δήμου Δοξάτου,503,260,6,0,6,254,101,7,52,30,0,8,35,4,9,2,8,11,47,1,23,13,5,0,18,3,4,5,0,1,14,1,0,6,3,2,2,1,0,1,4,4,1,1,0,0,0,0,0,0,0,0,2,1,0,0,0,0,10,3,5,0,0,0,0,0,0,0,0,0,0,0,1,0,0,0,1,0,1,0,0,3,1,2,0,3,3,0,0,0,1,1,0,0,11,7
4 - Δράμας,11 E.T. Δήμου Δοξάτου,511,239,3,1,4,235,99,2,48,34,1,10,27,8,5,3,5,4,29,1,16,9,1,1,2,0,0,0,1,1,23,1,1,9,8,1,17,0,1,16,3,3,0,0,0,0,1,0,0,0,1,1,2,2,2,0,0,0,11,3,4,2,0,0,1,0,0,1,0,0,0,0,0,0,0,0,2,0,1,0,0,2,0,0,0,2,2,1,1,0,1,1,2,1,7,6
4 - Δράμας,12 E.T. Δήμου Δοξάτου,512,283,4,0,4,279,132,4,51,49,2,21,38,5,6,5,6,16,37,2,7,19,8,0,8,0,4,3,0,0,19,1,2,9,2,2,9,1,0,6,3,3,0,0,0,0,0,0,0,0,0,0,0,0,2,0,1,1,14,1,4,6,1,1,0,0,0,0,0,0,1,1,1,1,0,0,4,0,4,0,0,1,1,0,0,1,1,1,1,0,2,2,0,0,5,5
4 - Δράμας,13 E.T. Δήμου Δοξάτου,512,285,5,1,6,279,98,6,34,33,3,19,37,8,8,1,4,10,42,0,8,10,22,1,11,1,3,1,3,0,29,6,1,12,3,1,7,1,0,6,2,2,0,0,0,0,0,0,0,0,0,0,0,0,2,1,1,0,26,8,6,10,0,0,0,0,0,0,0,0,0,0,2,0,1,0,1,0,1,0,0,1,0,0,1,0,0,0,0,0,1,0,1,1,19,15
4 - Δράμας,14 E.T. Δήμου Δοξάτου,506,267,8,2,10,257,92,6,31,33,2,16,41,4,12,7,5,11,45,1,23,12,8,0,8,1,0,0,2,1,20,3,0,7,1,6,9,0,0,9,8,7,1,1,0,0,2,1,0,1,1,0,0,0,4,1,3,0,5,1,0,1,0,0,0,0,0,0,0,0,0,0,3,2,0,1,6,0,5,0,0,5,0,4,0,1,1,1,1,0,0,0,1,0,4,4
4 - Δράμας,15 E.T. Δήμου Δοξάτου,476,259,2,2,4,255,103,3,43,45,0,7,42,8,3,12,7,8,40,0,17,8,14,0,6,1,2,0,0,1,19,2,0,10,0,5,3,0,0,1,9,7,0,0,0,0,0,0,0,0,0,0,1,1,6,3,0,0,10,1,3,4,0,0,0,0,0,0,0,0,1,1,0,0,0,0,2,0,1,1,1,4,0,1,3,1,1,0,0,0,0,0,0,0,7,3
4 - Δράμας,16 E.T. Δήμου Δοξάτου,480,263,2,0,2,261,111,3,32,55,4,14,28,5,3,7,5,2,56,0,22,6,27,0,12,2,0,0,7,1,15,0,0,10,0,3,3,0,0,2,10,8,0,0,0,0,0,0,0,0,0,0,1,0,4,1,1,1,9,2,2,4,0,0,1,0,0,1,0,0,0,0,2,1,0,0,3,0,3,0,0,2,0,1,0,1,0,0,0,0,2,1,0,0,1,0
4 - Δράμας,17 E.T. Δήμου Δοξάτου,468,190,0,1,1,189,68,1,27,28,5,4,19,1,9,1,1,5,65,0,52,5,7,0,0,0,0,0,0,0,11,1,1,3,3,2,2,0,1,1,3,2,0,0,0,0,0,0,0,0,4,2,0,0,1,0,1,0,9,2,2,2,0,0,0,0,0,0,0,0,1,1,0,0,0,0,0,0,0,2,2,0,0,0,0,0,0,0,0,0,1,1,0,0,3,3
4 - Δράμας,18 E.T. Δήμου Δοξάτου,479,214,4,1,5,209,46,3,11,14,0,11,22,1,6,2,1,11,107,0,96,2,9,0,2,0,1,1,0,0,8,2,0,3,0,1,3,0,0,2,4,4,0,0,0,0,0,0,0,0,1,1,2,2,3,2,1,0,2,0,1,0,0,0,0,0,0,0,0,0,0,0,0,0,0,0,0,0,0,1,0,2,0,1,0,2,1,1,0,0,0,0,0,0,3,3
4 - Δράμας,19 E.T. Δήμου Δοξάτου,478,196,0,1,1,195,60,4,22,20,1,8,28,1,13,1,2,8,57,0,50,0,6,0,5,1,1,1,0,0,15,0,1,8,1,0,7,0,0,7,3,3,0,0,0,0,0,0,0,0,0,0,0,0,2,0,2,0,8,3,3,2,0,0,0,0,0,0,0,0,0,0,1,0,1,0,1,1,0,0,0,1,1,0,0,1,1,0,0,0,1,0,0,0,5,3
4 - Δράμας,20 E.T. Δήμου Δοξάτου,475,188,4,0,4,184,52,3,13,15,1,17,18,1,3,1,4,7,70,1,52,9,2,1,6,1,1,0,1,1,13,2,2,5,2,1,0,0,0,0,3,3,0,0,0,0,0,0,0,0,2,1,0,0,2,1,0,0,14,2,6,5,0,0,0,0,0,0,1,0,0,0,0,0,0,0,1,0,1,0,0,0,0,0,0,1,0,0,0,0,0,0,0,0,1,0
4 - Δράμας,21 E.T. Δήμου Δοξάτου,447,188,1,1,2,186,64,7,19,19,2,5,20,1,9,1,1,6,62,2,50,7,2,0,3,0,0,0,1,1,13,3,0,3,2,0,6,1,3,2,4,4,0,0,0,0,0,0,0,0,0,0,0,0,1,0,1,0,7,4,1,1,0,0,1,1,0,0,0,0,0,0,0,0,0,0,1,0,1,1,1,1,0,0,0,0,0,0,0,0,0,0,2,2,0,0
4 - Δράμας,22 E.T. Δήμου Δοξάτου,441,180,2,1,3,177,34,3,15,8,1,2,14,0,7,0,0,5,67,0,53,7,5,1,5,3,1,0,1,0,24,1,1,7,7,3,5,0,2,3,2,1,0,0,0,0,0,0,0,0,2,1,0,0,4,1,3,0,2,0,1,1,1,1,1,1,0,0,0,0,0,0,0,0,0,0,0,0,0,2,2,1,1,0,0,3,2,0,0,0,1,1,1,1,8,4
4 - Δράμας,23 E.T. Δήμου Δοξάτου,403,187,2,0,2,185,56,3,24,17,1,8,27,2,11,3,1,6,55,0,40,8,3,0,12,3,0,1,1,2,8,2,0,6,0,0,4,0,1,1,6,6,1,0,0,0,0,0,0,0,3,1,0,0,3,0,3,0,4,1,1,0,0,0,0,0,0,0,0,0,0,0,0,0,0,0,0,0,0,0,0,0,0,0,0,1,1,0,0,0,1,1,1,0,3,3
4 - Δράμας,24 E.T. Δήμου Δοξάτου,266,125,1,0,1,124,36,7,12,9,0,7,25,0,12,1,1,10,24,1,16,4,2,0,3,0,1,0,0,1,12,0,0,10,0,0,6,3,1,0,2,2,0,0,0,0,0,0,0,0,0,0,0,0,2,0,1,1,5,1,3,1,0,0,0,0,0,0,0,0,0,0,0,0,0,0,0,0,0,0,0,0,0,0,0,2,2,0,0,0,2,1,1,1,4,3
4 - Δράμας,25 E.T. Δήμου Δοξάτου,317,144,5,1,6,138,54,2,26,13,4,2,21,1,6,0,1,11,24,0,16,6,1,0,4,0,0,0,0,0,11,1,0,5,4,1,6,3,0,3,0,0,0,0,0,0,0,0,0,0,0,0,0,0,3,1,0,2,3,0,0,3,0,0,0,0,0,0,0,0,0,0,0,0,0,0,1,1,0,0,0,1,0,0,0,2,2,0,0,0,0,0,1,1,7,3
4 - Δράμας,26 E.T. Δήμου Δοξάτου,523,180,4,0,4,176,57,6,17,20,1,7,21,1,14,0,1,1,49,0,38,1,9,0,5,1,1,1,1,0,13,3,2,5,0,0,2,0,0,0,1,1,0,0,0,0,0,0,0,0,0,0,0,0,2,1,0,0,11,3,2,3,0,0,2,0,1,1,0,0,0,0,0,0,0,0,1,0,1,0,0,2,0,0,1,1,1,1,1,0,2,1,1,1,5,4
4 - Δράμας,27 E.T. Δήμου Δοξάτου,524,315,5,1,6,309,153,31,79,18,1,14,26,2,3,1,4,10,49,2,18,12,13,2,11,1,1,3,1,2,22,5,2,3,5,4,3,2,0,0,3,2,0,0,0,0,0,0,0,0,1,0,3,3,2,1,0,0,14,2,4,8,0,0,0,0,0,0,0,0,0,0,1,1,0,0,0,0,0,0,0,2,1,1,0,1,1,2,1,0,2,2,2,1,12,9
4 - Δράμας,28 E.T. Δήμου Δοξάτου,516,261,2,2,4,257,136,26,81,15,1,8,36,7,2,3,2,16,28,0,18,5,5,0,4,0,2,0,0,1,8,3,0,0,1,2,7,3,1,0,2,2,1,1,0,0,1,0,1,0,3,3,0,0,4,1,1,0,11,4,3,4,1,1,0,0,0,0,0,0,0,0,0,0,0,0,3,0,1,3,3,0,0,0,0,1,1,1,0,1,2,2,0,0,5,5
4 - Δράμας,29 E.T. Δήμου Δοξάτου,529,292,4,1,5,287,127,18,73,24,0,7,27,5,1,2,1,9,60,0,9,26,24,0,7,3,1,0,1,0,21,1,3,8,2,6,1,0,0,1,3,1,0,0,0,0,0,0,0,0,1,0,1,0,4,1,0,3,13,7,2,2,0,0,5,2,2,0,0,0,0,0,0,0,0,0,1,0,0,1,1,1,0,1,0,2,2,0,0,0,1,0,0,0,11,10
4 - Δράμας,30 E.T. Δήμου Δοξάτου,519,309,5,0,5,304,167,27,96,29,0,12,15,1,4,0,0,5,33,1,5,5,22,0,5,0,1,0,0,0,26,14,1,3,1,0,6,2,2,0,3,1,0,0,0,0,1,0,1,0,2,2,0,0,1,0,0,0,24,5,12,3,0,0,0,0,0,0,0,0,0,0,0,0,0,0,2,1,0,3,3,0,0,0,0,2,2,1,1,0,5,5,1,1,7,6
4 - Δράμας,31 E.T. Δήμου Δοξάτου,518,294,16,0,16,278,145,36,66,30,1,8,30,3,8,3,4,6,38,0,9,11,17,0,9,1,3,1,1,1,15,7,1,3,1,1,8,3,1,2,1,1,0,0,0,0,3,1,2,0,2,2,1,1,1,1,0,0,11,1,2,6,0,0,0,0,0,0,0,0,0,0,0,0,0,0,2,1,0,1,1,2,0,1,0,0,0,0,0,0,0,0,0,0,9,7
4 - Δράμας,32 E.T. Δήμου Δοξάτου,511,293,6,1,7,286,162,37,85,24,4,12,22,1,0,0,6,10,39,3,10,8,17,0,7,1,1,1,1,1,27,7,0,10,3,2,3,1,1,1,2,2,1,1,0,0,0,0,0,0,0,0,0,0,1,0,0,0,8,1,1,2,1,1,0,0,0,0,1,0,0,0,0,0,0,0,1,0,0,2,2,4,1,1,1,1,1,0,0,0,1,0,0,0,3,2
4 - Δράμας,33 E.T. Δήμου Δοξάτου,533,280,2,2,4,276,119,20,60,28,1,6,32,2,7,6,4,9,43,0,18,14,9,1,7,1,2,2,0,0,31,6,0,6,4,2,5,4,0,0,4,4,2,1,0,0,0,0,0,0,4,4,0,0,1,1,0,0,6,0,3,3,1,0,1,0,0,1,0,0,1,0,1,0,0,0,1,1,0,2,2,1,0,0,0,3,2,1,1,0,3,2,0,0,7,6
4 - Δράμας,34 E.T. Δήμου Δοξάτου,296,203,2,0,2,201,100,23,35,26,1,9,25,3,0,1,10,7,27,1,2,10,11,2,4,0,2,1,0,0,12,4,0,3,1,1,1,0,0,1,3,2,0,0,0,0,0,0,0,0,0,0,0,0,5,3,1,0,10,2,3,4,0,0,1,1,0,0,0,0,0,0,0,0,0,0,0,0,0,0,0,2,2,0,0,2,2,0,0,0,2,1,0,0,7,5
4 - Δράμας,35 E.T. Δήμου Δοξάτου,280,169,5,5,10,159,81,11,25,34,0,8,13,0,3,0,0,7,28,0,6,8,10,1,5,1,1,0,1,1,5,2,0,1,1,1,3,2,0,1,3,3,0,0,0,0,0,0,0,0,0,0,0,0,4,1,1,2,6,1,0,2,0,0,1,1,0,0,0,0,1,1,0,0,0,0,0,0,0,0,0,2,0,0,1,3,3,0,0,0,1,0,1,1,2,1
4 - Δράμας,36 E.T. Δήμου Δοξάτου,512,284,1,1,2,282,102,6,38,34,0,16,28,0,6,1,2,14,72,3,15,18,33,0,7,5,1,0,0,0,24,2,1,13,1,3,6,2,0,1,3,3,0,0,0,0,0,0,0,0,3,0,1,0,2,1,0,1,13,5,1,4,0,0,0,0,0,0,0,0,0,0,0,0,0,0,0,0,0,0,0,0,0,0,0,3,2,1,0,1,1,0,0,0,16,12
4 - Δράμας,37 E.T. Δήμου Δοξάτου,486,259,3,1,4,255,100,10,55,29,0,3,37,2,3,1,5,23,54,0,8,23,23,0,3,1,1,0,0,0,29,7,0,17,0,3,9,3,1,2,1,1,0,0,0,0,0,0,0,0,1,0,1,1,1,0,1,0,6,3,0,1,0,0,0,0,0,0,0,0,0,0,0,0,0,0,0,0,0,2,0,2,0,2,0,0,0,1,1,0,2,2,0,0,6,6
4 - Δράμας,38 E.T. Δήμου Δοξάτου,371,214,7,1,8,206,81,20,25,22,0,10,25,2,3,1,5,8,59,1,18,19,20,0,11,0,1,4,0,4,11,1,1,6,0,0,3,0,0,3,3,2,1,0,0,0,0,0,0,0,1,0,0,0,1,0,0,0,4,2,0,0,0,0,1,0,0,0,0,0,1,0,0,0,0,0,2,0,1,0,0,0,0,0,0,0,0,1,0,0,0,0,0,0,1,0
4 - Δράμας,39 E.T. Δήμου Δοξάτου,360,220,5,1,6,214,87,3,40,27,2,10,31,4,6,3,3,9,59,0,5,19,32,0,3,0,0,2,0,0,14,3,0,5,2,1,3,2,0,1,1,1,0,0,0,0,1,0,0,0,0,0,0,0,0,0,0,0,6,3,1,1,0,0,0,0,0,0,0,0,0,0,0,0,0,0,0,0,0,0,0,0,0,0,0,2,1,2,0,1,2,2,0,0,3,1
4 - Δράμας,40 E.T. Δήμου Δοξάτου,554,256,2,0,2,254,88,17,40,20,1,7,36,5,4,2,10,7,60,1,19,20,15,2,25,4,6,2,2,6,12,2,1,7,0,0,5,1,2,0,5,4,0,0,0,0,1,0,0,0,3,1,1,1,3,1,1,0,7,2,1,4,0,0,0,0,0,0,0,0,0,0,2,0,0,1,0,0,0,1,1,0,0,0,0,2,1,0,0,0,1,1,0,0,2,2
4 - Δράμας,41 E.T. Δήμου Δοξάτου,560,275,2,0,2,273,101,8,42,30,1,12,28,1,1,3,6,15,71,0,21,23,24,0,16,1,2,1,5,4,13,1,0,5,1,2,6,3,0,2,9,8,0,0,1,0,1,0,0,1,1,0,0,0,2,1,1,0,9,0,5,3,0,0,0,0,0,0,0,0,0,0,5,5,0,0,3,1,1,1,1,0,0,0,0,1,1,0,0,0,2,1,0,0,3,3
4 - Δράμας,42 E.T. Δήμου Δράμας,504,317,5,0,5,312,111,6,26,41,7,18,57,5,0,0,16,31,51,1,20,14,12,0,14,6,0,2,3,3,14,1,2,3,4,0,15,7,1,0,3,3,0,0,0,0,0,0,0,0,0,0,0,0,4,2,1,0,16,1,5,7,0,0,0,0,0,0,0,0,0,0,0,0,0,0,1,0,0,3,2,2,2,0,0,6,5,1,1,0,3,2,2,2,9,8
4 - Δράμας,43 E.T. Δήμου Δράμας,502,317,5,1,6,311,98,10,24,32,3,21,58,4,2,1,9,31,56,1,14,21,11,7,21,3,6,3,2,2,13,2,0,4,1,1,8,2,3,1,1,1,0,0,0,0,5,1,2,0,0,0,0,0,1,0,0,0,26,2,8,11,0,0,0,0,0,0,0,0,0,0,2,1,1,0,2,1,0,0,0,9,1,1,1,2,2,0,0,0,2,1,0,0,7,7
4 - Δράμας,44 E.T. Δήμου Δράμας,515,337,9,0,9,328,111,5,24,43,4,27,48,1,2,2,11,27,73,5,14,35,17,1,10,0,0,2,1,3,24,6,0,11,4,0,10,3,1,3,1,0,1,1,0,0,3,0,2,1,1,1,2,2,2,0,2,0,26,3,3,18,0,0,0,0,0,0,1,0,2,0,0,0,0,0,0,0,0,0,0,3,2,0,0,1,1,0,0,0,1,1,1,0,7,6
4 - Δράμας,45 E.T. Δήμου Δράμας,509,306,12,0,12,294,111,10,33,40,2,16,44,7,0,1,10,21,55,4,17,11,22,0,11,1,1,4,0,1,12,5,0,1,0,2,2,0,0,1,2,2,0,0,0,0,0,0,0,0,0,0,0,0,7,2,1,0,27,3,1,20,0,0,1,0,0,1,0,0,0,0,3,1,1,1,0,0,0,4,4,2,2,0,0,3,2,0,0,0,2,1,1,0,7,6
4 - Δράμας,46 E.T. Δήμου Δράμας,504,296,4,3,7,289,129,13,37,35,3,33,37,3,1,0,3,26,55,5,12,17,13,5,7,0,0,2,0,1,14,5,0,2,3,2,5,1,0,0,2,2,0,0,0,0,0,0,0,0,2,1,0,0,1,0,1,0,19,1,2,12,0,0,1,1,0,0,0,0,1,1,0,0,0,0,0,0,0,0,0,3,0,1,0,2,2,2,1,0,1,1,0,0,8,6
4 - Δράμας,47 E.T. Δήμου Δράμας,502,336,2,0,2,334,118,3,34,50,3,21,74,3,4,5,15,36,58,1,12,22,19,0,15,2,2,1,3,3,7,2,1,2,0,0,8,3,1,1,3,3,1,1,0,0,1,0,0,1,0,0,3,2,2,0,1,0,15,3,4,6,0,0,1,0,0,0,0,0,0,0,0,0,0,0,0,0,0,0,0,1,1,0,0,5,4,0,0,0,2,2,2,2,18,8
4 - Δράμας,48 E.T. Δήμου Δράμας,509,317,6,1,7,310,109,6,25,37,1,27,73,3,0,3,13,53,42,0,6,15,15,1,11,1,3,0,2,3,18,4,3,4,2,2,8,5,1,0,3,2,0,0,0,0,1,0,1,0,2,2,2,1,2,1,1,0,21,2,2,14,0,0,1,1,0,0,0,0,0,0,0,0,0,0,0,0,0,1,1,1,1,0,0,2,2,0,0,0,2,1,0,0,11,8
4 - Δράμας,49 E.T. Δήμου Δράμας,506,321,9,3,12,309,86,7,26,25,4,18,56,0,3,4,10,36,49,4,15,17,11,0,13,1,1,2,2,3,15,1,1,5,1,3,9,2,0,2,2,2,0,0,0,0,0,0,0,0,5,1,6,3,4,3,0,1,17,2,2,10,0,0,0,0,0,0,0,0,1,1,0,0,0,0,0,0,0,1,1,9,0,1,2,6,4,2,1,1,6,2,6,4,16,12
4 - Δράμας,50 E.T. Δήμου Δράμας,510,326,1,1,2,324,129,8,31,28,3,38,43,2,1,2,8,26,44,4,7,11,20,1,13,2,1,3,6,0,24,5,3,6,2,1,9,3,0,2,2,2,1,0,0,0,0,0,0,0,0,0,0,0,2,1,1,0,32,5,7,16,1,1,0,0,0,0,0,0,0,0,2,1,0,1,2,1,0,1,1,4,3,0,1,0,0,0,0,0,1,1,2,2,12,7
4 - Δράμας,51 E.T. Δήμου Δράμας,521,328,4,4,8,320,108,8,25,32,2,28,77,2,3,2,10,51,41,1,7,14,17,0,18,4,0,3,4,1,21,0,2,10,6,2,9,7,0,0,5,4,0,0,1,1,1,0,0,0,1,1,0,0,1,1,0,0,21,0,2,16,0,0,0,0,0,0,0,0,0,0,0,0,0,0,1,1,0,1,0,1,0,0,0,4,2,0,0,0,0,0,1,0,8,5
4 - Δράμας,52 E.T. Δήμου Δράμας,504,316,5,1,6,310,125,7,32,35,3,30,43,2,1,4,6,24,41,0,5,21,11,1,13,1,2,2,2,4,25,11,1,5,4,1,8,6,1,0,2,2,0,0,0,0,1,0,0,0,2,2,1,0,1,0,1,0,30,5,5,15,0,0,2,0,0,1,0,0,0,0,0,0,0,0,0,0,0,0,0,3,0,3,0,1,1,2,0,1,1,0,0,0,9,7
4 - Δράμας,53 E.T. Δήμου Δράμας,482,308,3,3,6,302,125,4,46,39,2,20,51,5,0,6,2,29,42,1,5,15,17,0,17,2,3,3,3,3,18,9,0,1,0,4,7,2,2,0,2,1,0,0,0,0,0,0,0,0,2,1,4,1,1,0,0,0,9,0,3,5,2,2,1,0,0,0,0,0,0,0,0,0,0,0,6,3,0,0,0,2,1,1,0,4,4,1,1,0,4,2,0,0,4,4
4 - Δράμας,54 E.T. Δήμου Δράμας,514,315,11,0,11,304,116,5,29,45,2,23,44,9,6,1,3,20,35,4,9,12,6,2,13,3,2,2,2,1,22,7,0,7,1,0,3,3,0,0,5,4,0,0,0,0,4,3,0,0,1,1,1,0,4,0,1,1,25,4,8,9,1,0,0,0,0,0,0,0,0,0,0,0,0,0,3,1,2,2,2,4,1,1,2,2,1,2,1,0,5,4,3,2,9,5
4 - Δράμας,55 E.T. Δήμου Δράμας,514,316,6,0,6,310,99,4,35,27,0,27,63,2,5,6,13,29,44,2,7,9,24,0,16,4,2,0,4,1,21,2,0,8,6,2,6,3,1,1,3,3,0,0,0,0,1,0,0,1,2,1,0,0,8,5,2,1,14,3,2,7,0,0,1,0,1,0,0,0,0,0,0,0,0,0,2,2,0,2,0,4,2,1,0,2,2,1,0,0,3,2,6,3,12,9
4 - Δράμας,56 E.T. Δήμου Δράμας,515,309,4,0,4,305,120,9,34,46,3,18,46,4,0,5,8,19,57,3,17,18,15,1,14,0,0,3,2,2,13,2,0,2,1,2,8,0,2,2,6,6,0,0,0,0,2,0,0,1,2,1,1,0,4,0,0,0,17,2,4,9,1,0,0,0,0,0,0,0,0,0,0,0,0,0,0,0,0,3,3,1,1,0,0,1,1,3,0,0,0,0,1,0,5,2
4 - Δράμας,57 E.T. Δήμου Δράμας,514,300,3,3,6,294,112,2,29,37,2,22,52,10,1,3,11,22,32,0,7,15,6,2,9,2,3,1,1,0,19,5,0,3,4,5,6,0,1,3,2,1,0,0,0,0,1,0,0,1,4,1,0,0,5,5,0,0,28,1,5,21,0,0,1,0,0,0,0,0,1,0,0,0,0,0,3,1,0,0,0,3,0,1,0,4,3,1,0,0,3,2,0,0,8,6
4 - Δράμας,58 E.T. Δήμου Δράμας,511,313,4,0,4,309,98,9,28,28,2,21,54,6,2,4,6,27,47,3,9,13,14,3,8,1,1,2,2,1,28,7,3,4,5,3,13,4,7,1,4,2,0,0,0,0,1,0,0,0,1,1,0,0,4,0,0,0,27,5,5,13,2,2,1,1,0,0,0,0,0,0,1,1,0,0,0,0,0,2,2,1,0,0,0,3,2,0,0,0,4,3,0,0,10,5
4 - Δράμας,59 E.T. Δήμου Δράμας,520,305,10,3,13,292,102,8,28,36,1,19,55,1,2,1,11,34,45,3,5,12,18,3,11,1,0,2,2,3,20,5,0,9,2,2,11,7,0,1,2,1,0,0,0,0,0,0,0,0,5,5,3,3,3,2,0,0,10,3,1,5,0,0,1,0,0,1,0,0,1,1,0,0,0,0,0,0,0,1,1,6,1,2,1,6,3,1,1,0,1,1,0,0,8,3
4 - Δράμας,60 E.T. Δήμου Δράμας,530,332,4,2,6,326,125,10,32,38,5,23,58,2,3,1,14,31,44,0,10,19,13,0,13,3,1,1,1,3,20,4,3,4,2,1,10,4,2,1,6,6,0,0,0,0,0,0,0,0,2,1,1,0,5,2,2,1,24,3,3,13,1,0,1,0,0,1,1,0,0,0,1,0,1,0,0,0,0,1,0,3,1,2,0,4,3,0,0,0,0,0,1,0,5,2
4 - Δράμας,61 E.T. Δήμου Δράμας,527,319,6,1,7,312,112,4,29,49,4,19,55,9,2,5,4,29,55,4,11,20,15,1,8,2,2,1,1,0,24,9,0,6,3,0,4,1,1,0,3,1,0,0,0,0,0,0,0,0,2,2,3,1,2,0,0,1,19,3,5,5,0,0,0,0,0,0,0,0,0,0,0,0,0,0,0,0,0,3,1,3,0,0,2,4,2,1,1,0,2,2,0,0,12,7
4 - Δράμας,62 E.T. Δήμου Δράμας,509,299,6,1,7,292,131,7,44,36,5,20,47,6,2,1,7,27,28,0,7,13,6,0,9,0,2,2,2,2,14,3,0,3,3,0,7,3,1,1,7,6,0,0,0,0,0,0,0,0,4,4,1,0,2,0,0,1,11,2,1,2,0,0,0,0,0,0,0,0,1,0,0,0,0,0,3,1,0,3,3,7,3,2,0,3,3,1,1,0,3,1,2,2,8,4
4 - Δράμας,63 E.T. Δήμου Δράμας,521,314,7,6,13,301,104,12,24,37,2,19,50,4,4,3,6,28,44,3,8,16,12,4,12,1,2,3,2,2,11,2,0,2,5,1,4,2,0,1,7,6,0,0,0,0,3,2,1,0,1,1,1,1,4,2,2,0,31,4,4,16,0,0,0,0,0,0,0,0,0,0,0,0,0,0,3,1,0,3,2,3,1,0,0,1,1,3,1,0,4,2,1,1,11,5
4 - Δράμας,64 E.T. Δήμου Δράμας,512,310,16,1,17,293,114,6,26,26,2,48,56,10,2,0,8,31,38,1,5,10,20,2,9,3,2,0,1,0,17,2,0,5,4,3,6,2,1,1,7,7,0,0,0,0,2,0,0,1,3,3,3,2,1,0,0,0,14,1,3,10,1,0,0,0,0,0,0,0,0,0,1,1,0,0,1,1,0,0,0,3,0,1,2,1,1,2,2,0,6,4,0,0,8,5
4 - Δράμας,65 E.T. Δήμου Δράμας,490,323,5,6,11,312,140,4,37,60,1,27,55,5,6,2,9,26,47,5,6,18,14,3,7,1,2,1,0,3,7,2,1,1,1,1,4,1,0,1,2,2,0,0,0,0,5,0,0,3,2,1,0,0,2,1,1,0,20,3,4,9,1,1,0,0,0,0,0,0,1,0,1,0,0,1,1,0,0,1,0,2,2,0,0,0,0,1,0,1,8,5,2,0,3,0
4 - Δράμας,66 E.T. Δήμου Δράμας,543,321,5,1,6,315,110,3,30,24,7,35,49,4,1,5,16,19,53,1,9,24,18,0,14,6,6,0,1,1,28,9,2,12,3,2,10,7,3,0,3,3,0,0,0,0,1,1,0,0,1,1,0,0,4,2,2,0,21,3,4,14,1,1,1,1,0,0,0,0,1,1,0,0,0,0,1,1,0,0,0,1,0,1,0,5,5,0,0,0,3,3,0,0,8,8
4 - Δράμας,67 E.T. Δήμου Δράμας,556,344,8,0,8,336,130,9,39,42,4,26,64,6,1,1,13,36,56,1,16,16,18,2,17,3,4,2,2,2,12,4,0,3,1,1,8,1,0,1,2,2,0,0,0,0,2,0,0,1,1,0,4,4,4,3,0,1,17,3,4,6,1,1,1,0,0,1,0,0,0,0,1,0,0,0,1,0,1,1,1,4,3,0,1,1,0,0,0,0,2,2,2,1,5,5
4 - Δράμας,68 E.T. Δήμου Δράμας,541,328,11,1,12,316,107,6,31,28,1,20,62,6,4,3,5,38,51,4,10,18,16,3,19,0,4,3,3,2,15,1,0,6,4,1,10,3,0,2,3,3,0,0,0,0,0,0,0,0,1,1,1,0,6,3,0,0,11,1,2,8,1,1,1,0,1,0,0,0,0,0,0,0,0,0,1,0,0,0,0,6,3,1,2,4,1,2,0,0,4,0,1,1,10,3
4 - Δράμας,69 E.T. Δήμου Δράμας,548,339,10,1,11,328,99,4,16,47,1,25,61,7,2,3,12,29,51,2,9,23,9,0,17,3,2,2,4,2,21,8,1,6,2,0,7,2,1,0,2,0,0,0,0,0,0,0,0,0,1,1,0,0,5,3,1,0,28,5,8,13,0,0,0,0,0,0,0,0,0,0,1,1,0,0,1,0,0,0,0,7,2,2,0,6,3,1,0,0,4,2,0,0,16,13
4 - Δράμας,70 E.T. Δήμου Δράμας,540,341,6,1,7,334,121,10,32,36,1,32,54,0,2,5,8,25,62,3,23,12,18,1,19,5,2,2,3,0,20,6,1,4,4,4,6,1,2,0,2,2,0,0,0,0,1,0,0,0,2,1,0,0,3,3,0,0,18,4,6,6,2,2,0,0,0,0,0,0,0,0,2,1,0,0,3,1,1,0,0,4,0,2,0,3,2,0,0,0,2,2,1,0,9,5
4 - Δράμας,71 E.T. Δήμου Δράμας,538,327,5,1,6,321,131,8,33,31,5,37,43,2,1,1,10,23,40,2,8,14,13,0,15,1,2,0,7,2,20,4,0,5,4,3,8,3,1,1,2,2,1,0,0,0,0,0,0,0,1,0,2,2,4,0,2,0,15,3,5,5,4,3,0,0,0,0,0,0,0,0,0,0,0,0,2,1,1,2,2,4,0,2,1,2,0,0,0,0,3,2,1,1,21,4
4 - Δράμας,72 E.T. Δήμου Δράμας,539,358,4,2,6,352,132,4,26,42,6,31,77,10,4,0,8,42,44,1,6,25,11,0,11,3,2,1,0,3,19,5,3,3,2,3,7,4,1,1,5,4,1,1,0,0,1,1,0,0,7,5,0,0,2,1,1,0,17,3,4,8,0,0,1,0,0,1,0,0,0,0,0,0,0,0,0,0,0,1,1,8,5,1,1,5,3,4,3,0,0,0,2,1,8,6
4 - Δράμας,73 E.T. Δήμου Δράμας,531,334,6,2,8,326,120,6,23,43,3,28,42,3,3,2,8,19,46,3,11,12,13,1,17,1,1,5,3,4,21,6,0,7,4,1,8,2,1,0,7,6,0,0,0,0,1,0,0,0,2,1,3,2,7,4,0,2,22,5,6,9,0,0,1,0,0,0,0,0,0,0,0,0,0,0,3,1,1,2,0,7,2,3,0,6,5,2,0,0,4,2,0,0,5,3
4 - Δράμας,74 E.T. Δήμου Δράμας,539,335,6,1,7,328,131,7,25,44,4,38,55,2,2,2,10,29,58,5,15,14,20,0,10,1,0,2,2,3,21,12,1,1,1,1,7,4,1,1,3,2,0,0,0,0,2,1,0,1,1,0,1,1,6,2,1,0,11,1,2,5,0,0,1,1,0,0,0,0,0,0,0,0,0,0,0,0,0,0,0,7,2,1,1,1,1,0,0,0,1,0,0,0,12,9
4 - Δράμας,75 E.T. Δήμου Δράμας,541,324,1,3,4,320,150,8,37,41,4,43,35,2,2,4,4,16,54,0,18,14,21,0,13,1,4,1,2,3,11,2,0,6,2,0,10,4,1,1,4,4,1,0,0,0,0,0,0,0,2,2,0,0,4,4,0,0,18,2,9,6,0,0,1,0,0,0,0,0,1,1,0,0,0,0,0,0,0,2,1,4,3,1,0,3,3,1,1,0,1,1,0,0,5,4
4 - Δράμας,76 E.T. Δήμου Δράμας,489,305,4,2,6,299,111,7,31,33,5,25,47,3,2,3,7,28,51,3,12,22,9,2,11,2,1,0,0,1,15,5,1,4,3,1,12,4,0,5,6,0,0,0,0,0,1,0,1,0,3,3,1,1,4,1,3,0,17,3,5,7,0,0,0,0,0,0,0,0,0,0,0,0,0,0,3,2,0,0,0,2,1,1,0,3,2,1,0,0,4,2,0,0,7,4
4 - Δράμας,77 E.T. Δήμου Δράμας,282,117,0,1,1,116,57,0,39,11,0,3,14,1,0,0,0,13,8,0,0,2,6,0,1,0,0,1,0,0,10,4,0,4,2,0,0,0,0,0,4,3,0,0,0,0,0,0,0,0,0,0,0,0,2,0,1,1,7,2,2,1,0,0,1,1,0,0,0,0,1,1,1,1,0,0,0,0,0,1,1,0,0,0,0,0,0,2,0,1,1,0,0,0,6,5
4 - Δράμας,78 E.T. Δήμου Δράμας,527,305,6,3,9,296,99,4,20,24,0,40,49,3,4,4,6,25,58,2,23,15,14,1,10,2,3,1,0,0,18,4,0,6,2,3,10,1,3,2,1,1,2,0,0,0,0,0,0,0,4,3,1,0,5,0,4,0,15,2,1,8,0,0,4,4,0,0,0,0,0,0,2,1,1,0,5,0,2,2,2,0,0,0,0,0,0,1,0,0,2,1,0,0,8,4
4 - Δράμας,79 E.T. Δήμου Δράμας,517,335,6,2,8,327,138,8,44,41,2,31,43,1,1,1,5,30,62,2,15,21,15,5,16,0,2,1,4,5,15,0,1,6,3,1,4,2,0,1,2,2,0,0,0,0,2,0,0,0,1,1,0,0,5,2,3,0,13,3,3,5,0,0,1,1,0,0,0,0,0,0,0,0,0,0,0,0,0,1,1,2,2,0,0,2,2,1,1,0,3,2,1,0,15,12
4 - Δράμας,80 E.T. Δήμου Δράμας,499,320,8,4,12,308,100,5,32,32,1,7,63,1,4,0,17,33,41,2,12,15,9,1,18,1,1,2,3,5,18,6,0,7,0,2,9,3,0,4,4,4,1,1,0,0,1,0,0,0,3,2,0,0,4,2,0,2,26,3,7,12,2,2,0,0,0,0,0,0,0,0,0,0,0,0,2,0,0,4,1,1,0,1,0,4,1,0,0,0,0,0,1,1,6,3
4 - Δράμας,81 E.T. Δήμου Δράμας,530,316,7,2,9,307,104,7,33,32,0,22,72,7,0,5,18,35,33,2,7,13,10,1,11,2,2,2,0,2,19,2,0,7,3,3,10,4,0,1,3,2,0,0,0,0,2,0,1,0,4,3,3,2,6,2,2,1,17,5,3,8,0,0,1,1,0,0,0,0,0,0,0,0,0,0,0,0,0,1,0,2,0,0,0,5,4,0,0,0,3,1,0,0,11,9
4 - Δράμας,82 E.T. Δήμου Δράμας,527,334,8,0,8,326,110,6,28,47,0,18,70,3,1,2,11,39,50,1,25,15,6,0,15,4,0,1,2,3,22,2,0,7,4,3,11,4,0,2,1,1,0,0,0,0,0,0,0,0,3,2,1,0,3,0,1,1,18,3,1,10,1,0,0,0,0,0,0,0,0,0,1,0,0,0,0,0,0,3,3,3,0,0,1,3,1,2,1,0,2,1,1,1,6,4
4 - Δράμας,83 E.T. Δήμου Δράμας,525,323,3,1,4,319,120,3,33,43,1,29,41,3,2,5,6,17,43,5,15,14,7,1,19,1,2,4,6,0,29,5,1,12,2,5,8,2,1,5,5,5,2,2,0,0,3,0,0,2,2,1,1,1,3,1,2,0,18,1,7,7,0,0,1,0,0,1,0,0,0,0,0,0,0,0,0,0,0,0,0,2,0,0,0,1,1,0,0,0,5,2,1,1,15,7
4 - Δράμας,84 E.T. Δήμου Δράμας,511,290,5,2,7,283,107,5,32,35,1,21,39,3,3,1,12,10,45,5,11,19,9,1,15,4,3,1,3,1,15,2,2,4,3,0,12,4,1,3,3,2,0,0,0,0,0,0,0,0,4,4,2,1,4,3,0,0,10,2,3,3,1,0,2,0,0,1,0,0,2,0,1,1,0,0,0,0,0,1,1,6,2,0,1,3,3,0,0,0,2,1,0,0,9,7
4 - Δράμας,85 E.T. Δήμου Δράμας,517,304,8,5,13,291,112,4,34,35,2,28,48,3,0,2,7,28,47,6,18,14,6,1,12,2,4,2,0,2,15,4,1,2,0,3,6,3,0,2,3,2,2,0,0,0,0,0,0,0,3,2,3,2,2,1,1,0,20,5,4,8,1,0,0,0,0,0,0,0,0,0,1,0,0,1,2,1,1,1,1,1,0,0,1,2,1,3,1,0,3,2,0,0,4,1
4 - Δράμας,86 E.T. Δήμου Δράμας,526,291,6,2,8,283,106,10,31,24,1,30,51,12,3,4,11,17,48,2,9,15,17,1,15,1,0,2,3,3,15,4,0,4,4,1,7,1,3,1,1,1,0,0,0,0,0,0,0,0,1,1,2,0,1,1,0,0,14,3,4,7,1,1,0,0,0,0,0,0,0,0,0,0,0,0,0,0,0,0,0,2,1,0,0,5,2,2,2,0,4,2,0,0,8,6
4 - Δράμας,87 E.T. Δήμου Δράμας,522,290,1,0,1,289,98,3,30,33,3,18,72,7,2,1,9,45,32,2,8,10,9,0,15,0,3,2,0,3,14,3,0,1,1,2,6,1,0,3,5,5,2,1,0,0,1,0,1,0,4,1,1,1,2,0,0,2,15,2,2,8,0,0,0,0,0,0,0,0,0,0,0,0,0,0,1,1,0,1,0,0,0,0,0,3,2,2,2,0,3,2,0,0,12,8
4 - Δράμας,88 E.T. Δήμου Δράμας,495,288,3,3,6,282,108,6,32,31,3,25,43,2,1,2,8,21,45,3,12,16,11,1,9,2,1,2,0,2,19,4,0,6,3,1,4,0,0,0,3,2,0,0,0,0,1,0,0,1,1,0,0,0,4,1,0,1,24,3,8,12,0,0,0,0,0,0,0,0,0,0,0,0,0,0,0,0,0,0,0,1,1,0,0,3,1,1,0,0,1,1,2,1,13,8
4 - Δράμας,89 E.T. Δήμου Δράμας,548,314,5,3,8,306,102,4,31,29,1,28,51,9,1,3,6,26,45,1,17,17,9,0,9,0,1,1,5,1,31,11,0,9,5,1,13,3,3,4,5,4,0,0,1,0,1,0,0,0,3,2,1,0,1,1,0,0,20,6,2,10,0,0,0,0,0,0,0,0,0,0,0,0,0,0,1,1,0,1,0,4,2,0,2,5,3,0,0,0,3,2,2,2,7,5
4 - Δράμας,90 E.T. Δήμου Δράμας,561,325,5,1,6,319,113,5,44,21,5,34,53,4,5,2,14,15,49,0,11,8,20,2,9,1,0,0,3,1,27,17,2,6,0,1,9,2,0,1,2,2,0,0,0,0,1,0,0,0,2,0,1,0,3,3,0,0,26,6,6,8,0,0,0,0,0,0,0,0,0,0,2,1,0,0,2,1,1,3,0,0,0,0,0,2,1,0,0,0,1,1,2,0,12,8
4 - Δράμας,91 E.T. Δήμου Δράμας,558,322,12,2,14,308,112,2,47,28,0,31,48,7,2,1,9,20,52,0,20,19,11,0,14,2,2,0,2,2,26,9,0,4,7,1,6,1,0,1,1,1,0,0,0,0,0,0,0,0,0,0,0,0,2,1,1,0,28,1,4,14,0,0,1,1,0,0,0,0,0,0,0,0,0,0,0,0,0,1,1,0,0,0,0,1,1,1,0,0,2,2,1,0,12,9
4 - Δράμας,92 E.T. Δήμου Δράμας,524,310,8,0,8,302,97,4,34,28,2,23,51,10,6,0,8,20,44,0,6,18,14,2,12,1,2,2,4,2,30,8,0,4,11,1,10,2,3,2,11,11,1,1,0,0,1,0,0,0,3,3,0,0,5,1,0,2,14,2,4,7,1,1,0,0,0,0,0,0,1,0,1,1,0,0,0,0,0,1,1,2,0,2,0,1,1,2,1,0,2,2,1,1,11,9
4 - Δράμας,93 E.T. Δήμου Δράμας,549,310,2,4,6,304,101,3,28,36,1,25,57,6,7,5,11,20,57,0,25,13,16,0,13,1,0,1,3,1,21,7,0,5,6,2,7,2,2,1,6,4,0,0,1,0,1,0,0,0,1,1,4,3,4,2,1,0,11,1,3,6,0,0,0,0,0,0,0,0,0,0,0,0,0,0,0,0,0,1,1,0,0,0,0,3,1,3,2,0,2,1,1,1,10,4
4 - Δράμας,94 E.T. Δήμου Δράμας,560,310,11,0,11,299,119,10,43,34,2,18,40,5,2,4,9,15,35,2,9,13,7,3,8,1,2,0,1,0,29,11,1,7,5,2,9,3,0,2,10,9,0,0,0,0,0,0,0,0,1,0,0,0,2,0,1,0,21,1,2,15,0,0,2,0,0,1,0,0,0,0,0,0,0,0,3,0,0,1,0,3,0,0,2,4,1,1,0,0,3,3,0,0,8,1
4 - Δράμας,95 E.T. Δήμου Δράμας,553,316,3,1,4,312,90,5,29,21,2,26,68,11,0,7,4,33,36,0,9,13,13,0,12,2,1,3,2,1,32,16,0,6,3,3,10,3,0,2,5,5,0,0,0,0,1,0,0,1,0,0,1,1,0,0,0,0,22,6,2,13,0,0,1,0,0,0,0,0,0,0,0,0,0,0,4,2,0,2,2,3,2,1,0,2,0,3,1,1,1,1,2,1,17,16
4 - Δράμας,96 E.T. Δήμου Δράμας,549,300,6,5,11,289,100,8,37,32,1,19,34,6,1,1,2,17,45,2,10,10,18,1,13,1,0,2,2,5,16,8,0,2,4,1,8,3,2,0,17,16,0,0,0,0,2,0,0,1,4,2,0,0,4,1,1,0,24,7,7,9,1,1,1,1,0,0,1,0,0,0,0,0,0,0,1,0,0,0,0,2,0,1,1,0,0,0,0,0,0,0,6,4,10,6
4 - Δράμας,97 E.T. Δήμου Δράμας,549,313,3,4,7,306,107,3,36,36,1,20,58,9,3,5,7,26,49,1,15,16,16,0,11,2,0,0,6,1,27,11,1,4,2,2,4,1,0,1,6,6,2,1,0,0,4,0,0,3,1,1,0,0,4,1,2,1,14,0,5,7,0,0,0,0,0,0,0,0,0,0,0,0,0,0,0,0,0,1,1,4,3,0,1,4,4,0,0,0,0,0,2,1,8,5
4 - Δράμας,98 E.T. Δήμου Δράμας,506,308,2,4,6,302,109,9,42,30,2,20,33,3,1,2,13,9,49,2,10,17,18,1,14,1,0,5,2,4,19,6,0,6,4,1,10,4,1,1,6,4,1,0,0,0,0,0,0,0,4,4,1,1,5,2,2,1,21,2,5,13,0,0,0,0,0,0,0,0,0,0,2,1,0,0,1,0,0,4,4,0,0,0,0,2,1,1,0,0,5,3,1,0,14,11
4 - Δράμας,99 E.T. Δήμου Δράμας,545,288,9,3,12,276,96,2,28,33,6,18,35,4,0,3,4,19,68,1,12,16,38,0,13,2,2,3,3,1,13,4,0,1,4,1,9,1,1,3,2,1,1,1,0,0,0,0,0,0,2,0,1,1,3,2,1,0,16,2,7,5,0,0,0,0,0,0,0,0,0,0,0,0,0,0,3,2,0,0,0,2,1,0,0,0,0,2,0,0,2,2,0,0,8,7
4 - Δράμας,100 E.T. Δήμου Δράμας,517,282,6,1,7,275,109,5,28,45,7,17,37,6,4,2,6,10,32,2,5,4,21,0,7,2,1,0,1,2,19,5,1,7,1,0,8,1,1,2,13,13,1,1,0,0,0,0,0,0,4,2,1,1,2,0,1,0,15,1,5,6,0,0,1,0,0,0,0,0,0,0,0,0,0,0,0,0,0,0,0,5,1,2,0,7,4,0,0,0,0,0,2,1,12,3
4 - Δράμας,101 E.T. Δήμου Δράμας,519,281,9,5,14,267,90,7,28,32,1,15,47,8,4,2,6,20,54,0,12,10,31,0,10,3,2,0,0,2,10,3,0,3,4,0,9,5,0,1,3,3,0,0,2,2,1,0,0,1,2,1,0,0,5,3,1,0,15,2,2,9,0,0,0,0,0,0,0,0,0,0,0,0,0,0,2,0,0,1,0,2,0,0,0,0,0,0,0,0,6,2,1,1,7,4
4 - Δράμας,102 E.T. Δήμου Δράμας,505,276,6,1,7,269,100,4,23,40,4,19,28,1,0,1,7,15,50,1,8,5,33,0,5,1,1,0,0,1,14,6,0,4,2,0,8,2,0,2,0,0,1,1,0,0,5,1,1,2,2,1,0,0,2,1,1,0,29,3,5,20,0,0,0,0,0,0,0,0,0,0,0,0,0,0,0,0,0,1,1,6,3,0,2,3,0,2,1,0,2,1,0,0,11,7
4 - Δράμας,103 E.T. Δήμου Δράμας,516,275,2,3,5,270,76,1,30,15,3,19,40,4,1,2,7,22,54,0,10,13,29,1,14,3,1,1,3,1,24,5,1,6,5,1,6,2,0,1,9,9,1,1,1,0,2,0,0,1,4,2,1,1,5,0,2,0,18,0,1,15,0,0,1,0,0,1,0,0,0,0,0,0,0,0,0,0,0,1,0,2,0,1,1,2,0,1,0,0,2,1,0,0,6,1
4 - Δράμας,104 E.T. Δήμου Δράμας,524,286,4,0,4,282,76,3,14,23,4,26,55,8,4,2,3,29,80,2,12,11,53,1,5,1,0,1,1,0,28,7,1,5,6,2,11,2,1,2,2,1,0,0,0,0,0,0,0,0,1,0,1,1,5,1,1,2,6,0,2,3,0,0,0,0,0,0,0,0,0,0,0,0,0,0,1,0,0,0,0,2,2,0,0,2,0,0,0,0,2,2,0,0,5,3
4 - Δράμας,105 E.T. Δήμου Δράμας,519,287,7,0,7,280,124,2,56,30,6,22,24,2,1,0,7,14,55,1,15,7,26,0,3,1,0,0,1,1,17,6,1,0,4,0,7,0,0,3,6,6,0,0,0,0,0,0,0,0,1,0,2,0,3,1,0,2,18,1,6,9,0,0,2,0,0,1,0,0,0,0,1,0,0,1,0,0,0,1,1,3,2,0,1,5,3,0,0,0,1,0,1,1,6,4
4 - Δράμας,106 E.T. Δήμου Δράμας,502,262,5,3,8,254,97,8,23,43,1,20,33,4,4,3,11,8,45,2,11,14,16,0,3,1,0,1,0,0,18,10,0,3,2,0,9,2,1,3,6,5,2,0,0,0,2,1,0,1,2,0,0,0,1,0,1,0,13,4,5,4,0,0,0,0,0,0,0,0,0,0,2,1,1,0,0,0,0,1,0,3,2,0,0,8,7,1,0,0,2,1,0,0,6,5
4 - Δράμας,107 E.T. Δήμου Δράμας,525,278,5,1,6,272,86,1,34,32,4,12,44,4,2,1,7,24,48,1,6,10,31,0,11,2,1,0,0,2,20,8,3,3,3,1,7,1,1,2,8,7,0,0,0,0,0,0,0,0,3,1,0,0,2,0,1,1,20,1,5,10,0,0,0,0,0,0,0,0,0,0,2,0,0,2,0,0,0,1,0,3,0,1,0,2,2,0,0,0,4,3,0,0,11,3
4 - Δράμας,108 E.T. Δήμου Δράμας,489,249,2,2,4,245,80,9,21,22,1,19,42,2,3,2,5,25,43,2,4,7,26,0,14,4,1,1,1,1,14,5,0,2,4,0,3,2,0,0,4,3,0,0,0,0,1,0,0,0,1,1,0,0,4,2,0,1,23,0,3,16,0,0,0,0,0,0,0,0,0,0,0,0,0,0,2,2,0,0,0,3,0,0,1,5,3,1,1,0,1,1,0,0,4,2
4 - Δράμας,109 E.T. Δήμου Δράμας,333,200,3,0,3,197,83,2,24,33,6,13,14,1,1,1,2,6,42,2,4,11,22,0,3,1,0,1,0,0,12,0,0,6,1,2,2,0,0,0,11,11,0,0,0,0,1,0,0,0,0,0,3,3,2,2,0,0,13,2,10,1,0,0,0,0,0,0,0,0,1,1,0,0,0,0,1,1,0,1,1,1,0,1,0,1,0,2,1,0,1,1,0,0,3,3
4 - Δράμας,110 E.T. Δήμου Δράμας,502,252,8,0,8,244,77,4,22,16,6,25,36,7,1,0,11,13,50,3,20,11,12,2,4,1,0,0,0,0,26,7,0,10,1,5,5,1,0,1,3,3,0,0,0,0,2,1,0,1,1,1,2,2,2,0,0,0,17,2,7,8,0,0,0,0,0,0,0,0,0,0,0,0,0,0,0,0,0,0,0,1,0,0,1,2,1,0,0,0,3,1,1,0,12,6
4 - Δράμας,111 E.T. Δήμου Δράμας,506,271,6,2,8,263,81,2,24,31,1,17,41,4,0,2,7,26,55,1,24,15,15,0,8,0,1,1,3,0,18,2,1,7,3,2,3,1,0,1,0,0,0,0,1,1,0,0,0,0,0,0,0,0,5,1,0,1,16,1,3,11,0,0,2,1,0,1,0,0,0,0,2,2,0,0,2,2,0,0,0,5,2,1,1,2,1,0,0,0,0,0,2,0,20,13
4 - Δράμας,112 E.T. Δήμου Δράμας,493,263,1,0,1,262,100,4,30,30,11,20,31,0,2,4,7,14,46,0,25,7,11,0,16,0,2,0,8,1,16,4,0,4,5,1,8,2,0,0,5,5,0,0,0,0,1,0,0,1,0,0,1,0,6,0,2,1,8,0,4,2,1,0,0,0,0,0,0,0,0,0,4,3,1,0,1,0,1,1,0,1,0,1,0,1,0,0,0,0,4,1,1,1,10,4
4 - Δράμας,113 E.T. Δήμου Δράμας,477,219,3,4,7,212,71,7,20,15,4,22,23,1,1,2,1,16,47,0,17,13,12,2,7,1,1,1,2,1,18,3,0,8,3,2,2,1,0,0,1,0,1,0,0,0,0,0,0,0,4,2,3,3,3,2,0,1,7,2,1,4,1,0,1,1,0,0,0,0,0,0,0,0,0,0,2,1,0,2,0,3,1,1,1,2,1,1,0,0,3,1,1,1,9,5
4 - Δράμας,114 E.T. Δήμου Δράμας,421,197,4,0,4,193,106,2,43,37,1,13,12,0,1,1,4,2,27,1,1,4,19,1,1,0,1,0,0,0,19,3,3,6,1,3,5,1,0,1,2,2,0,0,0,0,0,0,0,0,2,2,1,1,2,2,0,0,7,1,2,3,0,0,0,0,0,0,0,0,0,0,0,0,0,0,0,0,0,0,0,2,0,0,2,1,1,1,0,0,1,1,1,1,3,3
4 - Δράμας,115 E.T. Δήμου Δράμας,410,198,4,0,4,194,92,3,23,35,2,17,18,1,1,0,6,10,39,0,10,5,22,0,1,0,0,0,1,0,13,2,1,6,0,1,4,1,0,1,7,6,0,0,0,0,0,0,0,0,0,0,3,3,1,0,1,0,9,3,0,5,0,0,0,0,0,0,0,0,0,0,0,0,0,0,1,1,0,0,0,1,0,0,0,3,2,0,0,0,0,0,0,0,2,2
4 - Δράμας,116 E.T. Δήμου Δράμας,427,187,4,4,8,179,64,3,19,26,3,8,13,1,0,0,4,8,58,0,11,3,37,4,3,0,2,0,0,0,7,1,0,3,2,1,5,1,0,0,3,1,1,1,0,0,0,0,0,0,1,1,0,0,1,0,1,0,10,0,4,6,0,0,2,1,0,1,0,0,0,0,0,0,0,0,1,1,0,1,0,0,0,0,0,1,0,0,0,0,2,0,0,0,6,2
4 - Δράμας,117 E.T. Δήμου Δράμας,435,217,7,1,8,209,84,6,18,30,1,24,21,1,1,0,10,8,51,1,6,13,29,0,2,0,1,0,0,0,13,4,1,1,2,1,5,1,0,2,4,3,0,0,0,0,0,0,0,0,0,0,1,0,1,0,0,1,16,2,3,9,0,0,0,0,0,0,0,0,0,0,0,0,0,0,1,0,1,2,2,1,0,0,0,0,0,0,0,0,2,0,2,2,3,2
4 - Δράμας,118 E.T. Δήμου Δράμας,423,234,4,0,4,230,86,3,36,27,0,14,44,5,5,2,5,22,45,0,12,8,23,0,6,0,1,0,3,2,18,3,0,7,1,0,3,0,0,2,2,2,1,1,0,0,0,0,0,0,0,0,2,1,0,0,0,0,10,2,2,3,1,1,1,0,0,0,0,0,0,0,0,0,0,0,2,2,0,2,2,0,0,0,0,0,0,0,0,0,1,1,0,0,6,3
4 - Δράμας,119 E.T. Δήμου Δράμας,414,239,5,3,8,231,92,0,53,13,1,19,27,2,3,2,6,11,41,0,4,14,20,0,8,1,1,3,1,0,15,5,0,5,2,0,5,2,1,0,2,2,0,0,1,0,0,0,0,0,3,2,0,0,1,1,0,0,18,5,2,5,0,0,0,0,0,0,0,0,0,0,3,2,0,0,3,3,0,1,0,1,0,0,0,2,2,1,1,0,3,3,0,0,4,2
4 - Δράμας,120 E.T. Δήμου Δράμας,413,238,10,2,12,226,94,4,31,25,5,23,28,2,1,0,6,16,36,0,16,2,16,1,7,0,0,0,1,5,26,5,0,11,3,2,5,2,2,1,3,2,0,0,0,0,0,0,0,0,0,0,0,0,4,2,0,1,13,0,4,9,1,1,1,0,0,1,0,0,0,0,0,0,0,0,1,0,0,0,0,1,1,0,0,0,0,0,0,0,1,1,0,0,5,2
4 - Δράμας,121 E.T. Δήμου Δράμας,400,223,4,1,5,218,73,1,31,25,4,7,42,3,4,1,11,20,28,2,3,9,12,0,25,0,0,1,22,1,10,3,0,0,1,0,4,0,0,0,5,5,1,1,1,0,0,0,0,0,1,0,2,1,0,0,0,0,16,2,4,5,1,1,0,0,0,0,0,0,0,0,0,0,0,0,1,1,0,0,0,2,0,0,0,1,0,1,0,1,1,1,0,0,3,1
4 - Δράμας,122 E.T. Δήμου Δράμας,256,98,1,2,3,95,41,1,10,9,6,14,11,1,0,1,6,0,5,0,2,2,1,0,6,2,1,0,0,2,7,2,0,3,2,0,3,1,0,0,5,5,0,0,0,0,0,0,0,0,4,2,0,0,2,2,0,0,2,0,1,1,0,0,0,0,0,0,0,0,0,0,0,0,0,0,0,0,0,0,0,0,0,0,0,0,0,0,0,0,1,0,0,0,8,7
4 - Δράμας,123 E.T. Δήμου Δράμας,540,347,2,0,2,345,137,1,53,69,2,10,67,6,0,3,12,43,42,2,10,18,10,1,8,3,1,0,1,3,25,3,1,7,3,1,7,6,0,1,10,10,0,0,0,0,0,0,0,0,2,0,0,0,6,4,1,1,29,5,2,14,0,0,1,0,0,0,0,0,0,0,0,0,0,0,1,0,0,0,0,1,0,0,1,5,5,0,0,0,0,0,0,0,4,4
4 - Δράμας,124 E.T. Δήμου Δράμας,515,283,2,0,2,281,109,1,36,49,1,19,55,4,2,8,14,19,35,3,12,11,7,0,10,0,1,5,1,0,17,2,1,10,1,0,11,2,1,3,4,4,1,0,0,0,0,0,0,0,0,0,1,1,2,0,1,0,19,2,1,12,0,0,1,1,0,0,0,0,0,0,0,0,0,0,2,0,1,0,0,0,0,0,0,2,1,0,0,0,3,1,1,1,8,6
4 - Δράμας,125 E.T. Δήμου Δράμας,488,261,4,2,6,255,98,15,20,29,2,30,20,5,1,2,4,7,54,3,17,9,23,1,7,1,1,2,0,2,25,5,0,8,2,3,13,3,3,1,1,1,1,0,0,0,0,0,0,0,3,3,1,1,0,0,0,0,7,5,2,0,0,0,0,0,0,0,1,0,2,2,0,0,0,0,0,0,0,0,0,3,2,1,0,1,1,2,0,1,3,1,2,1,11,7
4 - Δράμας,126 E.T. Δήμου Δράμας,454,234,7,0,7,227,75,12,20,15,0,23,31,4,1,4,2,12,45,0,17,14,12,1,5,0,1,0,1,1,36,9,1,14,0,0,6,4,0,1,1,0,0,0,0,0,0,0,0,0,1,1,1,0,0,0,0,0,8,3,3,2,0,0,0,0,0,0,0,0,0,0,0,0,0,0,2,2,0,2,1,1,0,1,0,0,0,0,0,0,0,0,1,0,12,5
4 - Δράμας,127 E.T. Δήμου Δράμας,379,259,7,0,7,252,66,2,8,30,2,17,39,2,4,1,8,20,47,1,5,3,13,23,19,3,1,7,7,0,17,2,1,2,7,0,7,0,1,1,8,8,1,0,0,0,0,0,0,0,4,1,0,0,2,1,0,1,16,2,6,6,0,0,1,0,0,1,0,0,0,0,1,0,0,1,2,1,0,1,0,11,6,1,1,3,1,0,0,0,3,1,0,0,4,3
4 - Δράμας,128 E.T. Δήμου Δράμας,396,278,3,1,4,274,74,12,10,29,0,18,35,2,1,3,6,19,71,0,7,11,13,35,21,0,1,9,5,0,19,2,1,4,2,3,7,3,0,1,8,7,0,0,0,0,1,0,0,0,2,1,0,0,9,4,1,1,7,0,1,6,1,1,0,0,0,0,0,0,0,0,2,1,0,1,0,0,0,3,3,5,1,1,0,0,0,1,0,1,2,1,1,1,5,5
4 - Δράμας,129 E.T. Δήμου Δράμας,188,80,0,0,0,80,34,2,9,17,1,4,6,2,0,0,1,2,6,0,0,0,5,1,1,0,0,0,1,0,7,1,0,4,1,0,0,0,0,0,3,3,0,0,0,0,0,0,0,0,0,0,0,0,1,0,1,0,6,1,1,3,0,0,1,0,0,0,0,0,0,0,1,0,1,0,0,0,0,0,0,2,2,0,0,1,1,0,0,0,2,1,0,0,9,8
4 - Δράμας,130 E.T. Δήμου Δράμας,484,259,5,1,6,253,104,4,17,45,3,32,34,6,0,1,2,22,23,1,3,2,11,1,6,2,1,0,1,0,39,5,2,10,11,6,1,0,0,0,3,3,0,0,0,0,0,0,0,0,1,1,6,6,2,1,0,0,10,0,1,6,0,0,0,0,0,0,0,0,0,0,1,0,0,0,1,0,1,2,1,1,1,0,0,1,1,1,0,0,2,0,2,0,13,8
4 - Δράμας,131 E.T. Δήμου Δράμας,466,289,6,0,6,283,127,3,32,61,3,23,20,3,2,4,1,9,35,4,6,9,14,1,9,1,2,2,0,2,32,5,2,4,8,4,8,2,2,0,4,2,0,0,0,0,0,0,0,0,1,1,0,0,2,0,2,0,14,5,1,5,0,0,2,2,0,0,0,0,0,0,0,0,0,0,1,0,1,2,1,3,0,1,0,1,1,0,0,0,5,3,1,1,16,10
4 - Δράμας,132 E.T. Δήμου Δράμας,450,256,0,0,0,256,94,0,23,47,0,21,31,1,1,1,5,21,63,1,7,17,29,8,5,1,1,0,0,0,9,1,0,2,2,2,3,0,0,0,9,9,1,1,0,0,3,0,0,0,1,1,0,0,5,4,0,1,19,3,5,3,0,0,4,0,3,0,0,0,0,0,0,0,0,0,1,0,1,0,0,0,0,0,0,1,1,0,0,0,0,0,0,0,7,4
4 - Δράμας,133 E.T. Δήμου Δράμας,496,242,1,4,5,237,121,4,33,39,3,35,28,5,1,5,3,12,36,0,4,9,17,3,11,0,0,11,0,0,9,1,0,3,2,2,3,0,0,0,8,8,0,0,0,0,1,0,0,1,0,0,0,0,0,0,0,0,8,4,0,3,0,0,1,0,0,1,0,0,0,0,0,0,0,0,0,0,0,1,1,1,0,0,1,0,0,1,0,0,0,0,0,0,8,5
4 - Δράμας,134 E.T. Δήμου Δράμας,490,250,3,1,4,246,107,1,31,40,2,27,27,0,0,6,3,13,41,0,17,6,13,5,10,0,0,8,0,1,21,3,0,6,5,5,3,3,0,0,5,5,0,0,0,0,1,0,0,0,0,0,0,0,5,3,0,1,10,1,3,6,0,0,2,0,0,1,0,0,0,0,1,0,0,1,1,1,0,0,0,5,2,1,1,2,1,0,0,0,0,0,0,0,5,1
4 - Δράμας,135 E.T. Δήμου Δράμας,517,268,5,1,6,262,80,7,9,33,1,30,29,1,2,1,6,18,71,1,26,32,9,3,16,1,0,15,0,0,21,3,3,4,2,5,3,0,0,0,10,9,0,0,0,0,0,0,0,0,0,0,0,0,1,0,0,0,12,2,1,4,1,1,0,0,0,0,0,0,1,1,2,0,0,2,3,0,1,1,1,3,1,0,2,0,0,2,2,0,1,0,0,0,5,5
4 - Δράμας,136 E.T. Δήμου Δράμας,494,267,4,0,4,263,99,8,26,28,1,25,23,1,2,2,2,14,47,0,14,14,12,2,26,1,0,22,1,0,16,2,1,7,1,3,6,2,0,0,9,9,0,0,0,0,0,0,0,0,0,0,0,0,0,0,0,0,14,0,4,9,0,0,0,0,0,0,0,0,0,0,1,0,0,1,1,0,0,0,0,3,1,0,1,6,2,2,1,0,1,1,1,1,8,5
4 - Δράμας,137 E.T. Δήμου Δράμας,504,269,2,3,5,264,117,3,28,56,1,26,38,2,4,1,9,20,32,3,11,5,7,3,9,1,0,7,1,0,28,8,2,5,6,4,2,2,0,0,5,4,0,0,0,0,0,0,0,0,0,0,0,0,2,0,0,1,15,2,2,7,1,1,0,0,0,0,0,0,0,0,0,0,0,0,1,1,0,0,0,2,0,1,0,2,1,0,0,0,0,0,0,0,10,8
4 - Δράμας,138 E.T. Δήμου Δράμας,515,238,3,4,7,231,107,5,22,47,2,27,23,3,1,1,0,15,25,2,3,3,11,5,10,0,0,8,0,0,19,4,2,3,5,1,6,3,1,0,7,7,1,0,0,0,0,0,0,0,0,0,0,0,0,0,0,0,6,1,2,1,0,0,1,0,0,1,0,0,0,0,2,0,0,2,3,1,1,2,1,2,0,0,0,3,2,1,0,0,2,2,2,1,9,6
4 - Δράμας,139 E.T. Δήμου Δράμας,445,252,4,0,4,248,108,6,42,22,0,37,24,1,0,2,2,15,32,1,6,6,7,10,13,0,0,10,0,0,16,3,2,5,1,3,6,3,0,2,5,5,0,0,0,0,0,0,0,0,0,0,2,0,1,1,0,0,19,3,2,12,0,0,2,0,0,1,1,1,0,0,0,0,0,0,0,0,0,0,0,1,1,0,0,5,5,2,1,0,3,2,2,0,6,4
4 - Δράμας,140 E.T. Δήμου Δράμας,542,340,8,2,10,330,135,2,20,45,2,63,49,2,8,0,20,17,39,1,14,7,16,0,48,1,41,2,1,0,11,5,1,1,0,1,2,0,0,0,5,5,0,0,0,0,0,0,0,0,4,3,0,0,6,5,1,0,11,1,1,5,0,0,0,0,0,0,0,0,2,1,0,0,0,0,1,1,0,3,1,0,0,0,0,1,1,2,0,0,7,4,0,0,4,1
4 - Δράμας,141 E.T. Δήμου Δράμας,534,299,4,3,7,292,114,2,16,38,0,47,40,2,1,1,10,24,44,1,5,8,25,3,27,1,19,2,2,2,13,2,0,7,1,2,5,2,2,0,5,5,0,0,0,0,3,1,1,1,0,0,1,1,5,2,0,1,18,4,3,6,0,0,1,1,0,0,0,0,0,0,1,0,0,1,1,0,0,0,0,3,1,2,0,2,2,0,0,0,1,1,0,0,8,4
4 - Δράμας,142 E.T. Δήμου Δράμας,522,337,7,0,7,330,139,1,23,36,4,62,47,3,4,0,9,25,45,0,11,11,18,0,36,0,25,2,4,3,11,0,0,3,3,0,8,2,1,1,5,4,0,0,0,0,4,1,0,2,0,0,2,2,2,1,0,0,8,3,0,1,2,1,0,0,0,0,0,0,0,0,1,0,0,0,0,0,0,2,1,0,0,0,0,4,3,0,0,0,4,2,2,2,8,6
4 - Δράμας,143 E.T. Δήμου Δράμας,537,338,13,6,19,319,91,1,22,20,2,45,40,1,3,4,9,20,34,2,11,5,13,1,69,0,60,1,0,3,25,2,1,4,9,5,13,2,4,0,3,2,2,0,0,0,2,0,1,1,0,0,1,0,2,2,0,0,12,2,2,8,0,0,0,0,0,0,0,0,0,0,0,0,0,0,0,0,0,0,0,3,3,0,0,2,2,1,0,1,5,4,2,2,12,11
4 - Δράμας,144 E.T. Δήμου Δράμας,507,287,7,1,8,279,110,3,12,34,4,56,38,4,3,1,7,19,41,1,0,17,23,0,34,1,23,9,1,0,13,1,0,6,4,1,3,2,0,0,3,2,0,0,0,0,0,0,0,0,2,2,0,0,5,3,0,1,12,5,2,3,0,0,0,0,0,0,1,0,0,0,0,0,0,0,0,0,0,4,2,2,2,0,0,3,3,0,0,0,1,1,0,0,7,4
4 - Δράμας,145 E.T. Δήμου Δράμας,332,179,3,0,3,176,71,0,22,22,2,19,28,3,0,2,6,14,10,0,1,7,2,0,13,2,2,1,4,1,11,2,0,3,6,0,7,2,0,2,18,18,0,0,0,0,2,0,0,2,1,1,0,0,0,0,0,0,5,2,1,2,1,1,0,0,0,0,0,0,0,0,0,0,0,0,0,0,0,0,0,1,0,0,1,0,0,0,0,0,1,0,0,0,7,5
4 - Δράμας,146 E.T. Δήμου Δράμας,347,165,4,0,4,161,41,2,9,14,0,11,39,3,1,7,10,18,24,0,5,12,6,0,8,0,1,1,2,1,16,1,1,7,5,1,2,1,0,1,8,8,0,0,0,0,3,0,0,2,1,1,0,0,2,0,0,0,6,1,1,3,0,0,0,0,0,0,0,0,0,0,0,0,0,0,0,0,0,1,0,2,0,0,1,3,2,0,0,0,0,0,0,0,5,5
4 - Δράμας,147 E.T. Δήμου Δράμας,231,134,1,1,2,132,59,1,21,22,1,10,4,0,0,0,2,2,15,0,4,4,2,5,3,0,0,0,0,0,8,4,0,2,0,0,3,1,0,0,11,11,0,0,0,0,0,0,0,0,0,0,0,0,2,0,0,1,16,2,1,12,0,0,0,0,0,0,0,0,0,0,0,0,0,0,0,0,0,0,0,0,0,0,0,0,0,0,0,0,1,1,0,0,10,10
4 - Δράμας,148 E.T. Δήμου Κάτω Νευροκοπίου,511,266,4,1,5,261,131,6,53,35,3,23,32,0,0,7,5,15,43,1,6,13,18,1,5,0,2,0,0,3,11,2,0,1,3,3,4,0,1,0,4,4,0,0,0,0,1,1,0,0,5,4,0,0,2,0,0,2,10,2,3,3,0,0,0,0,0,0,0,0,0,0,2,1,0,1,0,0,0,0,0,0,0,0,0,0,0,0,0,0,1,1,1,1,9,4
4 - Δράμας,149 E.T. Δήμου Κάτω Νευροκοπίου,523,208,5,1,6,202,68,4,24,26,2,11,26,3,0,9,3,7,27,0,3,16,6,0,4,0,2,0,0,2,26,7,1,9,5,1,6,2,1,2,5,4,0,0,0,0,2,0,0,1,5,4,0,0,3,0,0,1,10,2,1,5,0,0,1,0,0,1,0,0,0,0,0,0,0,0,1,0,0,0,0,5,5,0,0,3,1,0,0,0,1,1,0,0,9,8
4 - Δράμας,150 E.T. Δήμου Κάτω Νευροκοπίου,512,254,4,3,7,247,72,6,19,33,0,5,32,4,3,13,2,6,50,1,5,24,17,2,7,1,0,0,0,6,33,8,0,9,1,3,4,1,0,3,2,2,1,1,0,0,2,1,0,1,1,1,2,1,4,1,1,1,21,2,3,15,0,0,0,0,0,0,0,0,0,0,1,0,0,1,2,1,0,0,0,3,0,0,0,3,1,0,0,0,2,1,2,1,3,1
4 - Δράμας,151 E.T. Δήμου Κάτω Νευροκοπίου,520,268,4,2,6,262,85,6,26,32,4,12,40,1,1,20,4,13,59,1,10,38,6,1,3,0,0,0,0,2,23,1,1,9,4,3,0,0,0,0,7,6,2,0,0,0,1,0,0,1,7,3,0,0,1,0,0,0,23,6,4,7,0,0,0,0,0,0,0,0,0,0,0,0,0,0,1,1,0,0,0,1,1,0,0,1,0,1,1,0,1,1,1,0,5,3
4 - Δράμας,152 E.T. Δήμου Κάτω Νευροκοπίου,508,271,3,6,9,262,93,5,20,42,3,19,24,2,1,8,0,9,40,0,8,16,11,2,3,0,0,1,0,2,32,5,1,6,9,4,4,1,0,0,19,19,0,0,0,0,1,0,0,0,1,1,2,1,5,1,1,0,22,2,4,13,0,0,1,0,0,1,0,0,0,0,1,0,0,1,2,0,1,1,1,0,0,0,0,1,0,0,0,0,1,1,1,1,8,4
4 - Δράμας,153 E.T. Δήμου Κάτω Νευροκοπίου,175,65,1,0,1,64,18,0,1,5,1,11,9,2,0,1,2,3,7,0,0,5,2,0,3,0,0,0,0,1,4,1,0,2,0,1,3,3,0,0,10,10,0,0,0,0,0,0,0,0,0,0,0,0,1,0,1,0,7,1,0,4,0,0,0,0,0,0,0,0,0,0,0,0,0,0,0,0,0,0,0,1,1,0,0,0,0,0,0,0,1,1,0,0,0,0
4 - Δράμας,154 E.T. Δήμου Κάτω Νευροκοπίου,692,261,7,3,10,251,125,14,42,45,3,16,8,1,1,0,4,2,19,1,8,5,5,0,2,0,0,0,2,0,35,6,2,9,5,3,2,1,0,0,13,12,0,0,0,0,1,0,0,1,5,5,1,1,3,2,0,1,12,0,7,4,0,0,1,0,0,0,0,0,0,0,2,0,1,0,2,1,0,0,0,0,0,0,0,5,5,0,0,0,2,2,0,0,13,5
4 - Δράμας,155 E.T. Δήμου Κάτω Νευροκοπίου,447,237,2,0,2,235,117,4,33,40,1,36,19,0,2,7,1,6,22,1,5,2,14,0,3,1,0,0,1,1,28,2,2,17,0,3,4,2,0,0,8,8,0,0,0,0,0,0,0,0,3,3,1,0,3,0,0,1,10,0,8,2,0,0,1,0,1,0,0,0,0,0,1,0,1,0,1,1,0,2,2,3,0,1,1,4,4,0,0,0,0,0,3,3,2,2
4 - Δράμας,156 E.T. Δήμου Κάτω Νευροκοπίου,461,249,3,0,3,246,113,3,21,62,2,25,28,3,0,4,4,15,38,0,8,6,23,0,4,0,0,0,1,2,15,2,0,9,2,1,8,5,1,0,3,2,0,0,0,0,2,0,1,0,3,2,2,1,3,3,0,0,13,3,8,2,0,0,0,0,0,0,0,0,1,0,0,0,0,0,0,0,0,0,0,3,0,0,1,1,1,2,2,0,0,0,1,0,6,4
4 - Δράμας,157 E.T. Δήμου Κάτω Νευροκοπίου,436,248,2,2,4,244,109,2,12,54,4,31,26,0,2,4,3,12,32,0,15,6,9,1,3,0,0,0,0,2,17,3,1,12,1,0,8,2,0,1,4,4,1,1,0,0,0,0,0,0,2,1,0,0,1,1,0,0,16,1,14,0,0,0,0,0,0,0,0,0,1,0,0,0,0,0,4,2,0,1,1,2,0,1,0,0,0,1,1,0,2,2,2,1,12,12
4 - Δράμας,158 E.T. Δήμου Κάτω Νευροκοπίου,217,136,0,1,1,135,78,5,36,27,0,3,15,0,0,3,1,7,11,0,1,8,1,0,4,0,1,0,0,1,2,0,1,0,1,0,4,0,1,1,2,2,0,0,0,0,0,0,0,0,0,0,0,0,3,0,1,1,7,2,2,2,0,0,0,0,0,0,0,0,0,0,0,0,0,0,0,0,0,0,0,4,4,0,0,1,1,0,0,0,1,0,0,0,3,1
4 - Δράμας,159 E.T. Δήμου Κάτω Νευροκοπίου,462,178,0,0,0,178,65,4,32,17,1,6,36,3,1,11,5,12,30,1,1,22,6,0,6,0,0,0,2,4,11,2,0,8,1,0,5,1,0,2,1,1,0,0,0,0,0,0,0,0,3,2,0,0,0,0,0,0,4,1,1,2,0,0,1,1,0,0,0,0,0,0,0,0,0,0,3,2,0,0,0,10,6,2,1,1,1,0,0,0,0,0,0,0,2,2
4 - Δράμας,160 E.T. Δήμου Κάτω Νευροκοπίου,379,148,3,1,4,144,72,4,20,43,0,5,8,0,0,0,0,7,20,0,2,10,3,4,3,1,0,0,0,1,12,2,0,1,6,2,1,1,0,0,8,8,0,0,0,0,0,0,0,0,4,3,0,0,0,0,0,0,9,4,1,4,1,0,0,0,0,0,0,0,0,0,0,0,0,0,1,0,0,0,0,3,2,0,0,0,0,1,1,0,0,0,0,0,1,1
4 - Δράμας,161 E.T. Δήμου Κάτω Νευροκοπίου,281,103,3,1,4,99,48,7,11,16,6,6,3,0,0,0,2,0,18,0,2,7,9,0,1,0,0,0,0,1,10,1,0,8,0,0,0,0,0,0,6,6,0,0,0,0,0,0,0,0,0,0,0,0,0,0,0,0,10,7,1,1,0,0,0,0,0,0,0,0,0,0,0,0,0,0,0,0,0,0,0,2,2,0,0,0,0,0,0,0,0,0,0,0,1,1
4 - Δράμας,162 E.T. Δήμου Κάτω Νευροκοπίου,359,152,7,2,9,143,54,2,35,11,0,4,24,2,2,15,1,3,25,0,9,11,5,0,6,0,1,0,0,1,16,4,0,3,4,2,2,0,0,0,2,2,0,0,0,0,1,0,0,0,0,0,0,0,0,0,0,0,9,5,2,2,0,0,0,0,0,0,0,0,1,0,0,0,0,0,1,1,0,1,1,0,0,0,0,0,0,0,0,0,0,0,1,1,0,0
4 - Δράμας,163 E.T. Δήμου Κάτω Νευροκοπίου,367,146,2,0,2,144,71,3,41,13,0,11,23,1,1,12,6,1,16,0,1,6,9,0,3,0,0,0,0,2,12,1,0,3,5,2,3,0,0,0,4,3,0,0,0,0,0,0,0,0,0,0,0,0,0,0,0,0,8,3,2,0,0,0,0,0,0,0,0,0,0,0,0,0,0,0,0,0,0,0,0,0,0,0,0,1,0,0,0,0,0,0,0,0,3,2
4 - Δράμας,164 E.T. Δήμου Κάτω Νευροκοπίου,490,208,3,2,5,203,94,5,41,30,5,7,11,2,2,1,0,4,46,2,7,20,17,0,0,0,0,0,0,0,14,0,1,1,2,3,1,1,0,0,13,12,0,0,0,0,0,0,0,0,2,2,1,0,0,0,0,0,11,6,2,0,0,0,1,0,0,1,0,0,0,0,0,0,0,0,0,0,0,2,1,0,0,0,0,2,2,0,0,0,1,1,1,1,3,2
4 - Δράμας,165 E.T. Δήμου Κάτω Νευροκοπίου,488,209,5,1,6,203,85,2,23,41,2,12,20,2,0,5,2,9,66,0,13,20,32,0,5,0,1,0,0,4,9,2,0,3,0,2,1,0,0,1,3,3,0,0,0,0,1,0,0,1,2,1,0,0,0,0,0,0,4,1,0,1,0,0,0,0,0,0,0,0,0,0,0,0,0,0,0,0,0,0,0,0,0,0,0,4,4,0,0,0,0,0,0,0,3,2
4 - Δράμας,166 E.T. Δήμου Κάτω Νευροκοπίου,276,103,1,1,2,101,37,0,8,8,0,20,5,0,0,0,3,2,16,1,2,8,5,0,1,0,0,0,0,1,8,0,0,7,0,1,1,1,0,0,30,30,0,0,0,0,0,0,0,0,0,0,0,0,0,0,0,0,1,0,1,0,0,0,0,0,0,0,0,0,0,0,0,0,0,0,0,0,0,0,0,0,0,0,0,1,1,0,0,0,0,0,0,0,1,1
4 - Δράμας,167 E.T. Δήμου Κάτω Νευροκοπίου,83,35,0,0,0,35,9,0,1,5,0,3,4,0,0,0,1,3,9,0,2,1,6,0,0,0,0,0,0,0,2,1,0,0,1,0,1,1,0,0,4,4,0,0,0,0,0,0,0,0,1,0,0,0,3,0,0,2,0,0,0,0,0,0,0,0,0,0,0,0,0,0,0,0,0,0,1,0,0,0,0,0,0,0,0,0,0,0,0,0,0,0,1,1,0,0
4 - Δράμας,168 E.T. Δήμου Κάτω Νευροκοπίου,513,224,5,4,9,215,100,7,52,21,1,11,24,2,1,3,0,14,38,1,5,14,15,0,4,0,0,0,0,3,11,3,1,1,2,1,3,0,0,0,4,4,1,0,0,0,1,0,0,0,4,3,0,0,1,0,1,0,17,3,0,7,0,0,1,0,0,0,0,0,0,0,0,0,0,0,0,0,0,0,0,1,0,0,0,0,0,0,0,0,0,0,1,1,4,2
4 - Δράμας,169 E.T. Δήμου Κάτω Νευροκοπίου,513,197,2,0,2,195,72,2,34,16,3,12,17,2,1,2,2,5,40,1,11,13,13,1,9,0,1,0,1,4,18,5,1,4,5,0,5,2,0,1,2,2,0,0,0,0,0,0,0,0,4,2,1,1,4,0,2,0,7,1,1,2,0,0,0,0,0,0,0,0,0,0,0,0,0,0,0,0,0,0,0,3,1,1,1,2,0,0,0,0,0,0,1,1,10,7
4 - Δράμας,170 E.T. Δήμου Κάτω Νευροκοπίου,272,130,6,2,8,122,64,0,30,26,1,3,14,0,0,3,1,6,7,0,2,2,2,0,1,0,0,0,0,1,10,3,0,3,0,2,0,0,0,0,7,7,0,0,0,0,0,0,0,0,0,0,0,0,1,0,0,1,5,0,4,1,1,1,0,0,0,0,0,0,0,0,0,0,0,0,1,0,0,0,0,3,2,0,1,0,0,1,1,0,0,0,3,2,4,1
4 - Δράμας,171 E.T. Δήμου Κάτω Νευροκοπίου,407,191,1,0,1,190,88,4,55,20,0,8,12,1,1,1,0,8,38,1,15,11,9,0,10,0,0,0,0,10,11,3,0,3,2,1,4,1,0,3,12,12,0,0,0,0,0,0,0,0,1,1,1,1,0,0,0,0,6,3,1,2,0,0,0,0,0,0,0,0,0,0,0,0,0,0,0,0,0,0,0,0,0,0,0,0,0,1,1,0,1,1,0,0,5,4
4 - Δράμας,172 E.T. Δήμου Κάτω Νευροκοπίου,402,157,5,0,5,152,83,2,51,18,1,10,10,0,1,0,2,6,21,0,3,6,11,0,6,1,0,0,0,5,10,0,0,4,3,0,1,0,0,1,12,10,0,0,0,0,0,0,0,0,0,0,1,0,0,0,0,0,4,2,0,2,0,0,0,0,0,0,0,0,0,0,0,0,0,0,1,1,0,1,1,0,0,0,0,0,0,0,0,0,2,2,0,0,0,0
4 - Δράμας,173 E.T. Δήμου Κάτω Νευροκοπίου,376,166,0,1,1,165,77,2,41,26,0,7,14,5,1,1,1,4,21,1,5,6,9,0,8,0,0,0,0,7,12,4,1,2,3,1,1,1,0,0,10,8,0,0,0,0,1,1,0,0,0,0,1,0,1,1,0,0,8,3,2,2,0,0,0,0,0,0,0,0,0,0,0,0,0,0,1,0,0,0,0,1,0,0,1,1,1,1,1,0,0,0,2,2,5,2
4 - Δράμας,174 E.T. Δήμου Κάτω Νευροκοπίου,533,222,2,0,2,220,108,3,29,45,1,29,20,2,1,1,3,7,49,0,19,19,9,0,1,0,0,0,0,0,14,0,0,1,11,0,3,2,0,0,5,4,0,0,0,0,0,0,0,0,1,0,0,0,1,0,0,1,8,1,4,0,0,0,0,0,0,0,0,0,0,0,0,0,0,0,1,0,0,1,1,0,0,0,0,1,1,1,0,0,0,0,0,0,6,4
4 - Δράμας,175 E.T. Δήμου Κάτω Νευροκοπίου,401,159,0,1,1,158,60,1,25,14,5,14,25,1,0,4,4,12,33,2,9,16,5,1,6,0,0,0,2,2,12,3,2,0,3,1,0,0,0,0,8,7,0,0,0,0,0,0,0,0,1,0,1,1,1,0,0,0,3,0,0,1,0,0,0,0,0,0,0,0,0,0,0,0,0,0,0,0,0,1,0,1,1,0,0,2,1,0,0,0,0,0,0,0,4,4
4 - Δράμας,176 E.T. Δήμου Παρανεστίου,528,245,6,0,6,239,112,0,25,30,2,54,23,5,0,3,3,8,18,0,8,1,9,0,8,2,2,0,0,1,19,3,1,3,5,2,3,1,0,0,5,5,1,1,0,0,1,1,0,0,0,0,2,2,1,0,1,0,18,1,1,11,0,0,0,0,0,0,1,0,0,0,1,0,1,0,1,1,0,0,0,5,3,0,1,4,4,1,1,0,2,2,2,2,11,6
4 - Δράμας,177 E.T. Δήμου Παρανεστίου,541,249,3,1,4,245,117,1,36,22,1,55,26,4,7,1,0,11,39,0,7,10,21,0,4,0,2,0,0,1,13,2,0,5,4,1,3,2,0,1,9,8,0,0,0,0,0,0,0,0,0,0,0,0,0,0,0,0,14,2,4,7,0,0,0,0,0,0,0,0,1,0,1,1,0,0,1,0,0,1,0,2,1,1,0,1,1,2,0,0,1,0,1,0,9,7
4 - Δράμας,178 E.T. Δήμου Παρανεστίου,548,271,1,2,3,268,116,0,20,24,1,66,31,3,3,1,5,17,37,0,10,5,18,1,12,6,2,1,0,1,26,4,0,11,5,2,6,2,1,1,2,2,0,0,0,0,0,0,0,0,2,1,4,2,0,0,0,0,16,1,2,11,0,0,0,0,0,0,0,0,0,0,1,1,0,0,0,0,0,1,0,2,1,0,1,2,1,0,0,0,3,3,0,0,7,7
4 - Δράμας,179 E.T. Δήμου Παρανεστίου,336,125,1,0,1,124,68,1,17,32,1,11,13,1,1,0,1,8,8,0,2,4,2,0,1,0,1,0,0,0,15,3,0,2,0,4,1,0,1,0,0,0,0,0,0,0,0,0,0,0,2,0,2,0,0,0,0,0,9,2,0,5,0,0,0,0,0,0,0,0,0,0,0,0,0,0,0,0,0,1,1,0,0,0,0,1,0,0,0,0,0,0,1,1,2,1
4 - Δράμας,180 E.T. Δήμου Παρανεστίου,435,201,1,2,3,198,96,3,40,38,1,9,25,2,3,2,5,13,27,1,5,17,3,0,7,1,2,3,0,0,7,1,0,2,2,0,5,4,0,0,2,2,0,0,0,0,2,0,0,1,0,0,0,0,0,0,0,0,16,3,3,7,0,0,0,0,0,0,0,0,0,0,0,0,0,0,2,1,0,0,0,1,0,0,0,1,1,0,0,0,1,1,1,0,5,4
4 - Δράμας,181 E.T. Δήμου Παρανεστίου,403,196,1,0,1,195,88,3,23,44,0,14,32,4,0,0,10,15,33,1,3,16,13,0,7,1,2,0,0,1,10,4,0,0,4,0,2,0,0,2,0,0,1,1,0,0,0,0,0,0,0,0,1,0,1,0,0,1,15,2,3,7,0,0,0,0,0,0,0,0,0,0,1,1,0,0,0,0,0,0,0,1,0,0,0,2,2,0,0,0,0,0,0,0,1,0
4 - Δράμας,182 E.T. Δήμου Παρανεστίου,462,215,0,1,1,214,97,5,34,25,0,27,17,4,0,1,3,6,60,6,11,25,15,0,1,0,0,0,1,0,12,3,1,5,1,0,2,0,1,1,2,1,0,0,1,1,0,0,0,0,1,0,0,0,1,0,1,0,7,2,1,3,0,0,0,0,0,0,0,0,0,0,1,1,0,0,3,2,1,1,0,1,0,0,0,2,1,0,0,0,1,0,1,1,3,3
4 - Δράμας,183 E.T. Δήμου Παρανεστίου,464,212,0,0,0,212,96,4,29,28,1,26,12,3,2,0,1,4,54,2,7,27,13,0,7,0,0,0,0,3,18,1,2,6,5,0,2,1,0,0,2,2,0,0,0,0,1,0,0,1,1,1,1,1,1,1,0,0,11,2,5,0,0,0,0,0,0,0,0,0,0,0,0,0,0,0,1,0,1,0,0,0,0,0,0,1,0,2,1,0,0,0,1,1,1,1
4 - Δράμας,184 E.T. Δήμου Παρανεστίου,249,123,0,0,0,123,51,0,16,16,0,16,14,2,1,0,2,8,21,1,6,9,5,0,6,2,0,2,1,1,6,2,1,1,1,0,3,2,0,1,0,0,0,0,0,0,0,0,0,0,0,0,1,1,1,0,1,0,7,3,1,1,0,0,0,0,0,0,1,1,0,0,0,0,0,0,0,0,0,3,3,2,2,0,0,2,1,0,0,0,0,0,0,0,5,3
4 - Δράμας,185 E.T. Δήμου Παρανεστίου,402,131,1,0,1,130,63,1,30,17,4,8,15,3,0,1,4,4,16,1,0,8,5,0,1,1,0,0,0,0,15,2,0,10,2,0,1,1,0,0,3,1,0,0,0,0,0,0,0,0,0,0,0,0,1,0,1,0,7,1,0,5,0,0,0,0,0,0,0,0,0,0,0,0,0,0,0,0,0,0,0,0,0,0,0,0,0,0,0,0,2,2,2,1,4,4
4 - Δράμας,186 E.T. Δήμου Παρανεστίου,250,112,1,0,1,111,41,3,9,26,0,3,14,2,1,2,1,7,31,0,7,10,12,0,1,0,0,0,0,0,7,1,1,1,1,1,2,1,0,1,1,1,0,0,0,0,0,0,0,0,0,0,1,1,0,0,0,0,5,1,1,2,0,0,0,0,0,0,0,0,0,0,0,0,0,0,1,0,0,0,0,5,5,0,0,0,0,0,0,0,0,0,0,0,2,2
4 - Δράμας,187 E.T. Δήμου Παρανεστίου,560,199,1,0,1,198,83,4,35,19,1,18,10,1,1,1,1,3,47,0,5,13,28,0,5,2,0,0,1,0,27,14,1,7,1,1,2,0,1,1,8,6,0,0,0,0,0,0,0,0,0,0,4,1,2,1,1,0,3,2,0,1,0,0,0,0,0,0,0,0,0,0,0,0,0,0,2,1,1,0,0,0,0,0,0,1,1,0,0,0,0,0,0,0,4,1
4 - Δράμας,188 E.T. Δήμου Παρανεστίου,568,277,6,1,7,270,114,3,44,46,0,12,31,6,3,1,8,9,25,0,6,9,9,1,8,3,0,1,1,1,32,12,0,5,2,4,1,0,0,1,14,13,0,0,0,0,1,1,0,0,6,6,1,0,1,0,0,1,14,4,3,5,0,0,1,0,0,0,0,0,0,0,2,0,2,0,2,1,0,0,0,2,2,0,0,1,1,1,0,0,3,1,1,0,9,7
4 - Δράμας,189 E.T. Δήμου Παρανεστίου,515,272,4,2,6,266,102,5,44,23,0,26,55,19,1,1,9,19,36,4,10,17,4,1,6,0,1,0,1,1,28,5,0,15,2,4,5,1,0,3,2,2,0,0,0,0,0,0,0,0,1,1,0,0,2,1,0,0,7,1,1,0,0,0,1,0,0,1,0,0,0,0,1,1,0,0,0,0,0,0,0,5,4,0,1,1,1,1,0,0,0,0,4,1,9,9
4 - Δράμας,190 E.T. Δήμου Παρανεστίου,511,250,2,2,4,246,88,7,38,17,2,23,33,7,2,1,6,16,50,6,7,20,16,1,10,1,2,0,2,0,23,8,0,8,1,3,3,1,0,1,8,7,0,0,0,0,0,0,0,0,1,1,0,0,0,0,0,0,18,5,2,4,1,1,0,0,0,0,0,0,0,0,0,0,0,0,0,0,0,2,1,1,0,0,1,1,0,1,1,0,2,1,2,2,2,1
4 - Δράμας,191 E.T. Δήμου Παρανεστίου,598,190,3,1,4,186,87,6,36,21,2,20,20,1,0,2,10,6,31,2,2,22,5,0,5,1,1,1,1,0,17,7,0,6,2,0,3,2,0,0,4,4,0,0,0,0,0,0,0,0,0,0,0,0,1,0,0,0,10,4,1,4,0,0,0,0,0,0,0,0,0,0,0,0,0,0,0,0,0,0,0,1,0,0,1,0,0,0,0,0,0,0,2,0,5,3
4 - Δράμας,192 E.T. Δήμου Παρανεστίου,411,169,6,1,7,162,55,1,23,13,1,10,25,6,1,2,3,9,50,18,6,20,4,0,3,0,1,0,0,0,13,1,0,4,4,0,0,0,0,0,2,2,0,0,0,0,0,0,0,0,1,1,0,0,0,0,0,0,4,1,2,0,0,0,0,0,0,0,0,0,0,0,0,0,0,0,1,1,0,1,1,2,1,0,1,0,0,0,0,0,0,0,0,0,5,2
4 - Δράμας,193 E.T. Δήμου Παρανεστίου,294,141,2,0,2,139,93,3,30,37,3,10,12,1,2,8,0,0,8,0,4,2,2,0,1,0,0,0,0,0,14,3,1,6,2,0,1,0,0,0,2,1,0,0,0,0,0,0,0,0,0,0,0,0,0,0,0,0,6,1,0,5,0,0,0,0,0,0,0,0,0,0,0,0,0,0,0,0,0,0,0,0,0,0,0,1,0,0,0,0,0,0,0,0,1,1
4 - Δράμας,194 E.T. Δήμου Προσοτσάνης,511,227,5,1,6,221,93,6,31,27,10,17,28,3,2,3,7,10,30,1,14,6,7,0,5,0,1,0,0,1,16,0,0,7,4,3,3,1,1,1,6,5,0,0,0,0,1,1,0,0,0,0,0,0,3,0,2,1,14,3,2,7,0,0,3,0,2,1,0,0,0,0,1,1,0,0,1,1,0,0,0,3,1,0,1,1,1,1,0,0,3,3,1,0,8,6
4 - Δράμας,195 E.T. Δήμου Προσοτσάνης,507,274,2,2,4,270,107,2,24,25,10,41,33,6,2,3,5,14,31,0,9,8,7,1,9,1,1,2,0,5,18,1,2,5,1,5,12,5,2,3,12,12,0,0,0,0,1,1,0,0,1,0,2,2,5,1,3,0,20,3,7,5,1,1,1,0,1,0,0,0,0,0,0,0,0,0,0,0,0,4,3,1,1,0,0,1,1,1,1,0,1,0,0,0,9,7
4 - Δράμας,196 E.T. Δήμου Προσοτσάνης,500,256,7,0,7,249,116,6,17,39,18,27,43,5,3,6,4,18,39,1,16,5,14,1,4,0,2,0,1,0,13,3,3,3,1,3,2,1,0,0,8,8,0,0,0,0,1,0,0,0,2,2,1,1,3,1,0,2,4,1,0,2,0,0,2,0,2,0,0,0,1,1,0,0,0,0,2,0,0,0,0,2,1,0,0,0,0,0,0,0,1,1,0,0,5,5
4 - Δράμας,197 E.T. Δήμου Προσοτσάνης,493,238,4,0,4,234,116,4,23,61,9,11,27,2,1,1,5,16,32,1,8,5,15,0,9,0,2,0,2,3,11,1,0,2,1,4,2,1,1,0,7,7,1,1,0,0,2,0,0,0,1,1,0,0,1,1,0,0,7,0,1,3,0,0,1,0,1,0,0,0,0,0,0,0,0,0,3,0,1,0,0,5,1,1,2,0,0,0,0,0,2,0,0,0,7,4
4 - Δράμας,198 E.T. Δήμου Προσοτσάνης,504,230,3,0,3,227,77,5,22,21,4,20,34,1,3,1,11,14,42,2,14,11,13,2,10,2,2,2,1,2,11,0,0,3,3,0,4,3,0,0,9,9,0,0,0,0,5,0,0,2,4,1,0,0,2,0,0,1,6,0,3,2,1,1,2,0,2,0,0,0,1,0,0,0,0,0,3,0,1,2,2,1,0,1,0,3,3,1,0,0,2,1,3,2,4,3
4 - Δράμας,199 E.T. Δήμου Προσοτσάνης,501,210,4,0,4,206,88,2,18,36,9,19,22,1,1,2,2,11,36,0,16,9,8,1,7,1,3,2,1,0,13,1,1,6,1,0,2,1,0,1,9,8,0,0,0,0,0,0,0,0,0,0,1,1,1,0,1,0,11,1,2,5,1,1,0,0,0,0,0,0,0,0,0,0,0,0,3,1,0,4,3,2,0,0,2,1,1,0,0,0,0,0,0,0,5,4
4 - Δράμας,200 E.T. Δήμου Προσοτσάνης,493,254,3,1,4,250,111,2,27,34,9,25,21,3,1,0,7,9,46,1,17,9,15,1,7,1,2,2,1,0,11,0,0,1,1,4,4,2,1,0,3,3,0,0,0,0,0,0,0,0,0,0,2,1,3,1,1,0,24,4,5,14,1,0,1,0,0,1,0,0,0,0,0,0,0,0,0,0,0,0,0,3,1,2,0,1,1,1,1,0,1,0,0,0,10,3
4 - Δράμας,201 E.T. Δήμου Προσοτσάνης,495,228,4,2,6,222,93,2,21,26,8,34,29,2,4,1,3,16,30,0,12,9,8,0,8,1,1,0,0,3,15,6,0,1,0,3,5,4,0,0,8,8,0,0,0,0,1,0,1,0,2,1,1,1,3,0,1,1,8,1,1,3,0,0,1,0,0,1,0,0,0,0,0,0,0,0,0,0,0,0,0,3,2,0,0,0,0,2,1,0,4,2,3,1,6,3
4 - Δράμας,202 E.T. Δήμου Προσοτσάνης,492,217,0,2,2,215,77,1,23,26,10,14,41,3,0,2,15,14,36,0,12,11,9,0,10,1,2,1,1,1,14,1,0,6,2,4,3,1,0,0,7,6,0,0,0,0,0,0,0,0,4,2,1,1,2,2,0,0,6,1,1,4,0,0,2,0,1,0,0,0,0,0,0,0,0,0,0,0,0,0,0,1,0,0,1,5,5,0,0,0,0,0,1,0,5,1
4 - Δράμας,203 E.T. Δήμου Προσοτσάνης,462,228,1,1,2,226,86,4,22,28,5,23,28,2,1,1,2,18,22,0,11,5,5,0,7,0,1,1,2,1,19,4,1,1,3,1,2,0,0,1,11,10,1,0,0,0,1,0,1,0,0,0,2,1,1,0,0,0,19,1,3,14,2,1,4,0,2,0,0,0,0,0,0,0,0,0,1,0,1,0,0,4,3,0,1,2,2,1,1,0,3,1,0,0,10,9
4 - Δράμας,204 E.T. Δήμου Προσοτσάνης,310,117,2,1,3,114,45,2,12,21,1,3,21,2,0,2,6,8,15,0,4,7,3,1,3,0,0,0,0,0,15,0,0,9,3,0,2,1,0,0,0,0,0,0,0,0,2,1,0,0,1,0,0,0,0,0,0,0,4,1,1,0,1,0,0,0,0,0,0,0,0,0,0,0,0,0,0,0,0,0,0,2,0,1,0,0,0,1,0,0,1,0,0,0,1,0
4 - Δράμας,205 E.T. Δήμου Προσοτσάνης,582,244,10,0,10,234,83,2,22,23,26,9,31,6,2,1,7,12,52,0,16,12,22,0,9,1,0,1,2,2,11,3,0,5,0,1,1,0,0,1,3,3,0,0,0,0,0,0,0,0,8,6,2,1,1,0,0,0,10,1,0,6,0,0,1,0,0,1,1,1,0,0,0,0,0,0,2,2,0,1,1,9,3,3,1,3,2,0,0,0,0,0,0,0,6,4
4 - Δράμας,206 E.T. Δήμου Προσοτσάνης,511,185,4,0,4,181,88,1,24,30,10,19,7,1,1,1,3,0,33,0,10,5,17,0,6,3,1,0,1,1,12,1,0,5,0,2,1,0,0,0,4,4,0,0,0,0,0,0,0,0,2,2,0,0,6,2,1,0,10,4,2,1,0,0,1,0,0,1,0,0,0,0,1,1,0,0,2,1,1,1,1,1,0,0,1,0,0,0,0,0,0,0,0,0,6,4
4 - Δράμας,207 E.T. Δήμου Προσοτσάνης,523,212,6,2,8,204,97,3,32,22,10,25,19,3,1,2,6,6,37,0,13,7,15,2,10,2,0,2,6,0,9,3,0,3,0,2,1,0,0,1,5,4,0,0,0,0,0,0,0,0,0,0,1,1,0,0,0,0,8,1,5,1,0,0,2,1,0,0,0,0,0,0,1,0,0,0,0,0,0,0,0,1,0,0,1,0,0,0,0,0,1,1,5,2,7,4
4 - Δράμας,208 E.T. Δήμου Προσοτσάνης,501,196,4,1,5,191,97,4,27,16,9,36,24,3,4,1,1,11,22,0,5,6,8,2,1,0,0,0,1,0,11,3,0,3,0,3,3,3,0,0,5,5,0,0,0,0,0,0,0,0,3,1,1,1,2,0,1,0,7,1,5,0,0,0,0,0,0,0,0,0,0,0,0,0,0,0,1,1,0,2,1,3,1,1,0,2,0,0,0,0,0,0,1,1,6,6
4 - Δράμας,209 E.T. Δήμου Προσοτσάνης,470,200,3,0,3,197,92,5,26,30,3,23,31,4,8,2,3,12,25,1,10,9,3,1,6,3,2,0,0,0,10,2,0,3,2,1,6,4,0,0,2,2,0,0,0,0,2,1,1,0,3,1,0,0,1,1,0,0,6,0,0,6,0,0,1,1,0,0,0,0,1,0,0,0,0,0,2,0,0,0,0,2,0,0,0,0,0,1,0,0,1,0,0,0,5,4
4 - Δράμας,210 E.T. Δήμου Προσοτσάνης,492,226,2,1,3,223,143,1,25,70,6,38,17,0,3,2,4,8,16,0,3,4,4,4,2,2,0,0,0,0,20,4,1,4,2,1,4,3,0,0,1,0,0,0,0,0,2,1,0,1,0,0,0,0,1,0,0,0,6,1,1,4,0,0,0,0,0,0,0,0,0,0,1,0,0,0,0,0,0,0,0,3,2,1,0,0,0,2,1,0,1,0,0,0,4,3
4 - Δράμας,211 E.T. Δήμου Προσοτσάνης,476,197,1,3,4,193,113,5,14,10,63,19,23,3,0,1,3,12,11,0,0,7,4,0,6,1,0,0,1,3,8,1,1,2,0,1,1,0,0,0,1,0,0,0,0,0,2,0,1,0,0,0,0,0,4,1,1,2,10,2,0,3,0,0,1,0,1,0,0,0,0,0,0,0,0,0,0,0,0,0,0,0,0,0,0,2,2,1,0,0,1,1,0,0,9,6
4 - Δράμας,212 E.T. Δήμου Προσοτσάνης,473,152,4,0,4,148,89,2,7,9,58,12,13,2,1,1,2,2,16,2,2,3,8,0,9,0,0,2,2,0,6,3,0,2,0,0,0,0,0,0,1,1,0,0,0,0,2,0,0,0,1,0,0,0,0,0,0,0,3,0,1,1,0,0,3,0,1,0,0,0,0,0,2,0,1,1,0,0,0,0,0,0,0,0,0,0,0,0,0,0,0,0,0,0,3,2
4 - Δράμας,213 E.T. Δήμου Προσοτσάνης,484,208,2,0,2,206,110,1,11,22,60,16,26,3,1,2,2,14,18,1,2,7,5,0,9,1,1,0,1,0,11,2,0,5,0,1,1,0,0,0,5,5,0,0,0,0,1,0,0,0,1,0,1,0,0,0,0,0,7,0,4,2,0,0,3,0,2,1,0,0,1,0,1,0,1,0,0,0,0,0,0,2,0,1,0,1,0,2,0,1,0,0,0,0,6,3
4 - Δράμας,214 E.T. Δήμου Προσοτσάνης,539,262,4,1,5,257,120,0,37,54,10,15,33,5,1,2,8,12,36,1,4,20,9,0,11,0,2,1,5,2,10,2,1,3,0,1,1,0,0,1,4,3,1,1,0,0,1,0,1,0,0,0,1,1,0,0,0,0,15,5,4,2,0,0,0,0,0,0,0,0,0,0,5,4,0,0,0,0,0,0,0,4,1,0,0,6,5,0,0,0,3,1,0,0,6,4
4 - Δράμας,215 E.T. Δήμου Προσοτσάνης,537,251,4,1,5,246,97,8,34,29,7,8,36,7,0,2,10,11,38,1,8,16,12,0,3,0,1,1,1,0,12,3,1,4,1,0,5,1,0,0,3,3,0,0,0,0,0,0,0,0,2,0,0,0,3,0,2,0,13,4,4,3,0,0,1,1,0,0,0,0,1,0,15,15,0,0,0,0,0,0,0,2,0,1,0,2,1,1,1,0,2,0,0,0,10,8
4 - Δράμας,216 E.T. Δήμου Προσοτσάνης,531,198,4,0,4,194,66,2,29,19,4,10,23,1,1,3,7,10,35,0,9,10,14,1,7,2,0,0,0,2,22,3,0,9,1,5,4,0,2,1,2,2,1,1,0,0,0,0,0,0,2,2,0,0,1,1,0,0,8,4,0,2,0,0,2,2,0,0,0,0,1,1,9,9,0,0,0,0,0,0,0,1,1,0,0,1,1,0,0,0,3,3,0,0,6,6
4 - Δράμας,217 E.T. Δήμου Προσοτσάνης,148,47,1,0,1,46,15,0,2,7,4,1,9,0,1,1,0,4,7,0,1,3,3,0,5,0,1,0,1,1,0,0,0,0,0,0,3,0,1,0,2,1,0,0,0,0,0,0,0,0,0,0,1,0,1,0,0,0,0,0,0,0,0,0,0,0,0,0,0,0,0,0,0,0,0,0,0,0,0,0,0,1,0,0,0,2,2,0,0,0,0,0,0,0,0,0
4 - Δράμας,218 E.T. Δήμου Προσοτσάνης,529,281,2,2,4,277,74,3,29,26,4,10,43,3,3,3,7,25,77,2,14,12,42,5,4,2,0,0,1,0,15,5,0,1,2,3,4,3,0,1,6,3,1,0,0,0,2,2,0,0,1,1,0,0,6,1,2,2,19,2,11,4,0,0,1,1,0,0,0,0,0,0,0,0,0,0,0,0,0,0,0,6,3,2,0,2,0,2,2,0,6,6,0,0,8,7
4 - Δράμας,219 E.T. Δήμου Προσοτσάνης,543,245,4,0,4,241,80,4,15,27,3,28,35,2,3,1,11,14,45,2,2,13,23,3,11,7,2,0,0,0,10,4,0,3,0,2,2,0,0,2,5,4,0,0,0,0,2,0,1,0,1,0,1,0,5,1,3,0,22,0,6,10,1,0,0,0,0,0,0,0,0,0,0,0,0,0,0,0,0,1,0,4,1,0,0,5,3,0,0,0,1,0,0,0,10,3
4 - Δράμας,220 E.T. Δήμου Προσοτσάνης,535,257,3,1,4,253,97,6,41,27,3,16,24,3,1,1,4,11,49,0,7,13,26,2,11,4,3,2,0,0,13,3,0,5,1,3,3,1,0,0,5,4,0,0,0,0,1,0,0,0,0,0,2,1,11,4,4,1,15,2,6,7,1,1,0,0,0,0,0,0,0,0,1,0,1,0,2,1,0,0,0,4,0,2,1,6,3,0,0,0,2,2,0,0,6,5
4 - Δράμας,221 E.T. Δήμου Προσοτσάνης,568,267,3,3,6,261,80,7,31,21,3,14,36,2,1,1,5,23,67,2,14,15,28,7,10,2,2,2,0,1,12,3,0,2,1,0,8,4,0,1,2,2,0,0,0,0,0,0,0,0,2,1,1,0,0,0,0,0,20,4,7,5,0,0,0,0,0,0,0,0,0,0,0,0,0,0,0,0,0,0,0,3,0,2,0,1,0,4,0,1,3,2,0,0,12,7
4 - Δράμας,222 E.T. Δήμου Προσοτσάνης,560,271,6,1,7,264,103,2,27,29,1,43,36,2,3,2,2,25,54,0,3,8,40,1,6,4,0,0,0,0,13,3,1,0,4,4,9,5,0,2,2,2,0,0,0,0,0,0,0,0,3,3,0,0,2,1,0,0,15,2,6,4,0,0,0,0,0,0,0,0,1,1,0,0,0,0,2,1,0,0,0,1,1,0,0,4,1,0,0,0,3,2,0,0,10,8
4 - Δράμας,223 E.T. Δήμου Προσοτσάνης,516,212,3,1,4,208,138,7,55,53,2,20,13,0,1,0,2,10,12,0,2,3,7,0,2,0,0,0,0,2,13,3,0,6,1,1,0,0,0,0,4,1,1,1,0,0,1,1,0,0,8,4,1,1,0,0,0,0,2,0,1,0,0,0,3,1,1,0,0,0,0,0,1,1,0,0,0,0,0,1,1,0,0,0,0,2,2,0,0,0,0,0,0,0,6,6
4 - Δράμας,224 E.T. Δήμου Προσοτσάνης,387,131,0,3,3,128,73,5,40,6,11,7,8,1,0,1,2,3,11,0,2,5,3,0,4,0,0,0,2,2,8,4,0,3,0,1,1,1,0,0,1,1,0,0,0,0,0,0,0,0,3,2,0,0,0,0,0,0,5,2,1,0,2,1,2,0,0,2,0,0,0,0,2,2,0,0,0,0,0,0,0,1,1,0,0,1,0,0,0,0,1,1,0,0,5,4
4 - Δράμας,225 E.T. Δήμου Προσοτσάνης,383,119,0,1,1,118,56,3,19,7,13,8,12,0,0,1,3,5,22,3,7,7,5,0,5,0,1,0,0,3,3,1,0,0,0,1,2,2,0,0,0,0,0,0,0,0,0,0,0,0,3,2,0,0,0,0,0,0,3,2,0,0,1,0,0,0,0,0,0,0,0,0,0,0,0,0,0,0,0,0,0,1,0,0,1,0,0,1,0,0,0,0,0,0,9,7
4 - Δράμας,226 E.T. Δήμου Προσοτσάνης,504,289,1,0,1,288,121,2,37,43,17,14,43,6,2,2,9,17,52,1,10,19,15,1,11,3,2,1,0,3,4,0,0,0,2,1,5,3,0,0,7,4,0,0,0,0,0,0,0,0,1,1,0,0,4,0,1,0,16,2,3,9,0,0,0,0,0,0,0,0,0,0,0,0,0,0,0,0,0,0,0,6,2,4,0,1,1,3,2,0,3,2,1,1,10,4
4 - Δράμας,227 E.T. Δήμου Προσοτσάνης,482,275,5,0,5,270,87,4,31,18,15,10,46,7,1,7,10,17,62,1,25,21,10,0,16,1,0,3,4,6,19,2,1,3,6,2,4,1,1,1,1,1,1,1,0,0,0,0,0,0,1,1,1,1,4,1,1,0,8,1,2,3,0,0,1,0,1,0,0,0,0,0,0,0,0,0,0,0,0,1,0,2,1,0,1,2,2,0,0,0,3,1,2,1,9,4
4 - Δράμας,228 E.T. Δήμου Προσοτσάνης,355,186,1,1,2,184,93,6,23,26,4,26,25,3,2,1,4,12,26,0,10,9,6,0,2,1,0,0,0,1,15,1,2,6,0,3,2,1,0,1,0,0,0,0,0,0,0,0,0,0,0,0,0,0,2,0,1,1,3,1,0,1,0,0,3,0,1,0,0,0,1,0,2,0,0,1,1,0,0,1,1,0,0,0,0,0,0,0,0,0,1,1,1,1,6,3
4 - Δράμας,229 E.T. Δήμου Προσοτσάνης,362,218,2,0,2,216,98,4,31,18,6,36,26,2,0,3,5,14,27,1,4,9,12,0,7,0,0,0,0,3,13,2,1,1,2,1,2,0,1,0,9,8,0,0,0,0,1,0,0,0,1,1,3,1,5,0,4,0,10,4,2,1,0,0,1,0,0,1,0,0,0,0,0,0,0,0,0,0,0,0,0,4,0,2,1,1,1,0,0,0,1,1,0,0,7,5
4 - Δράμας,230 E.T. Δήμου Προσοτσάνης,612,300,5,2,7,293,98,6,46,29,7,9,34,1,2,1,2,20,104,4,40,35,17,1,4,0,0,1,0,1,17,7,0,4,2,1,3,1,1,0,3,1,0,0,0,0,0,0,0,0,1,0,0,0,2,0,1,0,14,1,2,8,0,0,0,0,0,0,0,0,0,0,0,0,0,0,0,0,0,0,0,5,3,0,0,1,0,1,1,0,0,0,0,0,6,4
4 - Δράμας,231 E.T. Δήμου Προσοτσάνης,468,224,7,1,8,216,39,2,15,6,5,8,42,3,2,3,5,25,57,2,11,23,19,1,13,0,3,5,1,1,18,2,1,10,1,2,5,2,0,2,9,9,0,0,0,0,0,0,0,0,1,1,2,0,3,0,2,1,4,0,1,3,0,0,0,0,0,0,0,0,0,0,5,4,0,0,4,1,0,2,1,4,2,0,0,0,0,0,0,0,1,0,4,2,3,2
4 - Δράμας,232 E.T. Δήμου Προσοτσάνης,494,240,2,0,2,238,91,3,38,21,6,14,22,0,0,1,3,12,55,2,17,24,8,3,8,0,2,1,0,1,31,4,1,19,1,4,3,1,0,0,1,0,0,0,0,0,0,0,0,0,0,0,0,0,1,0,0,0,15,2,2,9,0,0,1,0,0,1,0,0,0,0,0,0,0,0,0,0,0,0,0,1,0,1,0,0,0,0,0,0,1,1,0,0,8,4
4 - Δράμας,233 E.T. Δήμου Προσοτσάνης,360,167,3,0,3,164,43,1,13,19,1,4,34,7,1,8,4,14,41,0,9,25,6,0,13,0,3,5,1,1,9,4,0,1,2,1,3,2,0,0,3,3,1,0,0,0,0,0,0,0,1,1,1,0,0,0,0,0,10,2,2,2,0,0,0,0,0,0,0,0,0,0,0,0,0,0,0,0,0,0,0,1,0,0,0,0,0,0,0,0,1,1,1,0,2,0
4 - Δράμας,234 E.T. Δήμου Προσοτσάνης,361,181,2,0,2,179,46,1,9,13,4,17,35,11,2,4,4,13,49,6,7,22,13,0,9,3,1,0,0,3,11,3,1,1,2,2,4,1,0,3,2,2,0,0,0,0,0,0,0,0,2,2,2,2,0,0,0,0,8,1,3,3,0,0,1,0,0,0,1,0,0,0,0,0,0,0,0,0,0,3,3,1,1,0,0,3,3,1,0,0,0,0,0,0,1,0
4 - Δράμας,235 E.T. Δήμου Προσοτσάνης,375,194,4,0,4,190,39,3,8,10,8,6,43,8,2,2,3,19,35,3,8,19,4,0,11,2,3,1,0,2,23,2,1,5,3,4,1,0,0,0,1,1,0,0,0,0,0,0,0,0,1,1,0,0,3,1,1,0,11,3,0,7,0,0,0,0,0,0,0,0,1,0,0,0,0,0,0,0,0,1,1,2,0,2,0,5,3,0,0,0,2,1,0,0,11,7
4 - Δράμας,236 E.T. Δήμου Προσοτσάνης,501,298,5,1,6,292,120,9,43,35,1,24,35,4,0,1,19,8,59,0,8,27,20,0,10,2,4,3,0,1,12,5,1,1,1,0,2,1,1,0,11,9,0,0,0,0,1,0,0,0,2,0,0,0,0,0,0,0,15,3,5,2,0,0,0,0,0,0,0,0,0,0,0,0,0,0,3,2,0,0,0,5,3,0,1,1,0,2,1,1,4,3,4,1,6,5
4 - Δράμας,237 E.T. Δήμου Προσοτσάνης,501,242,0,1,1,241,81,8,19,30,1,18,31,3,1,1,5,13,40,1,14,11,13,0,14,2,0,0,2,8,16,4,1,2,0,3,7,3,0,1,9,9,0,0,0,0,0,0,0,0,1,0,1,0,3,1,0,1,19,5,7,3,1,0,1,0,0,0,0,0,0,0,0,0,0,0,3,1,0,0,0,0,0,0,0,2,1,0,0,0,3,3,0,0,9,4
4 - Δράμας,238 E.T. Δήμου Προσοτσάνης,512,293,5,1,6,287,142,8,48,53,2,29,26,3,1,1,6,12,40,0,6,15,16,1,7,1,1,1,0,2,11,2,0,4,2,2,7,3,1,2,4,4,0,0,0,0,2,0,0,0,2,2,0,0,3,0,0,1,21,3,4,13,1,1,0,0,0,0,0,0,0,0,1,0,0,0,1,0,0,1,1,1,0,1,0,1,0,1,1,0,2,2,1,1,12,10
4 - Δράμας,239 E.T. Δήμου Προσοτσάνης,508,274,3,3,6,268,116,17,43,30,0,20,38,8,3,1,13,12,50,1,12,22,14,0,7,0,3,1,0,2,15,5,1,1,4,3,4,3,0,1,3,3,2,2,0,0,0,0,0,0,2,2,4,3,3,0,2,1,8,1,5,1,0,0,1,1,0,0,0,0,1,1,0,0,0,0,0,0,0,1,0,3,1,2,0,0,0,0,0,0,3,2,0,0,7,6
4 - Δράμας,Ετερ. Δράμας (από 8ο Ε.Τ. Νομ. Θεσσαλονικης),285,176,3,0,3,173,65,7,19,18,5,6,34,1,7,4,4,10,20,2,4,8,0,3,6,0,1,0,1,1,13,5,0,2,1,3,6,2,1,0,1,0,1,0,0,0,0,0,0,0,3,3,0,0,2,1,1,0,8,2,2,1,0,0,0,0,0,0,0,0,0,0,0,0,0,0,0,0,0,0,0,0,0,0,0,1,0,0,0,0,0,0,0,0,13,11
4 - Δράμας,Ετερ. Δράμας (από 9ο Ε.Τ. Νομ. Θεσσαλονικης),274,172,8,2,10,162,68,12,26,14,6,4,26,1,2,5,7,7,19,0,2,11,5,1,15,2,2,0,1,5,6,2,0,2,0,1,4,1,0,0,2,2,0,0,0,0,0,0,0,0,0,0,0,0,2,1,1,0,6,2,3,0,0,0,0,0,0,0,0,0,0,0,0,0,0,0,1,0,0,0,0,1,1,0,0,3,1,0,0,0,0,0,0,0,9,7
4 - Δράμας,Ετερ. Δράμας (από Εφετείο Θεσσαλονίκης),51,25,0,0,0,25,10,1,6,3,0,0,1,0,0,1,0,0,4,1,0,2,0,0,2,0,0,0,0,1,2,0,0,1,0,1,2,2,0,0,0,0,0,0,0,0,0,0,0,0,0,0,0,0,0,0,0,0,1,0,0,0,0,0,0,0,0,0,1,0,0,0,1,0,0,0,0,0,0,0,0,1,0,0,0,0,0,0,0,0,0,0,0,0,0,0
4 - Δράμας,Ετερ. Δράμας (από 37ο Ε.Τ. Νομ. Αττικης-Αθηνών),333,225,0,1,1,224,93,23,26,15,9,8,57,4,7,9,7,14,23,1,4,11,3,1,15,4,2,3,2,2,11,1,0,2,2,4,6,3,0,1,0,0,1,0,0,0,0,0,0,0,2,2,2,1,3,1,1,0,4,0,1,1,0,0,0,0,0,0,0,0,0,0,0,0,0,0,0,0,0,0,0,2,0,1,1,0,0,0,0,0,0,0,0,0,5,3
4 - Δράμας,Ετερ. Δράμας (από 38ο Ε.Τ. Νομ. Αττικης-Αθηνών),333,228,3,2,5,223,94,8,22,29,10,16,45,5,4,5,11,6,27,3,2,14,4,1,25,3,3,4,0,4,6,3,0,0,2,1,4,1,1,0,0,0,1,0,0,0,1,1,0,0,0,0,2,1,0,0,0,0,5,1,0,0,0,0,0,0,0,0,0,0,0,0,0,0,0,0,0,0,0,0,0,4,2,0,1,3,3,0,0,0,0,0,0,0,6,5
Σύνολο,,114364,59985,1001,307,1308,58677,23122,1335,7378,7246,905,4739,8150,806,579,610,1389,3706,9934,304,2764,2950,3206,274,2307,287,461,341,315,365,4049,862,148,1290,578,400,1238,407,123,275,1128,1003,65,34,11,5,168,32,24,49,375,238,195,117,570,196,147,82,3128,539,716,1353,63,42,138,36,27,38,13,3,43,20,143,78,18,24,228,83,50,189,128,528,194,109,83,452,302,156,68,17,390,242,180,108,1714,1141
