ΠΕΡΙΦΕΡΕΙΑ,ΕΚΛΟΓΙΚΟ ΤΜΗΜΑ,ΕΓΓΕΓΡΑΜΜΕΝΟΙ,ΨΗΦΙΣΑΝΤΕΣ,ΑΚΥΡΑ,ΛΕΥΚΑ,ΑΚΥΡΑ & ΛΕΥΚΑ,ΕΓΚΥΡΑ,Νέα Δημοκρατία,ΓΕΩΡΓΑΝΤΑΣ ΓΕΩΡΓΙΟΣ του Παύλου,ΚΙΛΤΙΔΗΣ ΚΩΝΣΤΑΝΤΙΝΟΣ του Βασιλείου,ΠΑΚΑ-ΚΥΜΠΑΡΙΔΗ ΚΑΛΛΙΣΘΕΝΗ του Σταύρου,ΣΑΚΑΛΑΚΗ ΑΝΝΑ του Σοφοκλή,ΣΑΧΠΕΚΙΔΗΣ ΝΙΚΟΛΑΟΣ του Αναστασίου,ΣΥΡΙΖΑ,ΔΗΜΗΤΡΙΑΔΗΣ ΛΕΩΝΙΔΑΣ του Κωνσταντίνου,ΕΜΜΑΝΟΥΗΛΙΔΟΥ ΔΗΜΗΤΡΑ του Παναγιώτη,ΠΑΝΑΓΙΩΤΙΔΟΥ ΜΑΡΙΑ (ΜΑΝΙΑ) του Αντωνίου,ΠΑΠΠΑΣ ΠΕΤΡΟΣ του Μιχαήλ,ΤΟΝΙΚΙΔΗΣ ΠΑΥΛΟΣ του Σπυρίδωνα,ΠΑΣΟΚ-Κίνημα Αλλαγής,ΠΑΡΑΣΤΑΤΙΔΗΣ ΣΤΕΦΑΝΟΣ του Θεοδώρου,ΤΟΜΠΟΥΛΙΔΟΥ ΚΥΡΙΑΚΗ του Γεωργίου,ΦΡΑΓΓΙΔΗΣ ΓΕΩΡΓΙΟΣ του Σταύρου,ΧΑΡΑΛΑΜΠΙΔΟΥ ΚΩΝΣΤΑΝΤΙΑ - ΑΥΡΑ (ΝΤΙΝΑ) του Γεωργίου,ΧΑΡΤΟΜΑΤΣΙΔΟΥ - ΝΤΑΣΗ ΑΝΑΣΤΑΣΙΑ του Σωτηρίου,Κ.Κ.Ε.,ΑΛΤΙΠΑΡΜΑΚΙΔΟΥ ΜΑΡΙΑ (ΡΙΑ) του Μιλτιάδη,ΝΙΚΟΛΑΪΔΟΥ ΣΤΑΥΡΟΥΛΑ του Κοσμά,ΣΜΥΔΑΚΗΣ ΧΑΜΟΥΡΟΥΔΗΣ ΗΛΙΑΣ του Παρασκευά,ΤΕΜΕΚΕΝΙΔΟΥ ΠΑΡΘΕΝΑ (ΜΕΜΑ) του Ιωάννη,ΤΣΑΟΥΣΙΔΗΣ ΚΩΝΣΤΑΝΤΙΝΟΣ του Λαζάρου,Ελληνική Λύση - Κ. Βελόπουλος,ΒΑΓΓΕΛΑΣ ΓΕΩΡΓΙΟΣ του Μιχαήλ,ΓΕΩΡΓΙΑΔΗΣ ΚΩΝΣΤΑΝΤΙΝΟΣ του Γεωργίου,ΜΠΑΣΛΗ ΜΑΡΙΑ του Αποστόλου,ΣΑΒΒΙΔΟΥ ΠΑΡΘΕΝΑ (ΝΟΥΛΑ) του Ιωάννη,ΤΣΑΝΤΗΛΟΓΙΑΝΝΗΣ ΝΙΚΟΛΑΟΣ του Αθανασίου,ΜέΡΑ25-ΣΥΜΜΑΧΙΑ ΓΙΑ ΤΗ ΡΗΞΗ,ΚΟΥΛΙΝΑΣ ΑΝΑΣΤΑΣΙΟΣ του Δημητρίου,ΜΑΛΙΑΡΑ ΔΕΣΠΟΙΝΑ του Άγγελου,ΜΠΙΜΠΑΣΗΣ ΧΡΗΣΤΟΣ του Γεωργίου,ΡΕΠΠΑΣ ΣΤΕΦΑΝΟΣ του Σταματίου,ΣΠΥΡΛΙΑΔΟΥ ΣΟΦΙΑ του Νικολάου,ΕΝΩΝΩ ΣΥΜΜΑΧΙΑ ΕΛΕΥΘΕΡΙΑΣ,ΜΑΥΡΑΓΑΝΗ ΜΑΡΙΑ ΔΗΜΗΤΡΑ του Ανδρέα,Κ.Κ.Ε. (μ-λ),ΒΑΡΝΑΒΑ ΚΩΝΣΤΑΝΤΙΝΑ του Στυλιανού,Ο.Κ.Δ.Ε.,ΚΑΖΑΝΤΖΙΔΗΣ ΚΩΝΣΤΑΝΤΙΝΟΣ του Γεωργίου,ΑΝΤ.ΑΡ.ΣΥ.Α.,ΑΝΔΡΕΑΔΟΥ ΗΛΕΚΤΡΑ του Ιωάννη,ΔΑΝΑΚΤΣΗΣ ΚΩΝΣΤΑΝΤΙΝΟΣ του Νικολάου,ΜΑΡΟΥΛΑΣΟΒ ΛΕΩΝΙΔΑΣ του Τσαμπούκα,Κίνημα 21,ΣΙΑΓΓΑΝΑΣ ΜΙΧΑΗΛ του Ιωάννη,ΕΘΝΙΚΗ ΔΗΜΙΟΥΡΓΙΑ,ΚΑΠΑΜΑ ΣΠΥΡΟΥΛΑ του Ιωάννη,ΚΑΡΑΚΑΤΣΑΝΙΔΗΣ ΔΗΜΗΤΡΙΟΣ του Νικολάου,ΠΟΥΛΙΟΣ ΒΑΣΙΛΕΙΟΣ του Δημητρίου,ΡΑΓΤΖΗ ΝΙΚΗ του Ιωάννη,ΤΡΙΑΝΤΑΦΥΛΛΙΔΗΣ ΔΗΜΟΣΘΕΝΗΣ του Μιχαήλ,ΝΙΚΗ,ΘΕΟΧΑΡΑΚΗΣ ΗΛΙΑΣ του Αθανασίου,ΚΑΜΠΑΤΑΓΗ ΑΝΑΣΤΑΣΙΑ του Γεωργίου,ΚΕΜΕΝΤΣΕΤΣΙΔΗΣ ΙΩΑΝΝΗΣ του Θεοφίλου,κοινωνία αξιών,ΘΗΡΑΙΟΥ ΕΛΕΥΘΕΡΙΑ του Δημητρίου,ΒΟΡΕΙΑ ΛΕΓΚΑ - ΚΡΑΜΑ,ΔΗΜΗΤΡΙΑΔΟΥ ΑΝΝΑ του Κυριάκου,ΟΥΖΟΥΝΙΔΗΣ ΜΑΡΙΟΣ του Γρηγόριου,ΤΖΩΡΤΖΑΚΗΣ ΓΕΩΡΓΙΟΣ του Μιχαήλ,Μ-Λ Κ.Κ.Ε.,ΖΑΧΑΡΟΠΟΥΛΟΥ ΙΩΑΝΝΑ του Ευάγγελου,Ελλήνων Συνέλευσις,ΑΠΑΤΣΙΔΟΥ ΧΡΙΣΤΙΝΑ του Παναγιώτη,ΔΑΝΙΗΛΙΔΗΣ ΠΑΝΑΓΙΩΤΗΣ του Λαζάρου,ΜΙΧΑΗΛΙΔΗΣ ΠΑΥΛΟΣ του Αντωνίου,Ένωση Κεντρώων,ΚΑΡΑΚΩΣΤΗΣ ΔΗΜΗΤΡΙΟΣ του Στέργιου,ΤΩΡΑ ΟΛΟΙ ΜΑΖΙ (Τ.ΟΛ.ΜΑ),ΒΑΛΑΒΑΝΙΔΟΥ ΒΑΣΙΛΙΚΗ του Δημοσθένη,ΣΥΜΜΑΧΙΑ ΑΝΑΤΡΟΠΗΣ,ΚΑΙΣΑΡΙΔΗΣ ΝΙΚΟΛΑΟΣ του Ηλία,ΚΑΡΑΜΙΧΑΛΗΣ ΠΑΝΑΓΙΩΤΗΣ του Ιωάννη,ΜΟΥΡΑΤΙΔΟΥ ΜΑΡΙΑ του Παναγιώτη,ΠΟΛΙΤΙΚΗ ΠΡΩΤΟΒΟΥΛΙΑ ,ΑΝΑΝΙΑΔΗΣ ΖΑΧΑΡΙΑΣ του Παναγιώτη,ΠΝΟΗ ΔΗΜΟΚΡΑΤΙΑΣ,ΔΗΜΗΤΡΙΑΔΗΣ ΓΕΩΡΓΙΟΣ του Ηρακλή,ΠΡΑΣΙΝΟ ΚΙΝΗΜΑ,ΧΑΝΤΑΒΑΡΙΔΟΥ ΜΑΡΙΑ του Νικολάου,ΕΑΝ...,ΠΑΠΑΛΕΞΟΠΟΥΛΟΣ ΑΓΓΕΛΟΣ του Γεωργίου,ΕΝΟΤΗΤΑ - ΑΛΗΘΕΙΑ ΕΝ.Α,ΜΟΥΡΑΤΙΔΗΣ ΧΡΗΣΤΟΣ του Παύλου,Πλεύση Ελευθερίας - Ζωή Κωνστ.,ΤΣΙΟΥΡΗ ΕΥΑΓΓΕΛΙΑ του Σωτηρίου
10 - Κιλκίς,1 E.T. Δήμου Κιλκίς,443,243,3,1,4,239,84,26,24,12,4,11,56,22,2,0,7,23,43,27,0,16,0,0,9,1,0,0,5,1,16,0,11,0,3,0,3,0,1,2,0,0,0,0,0,0,0,0,0,0,0,0,0,0,2,0,0,0,0,2,14,2,2,4,0,0,0,0,0,0,0,0,0,0,0,0,1,1,0,0,1,1,0,0,0,0,0,0,0,0,0,0,0,0,10,9
10 - Κιλκίς,2 E.T. Δήμου Κιλκίς,443,244,5,0,5,239,85,27,26,11,3,10,27,9,1,1,3,8,43,25,3,14,0,0,21,1,2,0,5,8,17,2,6,0,7,0,8,2,1,0,0,0,0,0,0,0,0,0,2,0,1,1,6,4,0,0,0,0,0,0,17,8,4,2,0,0,0,0,0,0,0,0,1,0,0,0,1,1,1,0,2,0,0,0,0,0,1,0,1,0,0,0,1,0,5,2
10 - Κιλκίς,3 E.T. Δήμου Κιλκίς,447,245,9,3,12,233,66,29,25,6,3,2,40,18,0,1,7,12,52,32,2,13,0,0,21,3,1,1,14,1,13,2,3,0,4,0,4,2,0,1,0,0,1,1,0,0,0,0,0,0,0,0,3,3,1,0,0,0,0,1,8,4,0,1,0,0,0,0,0,0,1,1,0,0,0,0,2,1,1,0,3,0,0,0,1,1,2,0,0,0,0,0,1,0,13,11
10 - Κιλκίς,4 E.T. Δήμου Κιλκίς,437,236,5,1,6,230,77,20,25,16,2,7,39,18,1,0,1,14,48,28,2,16,1,0,15,3,0,1,4,1,21,2,11,0,5,0,3,1,0,0,1,0,0,0,0,0,0,0,0,0,0,0,1,0,0,0,0,0,0,0,15,6,3,4,0,0,0,0,0,0,0,0,0,0,0,0,0,0,0,0,0,0,0,0,0,0,2,1,2,0,0,0,0,0,7,5
10 - Κιλκίς,5 E.T. Δήμου Κιλκίς,375,213,5,0,5,208,57,18,12,19,7,1,42,6,3,4,5,16,50,32,2,13,0,1,4,1,1,0,2,0,25,4,7,3,7,0,1,0,0,0,1,0,2,0,0,0,0,0,1,1,0,0,0,0,1,0,0,0,0,0,17,10,0,5,2,2,1,0,0,0,0,0,0,0,0,0,0,0,1,1,1,0,0,0,1,0,0,0,0,0,0,0,0,0,2,2
10 - Κιλκίς,6 E.T. Δήμου Κιλκίς,388,235,4,1,5,230,79,22,12,25,10,3,33,12,2,3,5,6,48,18,2,24,0,1,4,2,1,0,0,0,26,1,7,3,11,0,4,0,1,1,0,1,1,0,2,1,0,0,0,0,0,0,0,0,2,0,1,0,1,0,21,6,1,13,1,1,0,0,0,0,2,1,1,0,0,1,0,0,0,0,0,0,0,0,0,0,0,0,1,1,1,1,0,0,4,4
10 - Κιλκίς,7 E.T. Δήμου Κιλκίς,374,212,3,0,3,209,74,28,15,21,2,2,11,3,0,1,4,3,42,23,1,15,0,1,12,2,2,0,3,1,31,7,6,1,11,2,2,2,0,0,0,0,0,0,0,0,0,0,0,0,0,0,0,0,2,0,1,0,0,0,21,4,1,13,0,0,0,0,0,0,0,0,0,0,0,0,0,0,0,0,0,0,0,0,0,0,3,3,2,2,1,1,2,2,6,4
10 - Κιλκίς,8 E.T. Δήμου Κιλκίς,633,423,4,6,10,413,130,48,36,7,14,7,63,8,3,6,26,12,82,65,3,9,2,0,16,3,2,0,3,1,48,2,4,0,34,0,12,2,2,0,0,1,1,1,1,0,0,0,1,1,0,0,2,1,1,0,0,1,0,0,30,15,4,2,0,0,0,0,0,0,0,0,0,0,0,0,1,0,2,1,2,0,1,0,1,1,1,1,2,0,0,0,3,1,14,7
10 - Κιλκίς,9 E.T. Δήμου Κιλκίς,525,331,3,1,4,327,128,54,32,17,7,8,45,5,6,4,21,4,39,16,0,21,0,0,29,4,3,0,16,2,31,4,7,0,11,2,7,3,1,0,0,2,3,3,5,5,1,1,2,0,0,2,3,3,0,0,0,0,0,0,9,5,2,1,0,0,0,0,0,0,0,0,2,1,1,0,4,4,1,1,5,2,0,3,1,1,1,1,2,2,2,2,2,2,5,5
10 - Κιλκίς,10 E.T. Δήμου Κιλκίς,562,361,8,4,12,349,104,32,28,21,5,4,62,10,3,2,23,16,25,12,1,10,0,0,22,5,2,0,8,1,59,5,17,6,19,3,9,1,2,3,0,2,0,0,0,0,0,0,2,1,0,0,1,0,4,0,1,2,0,0,20,10,0,7,2,1,0,0,0,0,0,0,0,0,0,0,2,0,2,2,8,3,0,2,3,2,3,3,7,5,2,1,0,0,12,7
10 - Κιλκίς,11 E.T. Δήμου Κιλκίς,518,315,4,2,6,309,105,39,26,16,7,7,61,8,2,2,25,15,27,13,2,12,0,0,40,2,3,0,17,3,31,3,11,2,7,0,6,1,1,0,0,1,0,0,3,2,1,0,3,0,0,0,3,2,0,0,0,0,0,0,13,3,3,3,0,0,1,0,1,0,0,0,0,0,0,0,1,1,1,1,2,1,0,0,0,0,1,1,3,2,0,0,0,0,7,6
10 - Κιλκίς,12 E.T. Δήμου Κιλκίς,439,277,3,3,6,271,87,14,24,15,2,20,45,18,3,4,2,13,34,15,1,17,0,0,40,1,3,0,34,0,28,3,7,2,11,0,5,0,0,0,0,2,2,1,1,1,1,0,0,0,0,0,1,1,2,0,0,0,0,0,10,0,5,2,0,0,1,0,1,0,0,0,1,0,0,0,1,0,0,0,4,1,0,2,0,0,1,0,0,0,0,0,0,0,7,3
10 - Κιλκίς,13 E.T. Δήμου Κιλκίς,410,242,4,1,5,237,112,35,30,14,14,6,31,1,2,1,10,12,16,5,1,9,0,0,13,2,0,0,1,4,19,1,4,1,6,0,5,2,0,1,0,1,1,0,0,0,0,0,0,0,0,0,0,0,2,0,0,1,0,1,23,12,1,3,0,0,0,0,0,0,0,0,0,0,0,0,1,0,0,0,1,0,0,0,0,0,0,0,3,1,0,0,0,0,10,5
10 - Κιλκίς,14 E.T. Δήμου Κιλκίς,414,261,7,1,8,253,79,27,26,10,6,2,40,6,3,3,10,13,50,22,0,26,1,0,9,1,0,0,2,2,29,7,5,1,5,0,12,1,1,3,1,2,3,1,0,0,0,0,0,0,0,0,0,0,0,0,0,0,0,0,15,6,3,4,0,0,0,0,0,0,0,0,1,1,0,0,1,0,1,1,0,0,0,0,0,0,2,2,1,0,1,1,0,0,9,9
10 - Κιλκίς,15 E.T. Δήμου Κιλκίς,378,236,2,1,3,233,122,33,27,32,10,3,34,2,4,0,6,20,26,13,0,9,0,1,5,0,2,0,0,0,12,1,1,0,4,0,5,0,0,1,0,1,1,0,0,0,0,0,1,0,0,0,0,0,3,0,0,0,0,0,13,4,1,3,0,0,0,0,0,0,0,0,0,0,0,0,0,0,0,0,1,0,0,0,0,0,2,2,0,0,0,0,0,0,8,7
10 - Κιλκίς,16 E.T. Δήμου Κιλκίς,494,281,8,3,11,270,132,48,32,19,11,9,22,2,2,1,12,4,35,8,7,18,0,0,7,0,0,1,1,3,19,1,9,2,4,0,2,0,1,0,0,0,0,0,2,1,0,0,3,3,0,0,3,3,5,0,0,0,0,2,20,10,1,6,0,0,1,0,1,0,1,1,1,1,0,0,2,2,1,0,3,1,1,1,0,0,4,4,1,1,0,0,0,0,6,3
10 - Κιλκίς,17 E.T. Δήμου Κιλκίς,265,190,4,1,5,185,120,36,30,37,0,13,8,5,0,0,2,1,18,11,0,6,0,0,3,1,1,0,0,0,12,0,1,1,7,0,0,0,0,0,0,0,0,0,0,0,0,0,0,0,0,0,1,0,0,0,0,0,0,0,17,6,1,9,0,0,0,0,0,0,0,0,0,0,0,0,0,0,1,1,1,0,0,1,1,0,1,1,0,0,1,1,0,0,1,0
10 - Κιλκίς,18 E.T. Δήμου Κιλκίς,459,295,5,2,7,288,122,78,22,6,5,8,72,24,2,2,12,31,41,22,1,17,0,0,13,2,3,2,4,0,15,0,2,3,10,0,0,0,0,0,0,0,1,1,0,0,0,0,0,0,0,0,1,1,0,0,0,0,0,0,9,1,2,5,0,0,2,0,1,0,0,0,1,1,0,0,2,1,1,1,2,1,1,0,0,0,1,1,0,0,1,1,0,0,4,3
10 - Κιλκίς,19 E.T. Δήμου Κιλκίς,556,295,3,0,3,292,138,46,33,12,12,26,46,2,1,0,18,24,35,23,4,8,0,0,26,2,2,0,3,18,20,5,2,0,9,0,1,0,0,0,0,1,2,0,0,0,0,0,1,0,0,0,4,4,0,0,0,0,0,0,5,1,1,3,0,0,0,0,0,0,0,0,0,0,0,0,0,0,0,0,1,0,0,0,0,0,6,6,0,0,0,0,2,2,5,4
10 - Κιλκίς,20 E.T. Δήμου Κιλκίς,554,315,3,0,3,312,94,35,15,18,4,16,63,2,1,3,14,35,48,25,1,21,0,0,31,4,2,0,2,20,36,20,3,1,3,0,10,1,0,4,1,3,1,0,0,0,1,0,0,0,0,0,0,0,7,0,1,6,0,0,8,3,0,4,0,0,1,1,0,0,0,0,1,0,1,0,1,0,0,0,1,0,0,1,0,0,3,1,0,0,0,0,0,0,6,4
10 - Κιλκίς,21 E.T. Δήμου Κιλκίς,536,265,3,0,3,262,106,41,21,14,4,19,44,1,0,1,8,33,42,28,0,12,0,1,16,2,0,0,1,9,12,5,1,1,1,1,5,1,0,0,0,2,0,0,0,0,0,0,2,0,2,0,5,2,2,0,0,1,0,1,3,2,0,1,0,0,0,0,0,0,0,0,0,0,0,0,1,1,0,0,5,0,2,3,0,0,2,0,1,0,2,1,0,0,14,9
10 - Κιλκίς,22 E.T. Δήμου Κιλκίς,393,203,4,0,4,199,79,47,16,4,3,3,62,1,0,0,7,51,18,12,0,6,0,0,24,4,1,1,1,13,6,1,1,1,3,0,0,0,0,0,0,0,0,0,0,0,0,0,0,0,0,0,0,0,0,0,0,0,0,0,6,1,1,4,0,0,0,0,0,0,0,0,0,0,0,0,0,0,0,0,1,0,0,1,0,0,0,0,0,0,0,0,0,0,3,1
10 - Κιλκίς,23 E.T. Δήμου Κιλκίς,409,221,2,1,3,218,89,24,14,17,20,7,14,1,3,0,8,1,29,12,2,15,0,0,17,6,0,0,2,7,37,32,2,1,2,0,4,0,0,0,1,2,2,1,1,1,0,0,1,0,0,0,0,0,3,1,0,2,0,0,9,5,0,3,1,0,2,0,0,0,1,1,0,0,0,0,0,0,0,0,0,0,0,0,1,0,4,4,0,0,0,0,0,0,3,1
10 - Κιλκίς,24 E.T. Δήμου Κιλκίς,389,229,5,0,5,224,82,33,4,19,17,7,25,1,1,0,12,8,32,15,3,9,1,2,17,3,1,1,0,7,41,37,2,1,1,0,8,0,1,3,0,0,1,1,0,0,0,0,0,0,0,0,0,0,2,0,0,1,0,1,7,4,2,0,0,0,2,0,0,0,0,0,0,0,0,0,0,0,0,0,0,0,0,0,0,0,1,1,0,0,0,0,0,0,6,5
10 - Κιλκίς,25 E.T. Δήμου Κιλκίς,528,280,4,1,5,275,106,29,27,26,7,12,51,6,0,1,22,18,52,29,2,20,1,0,27,4,8,0,3,7,9,1,2,0,6,0,4,0,1,1,2,0,2,1,0,0,0,0,1,0,0,0,3,2,0,0,0,0,0,0,11,6,2,1,0,0,0,0,0,0,0,0,0,0,0,0,0,0,0,0,1,0,0,0,0,0,0,0,2,1,0,0,0,0,6,3
10 - Κιλκίς,26 E.T. Δήμου Κιλκίς,530,303,6,0,6,297,91,26,22,26,9,6,60,5,0,4,25,21,64,41,0,20,0,0,9,1,2,0,2,2,12,2,1,0,4,0,7,1,2,1,0,2,0,0,0,0,0,0,2,2,0,0,3,3,1,0,0,0,0,0,30,16,1,5,0,0,0,0,0,0,1,0,1,0,0,0,0,0,1,1,0,0,0,0,0,0,5,5,2,2,0,0,1,1,7,4
10 - Κιλκίς,27 E.T. Δήμου Κιλκίς,557,334,4,2,6,328,110,36,23,27,3,12,41,3,1,1,14,19,67,34,1,30,1,1,19,1,3,2,6,3,26,4,7,5,7,0,5,1,2,1,0,1,2,1,0,0,0,0,2,1,1,0,7,6,3,0,0,2,0,1,26,15,2,3,0,0,0,0,0,0,0,0,3,2,1,0,1,1,0,0,0,0,0,0,0,0,2,1,0,0,1,1,2,2,11,7
10 - Κιλκίς,28 E.T. Δήμου Κιλκίς,536,285,6,4,10,275,99,27,27,27,6,9,44,2,0,0,15,20,43,35,2,5,0,0,20,5,1,1,2,3,12,1,7,0,0,0,2,0,0,0,0,1,2,2,0,0,1,1,2,0,0,1,1,1,3,0,1,1,0,1,32,18,1,5,0,0,0,0,0,0,0,0,0,0,0,0,2,2,0,0,0,0,0,0,1,1,0,0,3,1,1,0,0,0,7,3
10 - Κιλκίς,29 E.T. Δήμου Κιλκίς,538,345,7,2,9,336,134,37,30,37,14,8,42,1,0,1,25,10,63,27,4,29,1,0,25,10,4,1,0,5,17,2,5,1,4,0,7,3,1,0,1,0,1,0,0,0,0,0,2,0,0,1,2,0,6,0,0,0,0,1,32,17,2,11,0,0,0,0,0,0,0,0,0,0,0,0,0,0,0,0,1,0,0,0,0,0,1,1,0,0,1,0,0,0,2,1
10 - Κιλκίς,30 E.T. Δήμου Κιλκίς,542,278,1,1,2,276,99,37,18,22,5,13,47,2,0,1,24,19,35,20,1,11,1,0,18,2,2,2,4,6,20,2,7,1,6,0,9,1,1,0,1,1,1,1,0,0,0,0,0,0,0,0,0,0,3,0,0,0,0,1,21,13,1,1,0,0,0,0,0,0,0,0,0,0,0,0,1,1,1,1,4,1,0,2,1,1,5,3,1,1,2,2,0,0,8,7
10 - Κιλκίς,31 E.T. Δήμου Κιλκίς,537,276,8,3,11,265,88,33,22,25,2,3,42,3,0,0,23,11,48,27,3,16,0,0,16,1,5,0,1,6,17,0,6,0,4,0,13,2,0,0,2,6,1,1,1,1,0,0,3,1,0,1,1,0,3,0,1,2,0,0,14,9,0,2,0,0,0,0,0,0,0,0,0,0,0,0,1,1,1,1,4,1,1,1,0,0,1,0,2,1,1,0,0,0,8,5
10 - Κιλκίς,32 E.T. Δήμου Κιλκίς,541,282,5,0,5,277,71,21,13,26,3,4,51,1,2,2,22,19,54,22,1,28,0,0,14,3,1,1,2,3,20,2,7,2,4,1,13,2,1,1,1,5,0,0,2,1,0,0,2,0,0,0,0,0,2,0,0,0,1,1,23,12,3,4,0,0,0,0,0,0,0,0,2,0,0,2,1,0,0,0,7,0,0,4,0,0,2,1,2,2,1,0,1,0,9,6
10 - Κιλκίς,33 E.T. Δήμου Κιλκίς,528,314,5,0,5,309,105,46,20,23,10,3,60,4,1,4,27,20,54,32,2,18,1,0,17,3,3,1,1,4,23,2,13,0,5,0,8,1,0,1,2,3,0,0,0,0,0,0,3,0,0,0,2,2,3,0,0,0,0,1,17,13,1,3,0,0,0,0,0,0,0,0,1,1,0,0,0,0,3,3,0,0,0,0,0,0,0,0,0,0,2,1,0,0,11,9
10 - Κιλκίς,34 E.T. Δήμου Κιλκίς,532,312,5,1,6,306,91,29,29,20,5,4,54,3,0,1,26,19,63,31,2,28,1,1,23,3,4,1,2,8,25,7,3,1,8,0,3,0,0,0,0,0,0,0,0,0,1,1,0,0,0,0,0,0,1,0,0,0,0,0,23,14,2,3,0,0,0,0,0,0,0,0,0,0,0,0,2,1,3,2,7,1,0,5,0,0,2,2,3,3,3,3,0,0,2,0
10 - Κιλκίς,35 E.T. Δήμου Κιλκίς,532,300,4,3,7,293,99,29,28,25,7,5,55,0,2,0,27,22,58,29,2,24,0,0,8,2,1,0,1,3,30,2,7,1,6,0,7,1,2,1,0,2,0,0,0,0,0,0,1,0,0,0,0,0,4,1,0,0,0,1,17,11,0,1,1,0,0,0,0,0,0,0,1,1,0,0,0,0,0,0,2,0,0,1,0,0,0,0,1,1,1,0,0,0,8,6
10 - Κιλκίς,36 E.T. Δήμου Κιλκίς,536,273,9,0,9,264,98,50,14,19,3,8,41,2,0,0,21,13,41,24,2,14,0,0,20,6,0,0,3,3,16,3,6,1,1,1,6,0,0,0,0,3,1,1,0,0,1,0,3,1,0,1,2,1,1,0,0,0,0,1,14,10,1,3,1,1,0,0,0,0,0,0,0,0,0,0,2,2,0,0,2,1,1,0,1,1,1,1,3,1,0,0,0,0,10,7
10 - Κιλκίς,37 E.T. Δήμου Κιλκίς,523,365,8,2,10,355,132,47,27,35,7,7,49,1,1,1,13,26,51,26,3,18,0,0,25,7,3,0,0,15,12,2,4,1,3,0,13,5,0,0,0,2,3,2,0,0,0,0,1,0,1,0,1,1,9,0,1,3,0,3,40,19,5,6,0,0,0,0,0,0,0,0,0,0,0,0,3,3,0,0,2,0,1,0,0,0,3,0,0,0,2,1,1,0,8,6
10 - Κιλκίς,38 E.T. Δήμου Κιλκίς,482,286,6,1,7,279,106,42,11,27,7,10,43,5,1,1,13,20,67,39,2,24,0,0,14,2,0,3,1,8,10,1,2,1,2,0,8,1,0,1,0,2,1,0,0,0,0,0,0,0,0,0,0,0,4,1,1,1,0,1,16,11,0,3,1,1,0,0,0,0,0,0,1,0,0,0,1,1,0,0,0,0,0,0,1,1,0,0,1,1,0,0,1,1,4,2
10 - Κιλκίς,39 E.T. Δήμου Κιλκίς,556,295,4,2,6,289,70,37,18,8,2,1,56,6,3,0,22,15,67,40,3,23,0,0,59,22,4,1,4,18,12,2,3,3,2,0,3,0,0,1,0,0,0,0,1,0,0,0,0,0,0,0,1,1,0,0,0,0,0,0,7,4,1,1,0,0,0,0,0,0,0,0,1,0,0,0,1,0,0,0,1,0,0,1,0,0,1,1,1,1,2,1,1,0,5,3
10 - Κιλκίς,40 E.T. Δήμου Κιλκίς,113,63,0,0,0,63,39,22,8,3,2,3,7,0,1,0,3,2,5,5,0,0,0,0,4,0,3,0,1,0,5,0,3,0,1,0,0,0,0,0,0,0,0,0,0,0,0,0,0,0,0,0,0,0,1,0,0,0,0,0,1,0,1,0,0,0,0,0,0,0,0,0,0,0,0,0,0,0,0,0,0,0,0,0,0,0,0,0,1,1,0,0,0,0,0,0
10 - Κιλκίς,41 E.T. Δήμου Κιλκίς,521,300,9,0,9,291,97,38,27,16,0,12,44,2,0,2,24,12,76,44,0,27,0,0,12,4,2,0,0,3,14,1,2,1,7,1,5,0,0,1,0,2,0,0,0,0,1,0,2,0,0,0,0,0,3,1,0,1,0,0,23,9,2,6,0,0,0,0,0,0,0,0,3,1,1,1,1,0,0,0,2,0,0,2,0,0,2,2,1,1,0,0,0,0,5,3
10 - Κιλκίς,42 E.T. Δήμου Κιλκίς,501,316,12,2,14,302,100,39,18,27,3,8,53,2,2,3,21,16,65,42,0,20,1,0,16,5,2,2,1,2,13,3,4,1,3,0,11,2,2,0,0,3,0,0,0,0,0,0,0,0,0,0,0,0,3,0,1,0,0,0,26,11,4,6,0,0,0,0,0,0,0,0,0,0,0,0,0,0,1,1,2,0,0,1,0,0,2,1,0,0,1,1,2,1,7,5
10 - Κιλκίς,43 E.T. Δήμου Κιλκίς,481,277,9,4,13,264,97,28,28,22,7,7,44,3,3,1,16,16,43,24,3,15,0,0,17,2,2,0,1,8,11,0,3,0,6,0,4,0,1,1,1,0,1,0,1,0,0,0,1,0,0,1,2,2,2,0,0,0,0,1,25,14,1,0,0,0,0,0,0,0,0,0,0,0,0,0,0,0,1,0,4,2,0,1,0,0,1,0,2,1,0,0,2,1,6,4
10 - Κιλκίς,44 E.T. Δήμου Κιλκίς,494,285,6,2,8,277,112,40,29,27,10,5,43,0,1,0,24,13,50,32,0,17,0,0,7,0,1,0,2,2,12,2,3,1,2,1,9,0,3,2,1,1,1,0,1,0,0,0,1,1,0,0,2,2,2,0,0,0,0,0,25,13,1,8,0,0,0,0,0,0,0,0,1,1,0,0,1,0,0,0,0,0,0,0,1,1,3,3,0,0,1,0,0,0,5,2
10 - Κιλκίς,45 E.T. Δήμου Κιλκίς,499,284,1,1,2,282,122,30,37,37,2,10,39,1,5,0,14,17,37,23,1,11,0,1,17,6,1,0,0,7,14,4,3,1,2,0,4,0,0,1,1,2,3,3,0,0,0,0,0,0,0,0,1,1,0,0,0,0,0,0,30,11,2,9,0,0,1,0,0,1,0,0,1,1,0,0,0,0,1,0,1,0,0,1,1,0,2,2,2,1,0,0,0,0,6,5
10 - Κιλκίς,46 E.T. Δήμου Κιλκίς,495,287,4,0,4,283,101,34,29,19,5,10,46,0,0,2,26,18,34,20,2,11,0,0,14,2,1,1,0,7,18,1,5,1,7,1,9,1,1,2,0,4,0,0,0,0,0,0,2,0,0,0,4,4,2,1,0,0,0,1,33,12,3,13,0,0,0,0,0,0,0,0,0,0,0,0,2,1,1,0,2,0,0,0,1,0,3,1,3,1,1,1,0,0,7,4
10 - Κιλκίς,47 E.T. Δήμου Κιλκίς,505,290,4,1,5,285,121,49,22,33,4,9,46,2,5,2,18,15,55,31,0,23,0,0,8,1,1,0,0,3,17,3,4,2,6,0,6,1,0,0,1,2,0,0,1,0,0,0,0,0,0,0,1,1,2,1,0,0,0,1,12,2,2,5,1,1,0,0,0,0,0,0,1,0,0,1,0,0,4,2,1,0,0,1,2,1,3,1,0,0,0,0,0,0,4,3
10 - Κιλκίς,48 E.T. Δήμου Κιλκίς,487,296,2,0,2,294,100,51,13,20,1,7,47,4,2,0,22,14,58,41,3,10,0,1,15,3,1,0,3,3,19,1,8,1,5,0,4,1,0,0,0,0,0,0,0,0,1,0,1,0,0,0,0,0,1,0,0,1,0,0,32,10,4,12,1,1,1,0,1,0,0,0,0,0,0,0,2,0,1,1,1,0,0,1,0,0,2,0,2,2,2,2,0,0,4,3
10 - Κιλκίς,49 E.T. Δήμου Κιλκίς,501,276,6,0,6,270,103,36,19,31,4,4,49,3,1,2,22,15,46,34,2,9,0,0,10,3,0,1,0,1,10,0,1,2,5,0,9,0,3,1,0,2,0,0,2,1,0,0,1,0,0,1,2,1,4,0,1,2,0,1,23,5,4,9,0,0,0,0,0,0,1,0,0,0,0,0,1,1,0,0,3,0,0,3,0,0,1,1,0,0,0,0,0,0,5,3
10 - Κιλκίς,50 E.T. Δήμου Κιλκίς,498,251,10,3,13,238,87,32,22,20,4,4,47,6,0,2,18,12,33,24,0,9,0,0,11,3,2,2,2,1,9,4,1,1,3,0,5,0,1,0,0,2,0,0,0,0,0,0,4,1,0,1,3,3,1,1,0,0,0,0,22,7,4,8,0,0,0,0,0,0,1,1,2,1,0,0,2,2,3,3,0,0,0,0,0,0,3,3,1,1,0,0,0,0,4,3
10 - Κιλκίς,51 E.T. Δήμου Κιλκίς,516,323,2,0,2,321,122,40,38,28,4,4,43,4,1,2,24,8,58,30,1,23,2,0,24,6,2,0,0,8,18,1,6,2,5,1,6,2,0,0,0,1,2,2,2,1,0,0,2,2,0,0,0,0,3,0,0,0,1,1,35,21,1,6,0,0,0,0,0,0,0,0,0,0,0,0,0,0,1,0,0,0,0,0,0,0,1,1,0,0,1,0,0,0,3,3
10 - Κιλκίς,52 E.T. Δήμου Κιλκίς,502,308,8,0,8,300,119,36,26,30,6,13,57,2,0,2,31,15,39,21,1,16,0,0,14,2,2,0,0,8,16,1,3,0,4,0,9,1,0,3,0,4,1,1,0,0,1,1,0,0,0,0,0,0,2,0,0,0,1,0,24,10,3,9,1,0,0,0,0,0,0,0,0,0,0,0,0,0,1,1,1,0,0,1,0,0,2,2,2,0,1,1,0,0,10,4
10 - Κιλκίς,53 E.T. Δήμου Κιλκίς,498,291,3,3,6,285,108,49,20,25,7,3,46,1,4,0,23,15,40,20,0,19,0,0,19,4,0,1,3,7,18,2,2,1,6,0,8,3,1,0,2,0,0,0,0,0,0,0,1,0,1,0,3,1,1,0,0,0,0,0,27,9,2,12,1,0,0,0,0,0,0,0,0,0,0,0,2,1,1,1,1,0,0,1,0,0,1,0,1,0,1,0,0,0,6,4
10 - Κιλκίς,54 E.T. Δήμου Κιλκίς,503,263,8,0,8,255,111,40,33,18,3,14,32,4,2,0,11,12,29,14,0,14,1,0,16,4,1,0,4,4,13,2,6,2,0,1,7,2,0,1,2,0,1,1,2,0,0,0,3,0,2,0,0,0,2,0,0,1,0,1,20,12,3,4,0,0,0,0,0,0,0,0,0,0,0,0,2,1,0,0,3,0,0,0,0,0,1,0,4,3,1,1,0,0,8,5
10 - Κιλκίς,55 E.T. Δήμου Κιλκίς,489,284,4,2,6,278,113,48,22,27,3,7,41,4,1,1,14,11,42,18,2,20,0,0,10,1,0,2,1,4,15,1,2,4,5,0,7,0,1,2,0,1,1,0,0,0,0,0,0,0,0,0,3,2,1,0,0,0,0,1,24,12,3,4,0,0,1,1,0,0,0,0,0,0,0,0,4,2,1,1,2,1,0,1,1,0,4,2,1,1,0,0,1,0,6,2
10 - Κιλκίς,56 E.T. Δήμου Κιλκίς,444,276,6,2,8,268,103,36,24,29,5,2,35,3,1,1,19,10,43,19,0,19,0,0,15,4,1,0,4,5,17,3,5,0,5,1,3,0,1,0,0,1,0,0,0,0,0,0,2,2,0,0,1,0,2,1,0,0,0,1,29,14,3,4,3,3,0,0,0,0,0,0,0,0,0,0,1,1,0,0,3,0,0,2,0,0,0,0,0,0,0,0,0,0,11,5
10 - Κιλκίς,57 E.T. Δήμου Κιλκίς,407,163,0,2,2,161,48,11,18,10,2,3,28,2,0,1,17,6,22,10,1,9,0,0,36,19,1,0,2,10,8,1,2,1,2,0,2,0,1,1,0,0,0,0,0,0,0,0,0,0,0,0,0,0,0,0,0,0,0,0,4,2,0,1,0,0,0,0,0,0,0,0,0,0,0,0,0,0,0,0,0,0,0,0,0,0,3,3,1,1,0,0,0,0,9,6
10 - Κιλκίς,58 E.T. Δήμου Κιλκίς,368,231,2,2,4,227,82,20,37,10,5,6,35,2,0,0,16,15,51,32,2,17,0,0,9,4,3,0,2,0,17,1,3,0,11,0,10,1,2,0,1,3,2,2,0,0,0,0,1,0,0,0,0,0,0,0,0,0,0,0,12,4,2,4,0,0,0,0,0,0,0,0,0,0,0,0,0,0,0,0,0,0,0,0,0,0,0,0,0,0,0,0,0,0,8,8
10 - Κιλκίς,59 E.T. Δήμου Κιλκίς,282,190,3,2,5,185,54,24,15,6,3,2,33,10,2,3,11,7,35,19,2,14,0,0,20,7,0,0,5,5,12,1,5,0,2,0,4,1,0,0,0,1,1,1,1,0,1,0,1,0,0,0,2,0,1,0,0,0,0,0,7,3,0,1,0,0,0,0,0,0,0,0,1,1,0,0,1,1,1,1,6,2,0,4,0,0,1,1,1,0,1,0,0,0,1,1
10 - Κιλκίς,60 E.T. Δήμου Κιλκίς,483,314,3,2,5,309,110,32,36,18,3,11,37,1,4,2,18,10,51,25,5,19,1,0,26,6,6,0,3,2,34,4,9,1,5,0,7,0,1,1,1,1,0,0,0,0,0,0,2,1,0,1,1,0,3,0,0,0,1,1,22,13,1,5,1,0,0,0,0,0,0,0,0,0,0,0,1,1,0,0,2,0,0,1,0,0,1,0,2,2,3,1,0,0,6,5
10 - Κιλκίς,61 E.T. Δήμου Κιλκίς,311,229,3,0,3,226,75,25,21,9,1,12,24,1,1,0,16,6,66,23,22,19,0,0,22,3,0,2,0,14,18,1,2,1,6,0,5,0,1,0,1,0,0,0,0,0,0,0,0,0,0,0,0,0,0,0,0,0,0,0,12,4,0,4,0,0,0,0,0,0,0,0,0,0,0,0,0,0,0,0,1,0,0,0,0,0,0,0,1,0,1,1,0,0,1,1
10 - Κιλκίς,62 E.T. Δήμου Κιλκίς,403,276,2,0,2,274,57,23,17,10,0,6,57,4,2,4,28,15,78,57,2,19,0,0,38,8,14,0,2,7,14,2,4,3,1,0,5,1,1,1,0,2,0,0,0,0,0,0,2,0,0,2,0,0,2,0,0,0,0,0,12,6,1,3,0,0,0,0,0,0,0,0,0,0,0,0,3,0,0,0,0,0,0,0,0,0,1,0,0,0,0,0,0,0,5,4
10 - Κιλκίς,63 E.T. Δήμου Κιλκίς,443,251,4,1,5,246,74,33,8,21,3,6,42,0,0,0,29,11,61,24,2,32,0,0,18,1,1,3,0,5,26,5,5,1,10,0,3,1,0,0,0,0,1,1,0,0,0,0,0,0,0,0,0,0,0,0,0,0,0,0,6,3,0,3,0,0,0,0,0,0,1,0,1,0,1,0,0,0,1,0,2,0,0,0,0,0,1,0,2,0,0,0,0,0,7,4
10 - Κιλκίς,64 E.T. Δήμου Κιλκίς,426,226,3,1,4,222,109,63,9,26,4,6,18,4,0,0,6,8,35,20,1,14,0,0,2,1,0,0,0,1,16,3,2,0,6,0,2,0,0,1,0,0,1,1,0,0,0,0,0,0,0,0,1,1,1,0,0,0,0,0,19,11,4,1,0,0,1,0,0,0,0,0,3,1,2,0,0,0,0,0,1,1,0,0,1,1,0,0,0,0,2,1,0,0,10,3
10 - Κιλκίς,65 E.T. Δήμου Κιλκίς,424,230,5,1,6,224,82,21,23,16,4,14,43,7,0,0,11,22,52,25,1,25,0,0,5,1,1,0,2,1,15,3,6,4,1,0,5,2,0,1,0,2,0,0,0,0,0,0,0,0,0,0,1,1,0,0,0,0,0,0,8,4,1,2,0,0,0,0,0,0,0,0,0,0,0,0,1,1,0,0,2,0,1,1,0,0,1,1,0,0,4,1,1,1,4,2
10 - Κιλκίς,66 E.T. Δήμου Κιλκίς,487,328,4,0,4,324,66,19,23,12,1,2,56,5,2,0,10,35,100,38,3,58,0,0,54,4,3,6,2,29,19,1,3,0,13,1,2,0,0,0,0,0,1,1,1,1,0,0,0,0,0,0,0,0,1,0,0,0,0,1,8,0,1,4,0,0,0,0,0,0,0,0,1,1,0,0,0,0,1,1,3,0,2,1,1,1,0,0,1,1,0,0,1,1,8,8
10 - Κιλκίς,67 E.T. Δήμου Κιλκίς,485,336,3,1,4,332,60,23,21,7,3,1,72,1,0,2,34,32,93,48,0,44,0,0,74,4,3,3,1,51,11,1,4,0,4,0,2,0,0,0,0,1,1,1,0,0,0,0,0,0,0,0,1,0,0,0,0,0,0,0,11,7,0,3,0,0,0,0,0,0,0,0,0,0,0,0,2,1,0,0,1,0,0,1,0,0,1,0,0,0,0,0,0,0,3,2
10 - Κιλκίς,68 E.T. Δήμου Κιλκίς,649,356,2,2,4,352,124,36,37,22,8,16,57,6,1,2,16,22,61,37,1,18,0,0,41,8,2,1,1,19,18,3,4,1,7,0,9,1,0,1,1,3,0,0,1,1,1,1,0,0,0,0,0,0,3,0,1,0,0,1,24,9,4,10,0,0,0,0,0,0,0,0,0,0,0,0,1,0,3,2,1,0,0,1,0,0,1,1,0,0,0,0,0,0,7,7
10 - Κιλκίς,69 E.T. Δήμου Κιλκίς,634,413,5,0,5,408,154,66,42,22,10,6,51,8,6,0,18,12,79,50,1,22,0,0,27,2,3,2,1,13,32,3,7,3,11,0,8,2,1,0,1,3,2,1,0,0,0,0,1,1,0,0,0,0,4,0,1,0,0,1,22,6,4,10,1,0,0,0,0,0,1,1,1,0,1,0,2,2,2,1,7,2,2,1,0,0,2,2,1,1,0,0,1,0,10,10
10 - Κιλκίς,70 E.T. Δήμου Κιλκίς,345,210,6,4,10,200,53,16,15,6,2,9,27,0,1,0,16,10,51,22,1,26,0,0,25,4,3,0,1,9,14,3,2,0,4,1,3,0,0,1,0,0,0,0,0,0,0,0,0,0,0,0,1,1,1,0,0,0,0,0,7,7,0,0,0,0,0,0,0,0,0,0,0,0,0,0,1,0,0,0,1,0,0,0,0,0,5,5,2,1,0,0,0,0,9,8
10 - Κιλκίς,71 E.T. Δήμου Κιλκίς,358,196,0,2,2,194,71,22,27,12,0,4,21,1,0,1,13,3,39,19,4,16,0,0,18,4,3,2,2,2,19,2,5,1,9,1,4,1,1,1,1,0,3,3,0,0,0,0,0,0,0,0,0,0,2,1,0,0,0,1,11,3,0,6,0,0,0,0,0,0,0,0,0,0,0,0,1,0,0,0,2,0,0,0,0,0,0,0,0,0,0,0,0,0,3,2
10 - Κιλκίς,72 E.T. Δήμου Κιλκίς,697,462,8,3,11,451,211,67,48,49,13,24,59,3,3,1,26,21,54,25,2,24,0,1,12,1,2,2,0,2,28,3,8,2,6,2,15,2,5,0,0,2,0,0,0,0,0,0,1,0,0,0,0,0,5,0,0,2,0,1,44,31,2,8,1,0,0,0,0,0,0,0,0,0,0,0,3,2,0,0,4,2,1,0,0,0,2,0,5,4,2,1,0,0,5,3
10 - Κιλκίς,73 E.T. Δήμου Κιλκίς,346,189,2,1,3,186,98,34,25,33,0,3,14,1,0,0,7,6,46,17,1,27,1,0,2,1,0,0,0,0,12,0,1,5,1,0,3,0,2,0,0,1,1,0,0,0,0,0,1,1,0,0,1,1,0,0,0,0,0,0,5,0,1,2,0,0,0,0,0,0,0,0,0,0,0,0,0,0,0,0,0,0,0,0,0,0,1,0,0,0,0,0,0,0,2,2
10 - Κιλκίς,74 E.T. Δήμου Κιλκίς,546,278,2,1,3,275,75,25,25,8,4,7,60,4,2,4,20,18,54,25,0,29,0,0,19,0,2,1,3,7,19,2,7,3,4,0,4,1,1,0,0,1,1,1,0,0,0,0,0,0,0,0,1,0,1,1,0,0,0,0,15,7,0,5,0,0,1,0,1,0,0,0,0,0,0,0,3,2,0,0,2,0,0,1,0,0,2,2,2,1,3,2,0,0,13,10
10 - Κιλκίς,75 E.T. Δήμου Κιλκίς,307,170,0,1,1,169,48,14,14,9,3,8,32,7,2,0,7,13,47,25,2,15,0,0,12,6,2,0,0,0,13,2,3,0,5,0,3,0,0,0,1,1,0,0,1,0,0,0,0,0,0,0,0,0,0,0,0,0,0,0,4,0,1,3,0,0,0,0,0,0,0,0,0,0,0,0,2,2,1,1,1,0,0,1,0,0,0,0,0,0,0,0,0,0,5,2
10 - Κιλκίς,76 E.T. Δήμου Κιλκίς,515,255,3,0,3,252,111,34,40,13,4,11,27,2,2,2,6,14,47,27,0,18,0,0,8,2,2,0,1,3,20,4,4,0,10,2,2,0,1,0,0,0,1,1,1,0,0,0,0,0,0,0,1,1,3,0,0,0,1,1,14,4,0,9,0,0,0,0,0,0,0,0,0,0,0,0,2,2,0,0,2,0,0,2,0,0,3,2,1,1,0,0,0,0,9,5
10 - Κιλκίς,77 E.T. Δήμου Κιλκίς,528,251,6,1,7,244,130,44,53,12,3,12,35,1,2,2,16,13,23,18,0,4,0,0,18,6,2,1,1,4,10,1,3,0,6,0,2,0,2,0,0,0,0,0,0,0,0,0,0,0,0,0,0,0,3,1,0,0,0,2,13,5,0,5,0,0,0,0,0,0,0,0,0,0,0,0,0,0,1,1,1,0,0,1,0,0,1,1,1,0,0,0,0,0,6,3
10 - Κιλκίς,78 E.T. Δήμου Κιλκίς,523,249,3,0,3,246,90,33,40,5,0,6,43,2,2,3,18,14,43,21,1,17,0,4,20,5,5,0,1,5,15,3,1,2,7,0,4,1,0,0,0,1,2,1,2,2,0,0,0,0,0,0,0,0,3,0,0,0,0,1,10,0,1,5,0,0,0,0,0,0,1,1,0,0,0,0,2,0,1,1,2,0,0,2,0,0,0,0,1,1,1,1,0,0,6,4
10 - Κιλκίς,79 E.T. Δήμου Κιλκίς,355,182,2,1,3,179,116,30,67,13,1,1,12,2,0,0,3,4,19,7,3,6,2,1,1,0,0,0,0,0,3,0,1,0,1,1,3,0,0,0,0,2,0,0,0,0,1,0,0,0,0,0,1,0,1,1,0,0,0,0,15,3,0,6,0,0,0,0,0,0,0,0,0,0,0,0,2,0,0,0,0,0,0,0,0,0,0,0,1,1,0,0,0,0,4,1
10 - Κιλκίς,80 E.T. Δήμου Κιλκίς,442,152,0,1,1,151,102,24,50,13,6,7,8,1,0,0,6,1,12,8,0,4,0,0,5,0,0,1,3,1,9,1,1,2,2,0,2,0,1,0,0,1,2,2,0,0,0,0,1,0,0,1,1,1,1,0,0,0,0,0,5,2,1,2,0,0,1,0,1,0,0,0,0,0,0,0,0,0,0,0,0,0,0,0,0,0,0,0,0,0,0,0,0,0,2,2
10 - Κιλκίς,81 E.T. Δήμου Κιλκίς,617,232,4,0,4,228,63,12,27,8,0,8,35,2,1,3,16,8,27,10,1,13,0,0,51,3,5,0,5,31,13,4,1,1,4,0,13,0,1,0,0,7,1,1,1,0,0,0,0,0,0,0,2,0,0,0,0,0,0,0,12,9,0,0,0,0,0,0,0,0,0,0,2,1,0,1,0,0,0,0,1,0,0,0,0,0,0,0,1,0,0,0,0,0,6,5
10 - Κιλκίς,82 E.T. Δήμου Κιλκίς,391,119,1,1,2,117,43,3,8,12,3,17,19,1,0,2,8,3,5,5,0,0,0,0,32,0,2,0,0,25,12,5,2,1,1,0,0,0,0,0,0,0,1,1,0,0,0,0,0,0,0,0,0,0,0,0,0,0,0,0,4,3,0,0,0,0,0,0,0,0,0,0,0,0,0,0,0,0,0,0,0,0,0,0,1,0,0,0,0,0,0,0,0,0,0,0
10 - Κιλκίς,83 E.T. Δήμου Κιλκίς,646,364,2,3,5,359,185,61,64,29,3,21,27,5,5,0,10,4,78,68,0,8,0,1,7,1,0,0,3,1,14,3,3,0,3,3,4,0,0,0,0,0,0,0,0,0,0,0,1,1,0,0,0,0,4,0,0,0,0,4,31,15,6,6,0,0,0,0,0,0,0,0,1,1,0,0,1,1,0,0,1,0,0,0,0,0,0,0,1,1,0,0,0,0,4,3
10 - Κιλκίς,84 E.T. Δήμου Κιλκίς,305,192,3,1,4,188,68,35,18,4,1,8,30,2,1,2,13,11,53,43,0,8,0,0,17,1,1,1,0,12,3,1,0,0,0,0,3,1,0,0,0,1,0,0,0,0,1,0,1,0,0,0,2,0,1,0,0,0,0,0,3,2,1,0,0,0,0,0,0,0,0,0,0,0,0,0,1,1,0,0,0,0,0,0,0,0,2,0,0,0,0,0,0,0,3,0
10 - Κιλκίς,85 E.T. Δήμου Κιλκίς,145,95,2,0,2,93,47,20,16,0,3,8,11,2,1,0,7,1,12,3,0,8,0,0,2,1,0,0,0,0,5,2,1,0,1,1,1,0,0,0,0,0,0,0,0,0,0,0,1,1,0,0,0,0,0,0,0,0,0,0,7,4,1,0,0,0,0,0,0,0,0,0,1,1,0,0,0,0,0,0,0,0,0,0,0,0,0,0,0,0,0,0,2,2,4,4
10 - Κιλκίς,86 E.T. Δήμου Κιλκίς,327,134,1,1,2,132,49,7,26,4,0,3,8,0,0,1,4,2,27,13,2,8,0,0,5,0,0,0,0,1,20,2,2,4,8,0,2,0,1,0,0,0,0,0,0,0,0,0,0,0,0,0,2,0,1,0,0,0,0,0,8,3,1,3,0,0,0,0,0,0,1,0,1,1,0,0,0,0,0,0,5,0,0,5,1,1,1,0,0,0,0,0,0,0,1,1
10 - Κιλκίς,87 E.T. Δήμου Κιλκίς,410,224,3,1,4,220,116,43,43,16,1,8,16,4,0,0,6,5,30,18,0,11,0,0,0,0,0,0,0,0,15,1,12,1,1,0,2,0,0,1,0,1,3,2,0,0,0,0,0,0,0,0,1,1,3,0,0,0,0,1,19,10,1,4,0,0,3,0,1,0,0,0,0,0,0,0,0,0,1,1,3,0,0,2,1,1,3,2,0,0,0,0,0,0,4,4
10 - Κιλκίς,88 E.T. Δήμου Κιλκίς,386,216,1,1,2,214,124,32,57,15,3,15,24,2,4,0,4,12,15,12,0,3,0,0,1,0,0,0,0,0,12,1,4,0,2,0,3,0,0,0,0,1,3,0,0,0,0,0,0,0,0,0,1,0,1,0,0,0,0,0,23,5,2,11,0,0,0,0,0,0,0,0,0,0,0,0,1,1,0,0,0,0,0,0,1,0,0,0,2,2,0,0,0,0,3,2
10 - Κιλκίς,89 E.T. Δήμου Κιλκίς,375,239,0,4,4,235,127,36,35,14,2,37,23,5,1,1,6,7,21,17,1,3,0,0,4,2,1,0,0,1,18,0,4,1,11,0,1,0,1,0,0,0,4,4,0,0,0,0,0,0,0,0,2,2,0,0,0,0,0,0,19,7,2,8,0,0,0,0,0,0,0,0,1,1,0,0,1,0,1,1,1,1,0,0,1,1,1,0,0,0,0,0,3,2,7,5
10 - Κιλκίς,90 E.T. Δήμου Κιλκίς,361,227,14,0,14,213,102,39,22,12,5,21,20,2,0,2,4,10,32,22,0,6,0,0,5,0,1,0,0,1,17,2,2,1,7,0,3,0,1,1,0,1,1,1,0,0,0,0,0,0,0,0,0,0,2,0,0,0,1,0,16,8,0,3,0,0,0,0,0,0,0,0,1,1,0,0,2,1,3,2,0,0,0,0,0,0,0,0,2,2,0,0,1,1,6,3
10 - Κιλκίς,91 E.T. Δήμου Κιλκίς,490,230,8,0,8,222,97,13,55,9,1,13,21,2,1,0,8,8,58,24,6,25,1,2,5,0,0,1,1,0,20,2,1,0,9,1,1,0,0,0,0,1,0,0,0,0,0,0,0,0,0,0,1,1,1,0,0,0,1,0,6,2,1,2,1,1,0,0,0,0,0,0,1,0,1,0,3,2,1,1,1,1,0,0,0,0,2,2,0,0,0,0,0,0,3,3
10 - Κιλκίς,92 E.T. Δήμου Κιλκίς,444,216,12,1,13,203,92,54,27,0,1,0,16,1,4,3,4,0,48,21,1,24,1,0,3,0,1,0,0,2,21,7,1,2,5,1,2,0,0,0,1,0,2,1,0,0,0,0,0,0,0,0,0,0,0,0,0,0,0,0,5,2,1,1,0,0,1,0,0,0,0,0,0,0,0,0,1,0,0,0,0,0,0,0,1,0,3,3,0,0,2,0,1,1,5,5
10 - Κιλκίς,93 E.T. Δήμου Κιλκίς,133,79,1,0,1,78,33,19,5,7,2,0,8,2,0,0,2,3,9,7,0,2,0,0,1,1,0,0,0,0,16,1,7,1,4,2,0,0,0,0,0,0,2,2,0,0,0,0,0,0,0,0,1,1,0,0,0,0,0,0,3,3,0,0,0,0,0,0,0,0,0,0,1,0,1,0,1,1,1,0,0,0,0,0,0,0,0,0,1,1,0,0,0,0,1,1
10 - Κιλκίς,94 E.T. Δήμου Κιλκίς,360,193,2,1,3,190,94,23,39,10,8,9,11,0,2,2,2,1,28,17,1,8,0,0,9,0,2,1,2,2,16,3,2,0,7,1,5,0,1,0,0,1,1,0,0,0,0,0,3,1,0,0,0,0,0,0,0,0,0,0,9,1,0,3,0,0,0,0,0,0,0,0,2,2,0,0,1,0,0,0,1,1,0,0,0,0,2,2,1,0,0,0,0,0,7,7
10 - Κιλκίς,95 E.T. Δήμου Κιλκίς,566,264,6,0,6,258,80,30,17,22,1,9,43,0,3,3,10,25,61,38,12,10,0,1,21,3,1,2,1,5,14,2,3,1,5,0,1,0,0,0,0,0,9,8,0,0,1,0,0,0,0,0,1,1,1,0,0,0,0,0,12,5,2,4,0,0,0,0,0,0,0,0,0,0,0,0,1,0,1,1,2,0,0,1,0,0,0,0,1,1,0,0,0,0,9,4
10 - Κιλκίς,96 E.T. Δήμου Κιλκίς,299,166,3,0,3,163,77,19,31,7,3,11,11,0,0,2,5,3,21,10,0,10,0,0,5,0,0,0,0,5,11,2,3,1,0,1,4,0,0,0,1,0,0,0,1,1,0,0,0,0,0,0,2,1,2,1,0,0,0,0,13,6,0,5,1,1,0,0,0,0,0,0,1,0,0,0,0,0,1,1,1,0,0,1,0,0,1,1,0,0,1,0,1,1,9,8
10 - Κιλκίς,97 E.T. Δήμου Κιλκίς,303,168,4,0,4,164,79,26,27,14,5,7,10,1,3,0,3,2,27,19,1,5,0,2,18,0,0,0,0,17,9,1,3,3,2,0,1,0,0,0,0,0,0,0,1,0,0,0,1,0,0,0,1,0,5,0,0,1,0,3,6,2,0,1,0,0,0,0,0,0,0,0,0,0,0,0,1,1,0,0,1,0,0,1,0,0,0,0,0,0,1,0,0,0,3,2
10 - Κιλκίς,98 E.T. Δήμου Κιλκίς,347,193,0,0,0,193,58,35,12,4,2,4,32,2,3,1,13,11,47,5,0,42,0,0,19,6,0,0,0,8,11,0,1,2,8,0,0,0,0,0,0,0,2,2,1,0,0,0,0,0,0,0,1,1,3,0,0,0,0,3,12,6,0,3,0,0,0,0,0,0,0,0,0,0,0,0,1,0,1,0,0,0,0,0,0,0,0,0,0,0,0,0,0,0,5,4
10 - Κιλκίς,99 E.T. Δήμου Κιλκίς,364,198,0,0,0,198,106,40,36,6,3,19,24,1,1,1,6,14,19,9,1,7,0,0,6,3,0,0,0,0,15,1,4,2,5,0,6,1,0,1,0,0,2,2,0,0,0,0,1,0,0,0,3,1,3,2,0,0,0,0,5,1,0,2,1,1,1,0,1,0,0,0,0,0,0,0,1,1,0,0,0,0,0,0,0,0,0,0,1,0,0,0,0,0,4,1
10 - Κιλκίς,100 E.T. Δήμου Κιλκίς,429,186,2,2,4,182,64,19,27,8,4,4,41,5,2,0,5,25,31,6,3,21,0,0,27,1,2,0,3,13,6,0,0,0,5,0,1,0,0,0,0,0,0,0,0,0,0,0,0,0,0,0,0,0,1,0,0,0,0,0,4,1,1,1,0,0,0,0,0,0,0,0,0,0,0,0,0,0,0,0,1,0,0,1,0,0,2,2,0,0,0,0,1,0,3,2
10 - Κιλκίς,101 E.T. Δήμου Κιλκίς,301,113,2,0,2,111,63,8,23,17,1,13,1,0,0,1,0,0,6,5,0,1,0,0,2,0,1,0,0,1,11,1,4,0,5,1,3,1,0,2,0,0,1,1,0,0,0,0,0,0,0,0,4,0,0,0,0,0,0,0,12,8,0,4,0,0,0,0,0,0,0,0,0,0,0,0,0,0,0,0,0,0,0,0,0,0,0,0,0,0,0,0,3,3,5,3
10 - Κιλκίς,102 E.T. Δήμου Κιλκίς,459,240,2,0,2,238,93,29,21,17,5,16,27,2,2,4,6,6,62,27,1,34,0,0,18,0,3,0,2,5,15,1,3,6,3,0,1,0,0,0,0,1,1,1,0,0,0,0,0,0,0,0,0,0,0,0,0,0,0,0,13,8,1,1,0,0,0,0,0,0,0,0,0,0,0,0,0,0,2,2,2,0,0,2,0,0,0,0,0,0,0,0,0,0,4,3
10 - Κιλκίς,103 E.T. Δήμου Κιλκίς,209,104,0,1,1,103,79,16,34,13,3,9,1,0,0,0,0,1,1,1,0,0,0,0,3,0,0,0,0,2,10,0,3,0,4,0,2,0,0,0,0,0,0,0,0,0,0,0,0,0,0,0,0,0,0,0,0,0,0,0,4,2,1,1,0,0,0,0,0,0,0,0,1,0,0,0,0,0,0,0,0,0,0,0,0,0,0,0,0,0,0,0,0,0,2,2
10 - Κιλκίς,104 E.T. Δήμου Κιλκίς,460,248,3,0,3,245,129,66,27,7,2,19,21,3,1,3,9,5,42,21,0,17,0,1,6,2,0,0,1,2,16,2,2,1,4,0,2,0,2,0,0,0,0,0,0,0,0,0,0,0,0,0,1,1,0,0,0,0,0,0,18,7,5,4,0,0,0,0,0,0,0,0,0,0,0,0,3,1,0,0,1,0,0,0,2,1,0,0,0,0,2,2,0,0,2,2
10 - Κιλκίς,105 E.T. Δήμου Κιλκίς,447,220,3,4,7,213,117,62,29,10,5,6,19,0,2,0,7,6,20,8,0,12,0,0,1,0,0,1,0,0,22,7,6,1,4,1,2,0,0,0,0,0,1,1,1,1,0,0,1,1,0,0,4,2,4,1,0,2,0,0,14,9,0,3,0,0,0,0,0,0,0,0,1,0,1,0,2,1,0,0,0,0,0,0,0,0,0,0,1,1,0,0,0,0,3,2
10 - Κιλκίς,106 E.T. Δήμου Κιλκίς,453,221,9,0,9,212,128,69,26,13,3,17,21,0,0,5,8,4,22,15,0,6,0,0,4,0,1,0,0,2,13,3,7,0,2,0,3,1,0,1,0,0,0,0,0,0,0,0,0,0,0,0,2,0,2,1,0,0,0,0,8,6,2,0,0,0,0,0,0,0,0,0,0,0,0,0,0,0,0,0,0,0,0,0,0,0,2,0,2,1,1,1,0,0,4,4
10 - Κιλκίς,107 E.T. Δήμου Κιλκίς,467,231,10,0,10,221,115,70,19,9,1,11,13,1,0,2,3,7,32,17,1,13,0,0,8,1,0,2,2,2,31,15,5,0,4,1,2,0,0,1,0,0,0,0,0,0,0,0,0,0,0,0,0,0,3,0,3,0,0,0,14,8,3,2,0,0,0,0,0,0,0,0,0,0,0,0,0,0,0,0,0,0,0,0,0,0,0,0,0,0,1,1,0,0,2,2
10 - Κιλκίς,108 E.T. Δήμου Κιλκίς,536,213,4,0,4,209,134,109,15,6,2,0,16,1,1,1,6,2,17,4,0,12,1,0,6,1,0,1,1,2,12,4,2,1,3,0,0,0,0,0,0,0,0,0,0,0,0,0,1,1,0,0,3,3,1,0,1,0,0,0,7,4,0,1,1,1,0,0,0,0,0,0,0,0,0,0,0,0,0,0,0,0,0,0,0,0,0,0,0,0,0,0,0,0,11,9
10 - Κιλκίς,109 E.T. Δήμου Κιλκίς,442,192,1,1,2,190,77,35,18,10,8,2,29,1,1,0,5,19,25,13,2,4,0,1,14,3,1,1,0,3,19,7,2,1,4,0,4,0,0,0,0,2,0,0,1,0,0,0,0,0,0,0,4,2,2,0,1,0,0,0,8,1,2,3,0,0,0,0,0,0,0,0,0,0,0,0,0,0,2,2,0,0,0,0,1,0,0,0,0,0,1,1,0,0,3,1
10 - Κιλκίς,110 E.T. Δήμου Κιλκίς,462,191,2,3,5,186,85,26,15,30,4,2,29,2,3,4,1,13,36,22,1,10,0,1,5,0,2,1,1,0,14,4,1,0,4,0,1,0,0,0,0,1,0,0,0,0,0,0,0,0,0,0,0,0,5,0,0,0,1,0,5,3,0,0,0,0,0,0,0,0,0,0,0,0,0,0,0,0,1,1,0,0,0,0,0,0,1,1,1,1,0,0,0,0,3,2
10 - Κιλκίς,111 E.T. Δήμου Κιλκίς,449,209,5,2,7,202,92,31,15,21,4,14,22,2,2,2,4,9,39,21,0,15,0,0,3,1,0,0,0,2,19,3,4,6,4,0,8,2,2,0,0,2,0,0,1,0,0,0,1,0,0,1,0,0,1,0,0,0,0,0,2,0,1,0,0,0,0,0,0,0,0,0,0,0,0,0,0,0,1,1,0,0,0,0,0,0,3,2,2,1,0,0,1,0,7,3
10 - Κιλκίς,112 E.T. Δήμου Κιλκίς,502,134,2,1,3,131,75,39,21,13,0,1,15,1,0,0,5,5,20,13,1,4,0,0,2,0,0,0,0,0,4,0,0,0,1,0,0,0,0,0,0,0,0,0,0,0,0,0,0,0,0,0,0,0,1,0,0,1,0,0,6,5,0,1,0,0,0,0,0,0,1,0,1,0,0,1,0,0,2,2,0,0,0,0,0,0,0,0,0,0,1,0,0,0,3,2
10 - Κιλκίς,113 E.T. Δήμου Κιλκίς,504,170,4,1,5,165,92,51,6,30,1,3,19,1,0,1,2,15,34,20,1,9,0,2,3,0,0,0,2,1,8,0,1,0,6,0,0,0,0,0,0,0,0,0,0,0,0,0,1,0,1,0,0,0,2,0,0,2,0,0,0,0,0,0,0,0,0,0,0,0,0,0,0,0,0,0,1,1,0,0,0,0,0,0,0,0,0,0,0,0,0,0,1,0,4,4
10 - Κιλκίς,114 E.T. Δήμου Κιλκίς,531,140,9,2,11,129,66,36,10,14,4,1,20,3,2,1,8,5,28,14,2,9,0,1,0,0,0,0,0,0,8,1,2,2,2,0,0,0,0,0,0,0,0,0,0,0,0,0,0,0,0,0,0,0,0,0,0,0,0,0,4,4,0,0,0,0,1,1,0,0,1,1,0,0,0,0,1,0,0,0,0,0,0,0,0,0,0,0,0,0,0,0,0,0,0,0
10 - Κιλκίς,115 E.T. Δήμου Κιλκίς,504,307,6,1,7,300,143,29,87,8,7,3,28,3,6,2,6,7,49,29,0,19,0,0,19,2,8,1,3,0,10,1,4,0,4,1,9,0,2,1,0,2,0,0,0,0,0,0,0,0,0,0,2,1,2,0,0,0,1,0,17,8,2,2,0,0,0,0,0,0,0,0,1,1,0,0,2,1,1,1,5,1,0,3,0,0,0,0,3,2,0,0,1,0,8,6
10 - Κιλκίς,116 E.T. Δήμου Κιλκίς,520,349,4,1,5,344,157,32,102,15,3,2,30,3,5,2,12,6,49,31,0,13,0,1,14,3,5,0,2,2,18,2,2,3,3,3,6,0,3,0,1,0,3,3,0,0,0,0,1,0,1,0,3,2,4,0,0,1,1,0,24,14,5,1,1,0,1,0,0,0,1,0,0,0,0,0,3,2,0,0,1,0,0,0,1,0,2,0,5,0,2,1,0,0,18,12
10 - Κιλκίς,117 E.T. Δήμου Κιλκίς,406,252,2,4,6,246,107,24,43,24,3,3,48,0,2,1,4,33,41,25,0,16,0,0,9,1,0,1,1,4,16,2,4,0,4,1,0,0,0,0,0,0,1,1,0,0,0,0,1,0,0,0,2,1,2,0,1,0,0,0,4,4,0,0,0,0,1,0,0,1,0,0,0,0,0,0,3,0,0,0,1,1,0,0,0,0,4,4,2,1,0,0,1,1,3,2
10 - Κιλκίς,118 E.T. Δήμου Κιλκίς,468,262,7,0,7,255,66,12,16,6,5,20,49,3,2,0,16,23,74,28,0,46,0,0,35,6,20,0,2,3,8,0,4,0,4,0,4,0,2,0,0,1,0,0,1,1,0,0,0,0,0,0,0,0,0,0,0,0,0,0,11,3,4,2,0,0,0,0,0,0,0,0,0,0,0,0,2,1,0,0,1,0,0,0,0,0,0,0,0,0,0,0,0,0,4,0
10 - Κιλκίς,119 E.T. Δήμου Κιλκίς,468,245,4,0,4,241,60,14,12,8,5,16,29,3,0,0,12,11,79,36,2,39,0,0,32,1,23,1,0,2,10,1,0,1,5,0,4,3,0,0,0,1,2,1,1,1,0,0,1,0,1,0,1,1,2,0,0,0,0,0,5,0,1,3,0,0,5,1,4,0,0,0,1,0,0,1,0,0,0,0,1,0,0,1,0,0,0,0,1,0,1,1,0,0,6,4
10 - Κιλκίς,120 E.T. Δήμου Κιλκίς,643,337,3,0,3,334,94,19,35,13,7,16,28,2,2,2,6,12,142,122,0,15,0,0,15,3,2,0,2,2,19,2,5,1,8,0,2,0,0,0,0,1,3,2,1,0,0,0,1,1,0,0,1,0,2,0,2,0,0,0,10,7,1,2,0,0,0,0,0,0,0,0,1,0,0,0,0,0,0,0,2,2,0,0,0,0,3,1,1,0,0,0,0,0,9,5
10 - Κιλκίς,121 E.T. Δήμου Κιλκίς,428,259,1,4,5,254,197,30,120,12,9,20,4,0,2,0,2,0,12,6,0,5,1,0,1,0,0,0,1,0,11,2,2,1,3,1,3,3,0,0,0,0,1,0,0,0,0,0,0,0,0,0,0,0,2,0,0,0,0,1,14,8,5,0,0,0,2,0,1,1,0,0,0,0,0,0,1,0,0,0,0,0,0,0,0,0,1,0,1,1,0,0,0,0,4,3
10 - Κιλκίς,122 E.T. Δήμου Κιλκίς,432,266,17,1,18,248,160,39,90,13,1,10,9,0,4,0,0,1,3,1,0,2,0,0,7,0,3,0,0,1,19,3,1,2,5,2,1,0,0,0,0,1,2,2,1,0,0,0,0,0,0,0,0,0,1,1,0,0,0,0,18,4,5,4,0,0,8,0,7,0,0,0,1,0,1,0,3,3,1,1,3,1,1,0,0,0,3,1,1,0,3,3,0,0,4,3
10 - Κιλκίς,123 E.T. Δήμου Κιλκίς,438,274,0,0,0,274,186,28,131,11,8,5,8,1,0,1,3,0,21,7,2,9,0,1,3,2,1,0,0,0,19,3,2,0,13,0,2,0,1,0,0,0,0,0,0,0,0,0,0,0,0,0,0,0,1,0,0,0,0,1,13,3,4,4,0,0,13,0,8,5,0,0,0,0,0,0,0,0,2,1,1,0,1,0,0,0,0,0,0,0,2,2,2,0,1,1
10 - Κιλκίς,124 E.T. Δήμου Κιλκίς,429,238,3,0,3,235,164,33,110,12,2,2,5,2,2,0,0,1,13,3,1,7,1,1,10,1,3,0,1,3,12,3,2,2,3,0,2,0,1,0,0,1,1,1,0,0,0,0,0,0,0,0,1,1,5,1,0,0,0,0,8,3,3,1,0,0,4,0,2,2,0,0,0,0,0,0,0,0,0,0,1,0,1,0,0,0,0,0,1,0,1,1,0,0,7,5
10 - Κιλκίς,125 E.T. Δήμου Κιλκίς,485,306,2,1,3,303,177,62,58,44,5,1,24,5,2,0,10,5,31,22,0,9,0,0,9,1,3,0,0,2,15,2,3,1,3,1,3,1,1,0,1,0,1,1,2,1,0,0,0,0,0,0,0,0,4,1,0,0,1,0,12,5,3,0,0,0,0,0,0,0,0,0,1,1,0,0,4,2,2,2,1,0,0,0,2,0,3,2,0,0,1,0,1,0,10,7
10 - Κιλκίς,126 E.T. Δήμου Κιλκίς,501,284,2,0,2,282,160,54,53,36,9,5,30,3,1,4,11,5,30,16,0,14,0,0,10,1,3,0,0,2,23,4,5,6,3,0,6,2,1,0,2,1,0,0,0,0,0,0,0,0,0,0,0,0,2,0,0,0,0,2,12,3,2,5,0,0,0,0,0,0,0,0,0,0,0,0,0,0,0,0,1,0,1,0,1,1,0,0,2,1,0,0,0,0,5,3
10 - Κιλκίς,127 E.T. Δήμου Κιλκίς,581,336,0,3,3,333,182,39,105,19,5,2,43,2,6,2,15,11,49,25,0,21,0,0,6,0,0,1,1,3,16,2,5,0,5,1,6,1,2,0,1,1,1,1,0,0,0,0,1,0,0,0,3,2,2,1,0,0,0,0,13,6,4,1,0,0,1,0,0,0,1,0,1,1,0,0,2,2,0,0,0,0,0,0,0,0,1,0,0,0,1,1,1,0,3,1
10 - Κιλκίς,128 E.T. Δήμου Κιλκίς,432,269,4,2,6,263,87,31,24,17,1,7,33,4,2,0,6,5,49,31,0,12,0,0,13,1,2,0,0,3,44,5,10,6,14,1,4,1,1,1,1,0,3,1,1,1,0,0,1,1,0,0,1,1,2,1,0,1,0,0,4,0,2,1,0,0,2,1,0,0,1,1,0,0,0,0,0,0,2,1,4,0,3,0,0,0,0,0,2,0,0,0,0,0,10,5
10 - Κιλκίς,129 E.T. Δήμου Κιλκίς,429,244,2,2,4,240,112,47,24,22,6,2,22,2,2,1,1,6,38,19,0,16,0,0,8,2,1,0,0,0,28,4,2,3,13,3,5,0,3,1,1,0,2,0,0,0,0,0,2,1,0,0,1,0,3,0,0,1,0,1,6,2,1,2,0,0,1,0,0,1,1,1,0,0,0,0,0,0,2,0,5,2,1,0,0,0,0,0,1,0,0,0,1,1,2,2
10 - Κιλκίς,130 E.T. Δήμου Κιλκίς,428,221,7,2,9,212,55,17,28,4,0,2,34,2,1,0,14,14,19,12,0,6,1,0,53,2,48,0,1,1,18,7,3,0,7,0,6,0,0,0,4,0,1,1,3,3,0,0,0,0,0,0,3,2,1,0,0,0,0,0,4,1,1,2,0,0,1,0,0,0,1,1,3,1,1,0,2,1,0,0,3,1,0,0,0,0,1,1,0,0,0,0,0,0,4,1
10 - Κιλκίς,131 E.T. Δήμου Κιλκίς,426,198,2,0,2,196,23,10,4,3,4,2,45,2,3,1,21,13,52,17,0,33,0,1,41,0,41,0,0,0,12,3,4,1,3,0,2,0,0,0,0,1,1,0,1,1,1,1,0,0,0,0,0,0,0,0,0,0,0,0,3,1,0,2,1,1,0,0,0,0,0,0,0,0,0,0,0,0,0,0,3,3,0,0,0,0,1,1,0,0,1,1,0,0,9,6
10 - Κιλκίς,132 E.T. Δήμου Κιλκίς,464,212,2,1,3,209,46,11,28,2,3,0,38,3,1,2,11,14,35,21,0,12,1,0,53,1,48,0,0,0,9,1,4,0,2,1,5,0,0,1,0,1,0,0,1,1,0,0,2,0,0,1,2,2,0,0,0,0,0,0,4,0,0,1,0,0,0,0,0,0,0,0,0,0,0,0,1,1,0,0,3,0,1,2,0,0,4,3,1,1,0,0,0,0,5,3
10 - Κιλκίς,133 E.T. Δήμου Κιλκίς,484,270,4,1,5,265,93,48,19,11,2,8,43,3,3,0,12,22,46,22,2,19,1,0,23,1,1,4,0,16,17,7,3,0,2,0,4,0,0,3,0,0,3,3,0,0,0,0,1,1,0,0,0,0,1,0,0,0,0,1,17,9,2,3,0,0,0,0,0,0,0,0,1,1,0,0,1,0,1,1,3,2,0,1,0,0,2,2,2,2,2,2,0,0,5,4
10 - Κιλκίς,134 E.T. Δήμου Κιλκίς,494,275,7,2,9,266,51,25,11,5,1,8,35,4,3,0,6,19,88,42,0,44,0,0,30,1,2,2,3,19,13,1,4,2,1,1,11,0,2,7,0,0,0,0,0,0,1,0,1,0,0,1,2,1,0,0,0,0,0,0,17,1,3,8,0,0,0,0,0,0,0,0,2,0,0,1,0,0,0,0,3,1,0,1,0,0,0,0,1,1,1,1,2,0,8,5
10 - Κιλκίς,135 E.T. Δήμου Κιλκίς,490,286,2,0,2,284,109,65,11,20,2,5,36,2,0,1,12,18,51,20,0,29,1,0,18,3,0,5,0,9,17,5,5,0,1,0,11,0,1,6,0,0,1,1,0,0,0,0,0,0,0,0,2,0,2,0,0,0,0,0,26,7,3,10,0,0,1,0,0,0,0,0,0,0,0,0,1,1,0,0,4,1,0,3,0,0,1,1,0,0,0,0,0,0,4,3
10 - Κιλκίς,136 E.T. Δήμου Κιλκίς,469,259,1,0,1,258,84,50,19,8,1,5,40,2,0,0,21,14,59,35,3,19,1,0,20,1,1,0,2,15,16,4,5,0,3,0,3,0,0,3,0,0,3,1,0,0,0,0,0,0,0,0,0,0,0,0,0,0,0,0,19,8,3,2,0,0,0,0,0,0,0,0,0,0,0,0,0,0,2,2,2,1,0,1,0,0,2,2,0,0,2,2,0,0,6,4
10 - Κιλκίς,137 E.T. Δήμου Κιλκίς,572,320,7,0,7,313,67,22,12,23,0,6,54,1,2,0,20,28,117,68,1,48,0,0,36,19,1,0,1,12,10,0,2,0,7,0,2,0,0,1,0,0,2,0,0,0,1,1,0,0,0,0,0,0,3,0,1,0,0,0,7,3,1,1,0,0,0,0,0,0,0,0,0,0,0,0,0,0,1,1,1,0,0,1,0,0,1,0,0,0,3,1,0,0,8,7
10 - Κιλκίς,138 E.T. Δήμου Κιλκίς,451,212,2,2,4,208,71,44,10,2,1,9,19,0,2,2,6,5,37,22,3,11,1,0,46,3,13,0,2,24,6,1,1,0,3,0,4,1,0,1,0,0,0,0,0,0,0,0,1,0,0,0,0,0,1,0,1,0,0,0,16,6,0,8,0,0,1,0,0,0,0,0,0,0,0,0,0,0,0,0,2,0,0,2,0,0,0,0,0,0,0,0,0,0,4,2
10 - Κιλκίς,139 E.T. Δήμου Κιλκίς,404,245,5,0,5,240,141,91,27,3,3,11,10,0,2,1,3,0,24,8,0,15,0,0,26,2,0,1,1,21,14,1,3,3,4,0,3,0,0,2,0,1,1,0,0,0,0,0,2,1,0,0,1,1,0,0,0,0,0,0,12,7,2,1,0,0,1,0,1,0,0,0,0,0,0,0,0,0,0,0,0,0,0,0,0,0,3,2,1,0,1,1,0,0,0,0
10 - Κιλκίς,140 E.T. Δήμου Κιλκίς,498,271,3,1,4,267,142,59,35,13,7,22,21,1,2,0,8,8,25,11,1,11,0,0,11,5,0,1,0,4,23,4,7,2,9,0,3,0,1,2,0,0,8,6,0,0,0,0,2,1,0,0,0,0,1,0,0,0,1,0,18,9,1,5,0,0,0,0,0,0,0,0,0,0,0,0,1,1,0,0,0,0,0,0,0,0,2,2,0,0,5,4,0,0,5,3
10 - Κιλκίς,141 E.T. Δήμου Κιλκίς,490,258,3,0,3,255,136,59,30,20,6,16,37,2,1,1,23,10,30,18,0,11,0,1,6,3,1,0,0,1,14,2,2,0,8,0,2,0,1,1,0,0,2,2,2,1,0,0,0,0,0,0,2,1,2,0,0,0,0,1,16,9,3,2,0,0,0,0,0,0,0,0,0,0,0,0,0,0,1,0,0,0,0,0,0,0,0,0,0,0,1,0,0,0,4,3
10 - Κιλκίς,142 E.T. Δήμου Κιλκίς,369,119,1,0,1,118,38,2,13,1,0,21,17,1,0,0,6,3,5,4,0,1,0,0,40,1,1,0,1,37,3,0,0,0,2,0,3,0,0,2,0,0,2,1,0,0,0,0,0,0,0,0,0,0,0,0,0,0,0,0,5,0,0,3,0,0,0,0,0,0,0,0,0,0,0,0,0,0,0,0,0,0,0,0,0,0,0,0,1,1,0,0,1,0,3,2
10 - Κιλκίς,143 E.T. Δήμου Κιλκίς,367,116,3,0,3,113,46,3,10,2,0,26,14,1,2,1,3,5,12,10,0,0,0,1,25,0,0,2,3,19,4,1,2,0,0,1,3,0,0,3,0,0,1,0,0,0,0,0,0,0,0,0,0,0,0,0,0,0,0,0,2,1,1,0,0,0,0,0,0,0,0,0,0,0,0,0,1,0,1,1,0,0,0,0,0,0,0,0,0,0,0,0,0,0,4,1
10 - Κιλκίς,144 E.T. Δήμου Παιονίας,554,300,7,0,7,293,128,64,33,13,10,4,34,1,1,10,11,1,51,28,0,16,0,6,8,1,0,5,0,1,16,4,1,1,6,1,5,0,2,0,0,1,2,2,0,0,0,0,2,1,0,0,1,1,2,0,1,1,0,0,16,7,2,6,1,0,0,0,0,0,2,0,0,0,0,0,4,3,2,1,5,3,0,0,0,0,4,4,2,2,1,0,1,0,6,4
10 - Κιλκίς,145 E.T. Δήμου Παιονίας,563,322,6,1,7,315,141,65,49,4,12,2,37,3,3,8,17,4,44,18,3,18,0,3,17,5,1,6,0,1,28,1,4,4,4,4,1,0,0,0,1,0,2,0,1,0,0,0,1,0,0,0,3,1,0,0,0,0,0,0,15,5,3,2,0,0,0,0,0,0,0,0,0,0,0,0,1,0,4,3,2,1,0,1,0,0,5,5,0,0,0,0,1,0,12,10
10 - Κιλκίς,146 E.T. Δήμου Παιονίας,550,282,6,0,6,276,103,52,31,5,12,2,51,3,10,20,15,3,38,16,2,15,1,2,24,7,2,8,1,0,25,3,3,0,15,1,4,2,1,0,0,0,0,0,0,0,0,0,0,0,0,0,4,2,4,3,0,0,0,1,14,3,4,6,0,0,0,0,0,0,0,0,0,0,0,0,0,0,0,0,2,0,0,2,0,0,3,2,1,0,1,1,0,0,2,1
10 - Κιλκίς,147 E.T. Δήμου Παιονίας,549,313,6,2,8,305,114,60,31,5,12,2,58,4,1,23,11,9,66,33,0,25,0,8,14,4,0,7,2,0,19,4,3,2,6,0,6,2,0,0,0,1,0,0,1,0,0,0,1,1,0,0,0,0,0,0,0,0,0,0,11,3,1,2,0,0,0,0,0,0,0,0,0,0,0,0,0,0,0,0,2,0,0,1,1,1,0,0,0,0,1,1,0,0,11,5
10 - Κιλκίς,148 E.T. Δήμου Παιονίας,558,291,11,0,11,280,93,39,31,2,12,6,51,2,0,15,20,6,54,29,0,21,1,2,13,1,0,8,0,0,32,1,3,1,16,1,3,0,0,0,0,2,1,1,1,0,0,0,0,0,0,0,5,3,3,0,0,1,0,0,6,4,0,1,1,1,0,0,0,0,0,0,0,0,0,0,0,0,0,0,2,0,0,1,0,0,0,0,1,1,1,0,2,1,11,5
10 - Κιλκίς,149 E.T. Δήμου Παιονίας,514,267,5,0,5,262,145,64,46,6,14,10,24,0,3,9,5,5,35,16,1,14,0,2,7,2,1,3,0,0,21,3,2,1,7,3,4,1,0,0,1,0,2,2,0,0,0,0,3,2,0,0,1,1,3,0,1,0,0,0,10,5,1,2,0,0,0,0,0,0,0,0,0,0,0,0,0,0,0,0,2,0,0,1,0,0,0,0,0,0,0,0,0,0,5,5
10 - Κιλκίς,150 E.T. Δήμου Παιονίας,552,329,9,2,11,318,127,18,67,18,14,2,32,7,5,4,7,4,92,51,2,33,2,2,6,1,0,2,1,0,17,8,2,2,2,2,8,1,3,0,0,2,2,2,0,0,0,0,0,0,0,0,0,0,1,0,0,0,0,0,9,3,2,3,0,0,0,0,0,0,0,0,0,0,0,0,3,2,1,1,4,2,0,1,0,0,1,1,1,0,1,1,1,1,12,6
10 - Κιλκίς,151 E.T. Δήμου Παιονίας,546,324,3,3,6,318,160,41,79,19,14,3,44,4,1,9,14,7,39,15,1,20,0,2,15,6,2,4,2,0,17,4,3,0,8,0,5,1,1,0,0,1,3,2,0,0,0,0,6,4,0,0,2,0,4,2,1,1,0,0,5,3,2,0,0,0,0,0,0,0,0,0,0,0,0,0,2,2,0,0,1,1,0,0,1,0,1,1,2,2,0,0,0,0,11,8
10 - Κιλκίς,152 E.T. Δήμου Παιονίας,329,176,1,2,3,173,59,16,24,1,12,1,22,5,3,2,8,1,23,9,0,11,0,0,11,5,0,4,0,1,27,3,2,5,11,3,0,0,0,0,0,0,1,1,0,0,0,0,0,0,0,0,0,0,2,1,0,1,0,0,13,3,1,7,0,0,0,0,0,0,0,0,1,1,0,0,1,0,2,2,1,0,1,0,0,0,0,0,0,0,1,1,0,0,9,8
10 - Κιλκίς,153 E.T. Δήμου Παιονίας,199,101,0,0,0,101,64,26,25,2,7,2,7,0,0,6,0,0,19,7,4,5,1,2,1,1,0,0,0,0,4,1,1,0,0,1,0,0,0,0,0,0,0,0,0,0,0,0,0,0,0,0,0,0,0,0,0,0,0,0,2,0,1,1,0,0,0,0,0,0,0,0,0,0,0,0,0,0,0,0,0,0,0,0,0,0,0,0,0,0,0,0,0,0,4,4
10 - Κιλκίς,154 E.T. Δήμου Παιονίας,344,194,2,0,2,192,99,4,10,1,81,0,19,1,3,0,12,2,29,21,2,4,0,1,5,2,1,1,0,0,19,4,3,1,5,1,2,0,1,0,0,0,1,1,1,1,0,0,0,0,0,0,0,0,2,1,0,0,0,0,2,1,1,0,0,0,0,0,0,0,0,0,1,0,1,0,1,0,0,0,0,0,0,0,1,0,0,0,0,0,0,0,0,0,10,4
10 - Κιλκίς,155 E.T. Δήμου Παιονίας,351,193,3,0,3,190,82,25,20,6,22,6,25,0,9,2,11,0,37,21,0,14,2,0,11,3,1,2,0,0,17,1,0,1,11,1,2,1,0,0,1,0,1,0,0,0,0,0,0,0,0,0,1,1,1,0,0,0,0,0,2,1,1,0,0,0,1,1,0,0,1,1,1,0,1,0,1,1,1,0,1,0,0,0,0,0,1,1,0,0,0,0,0,0,4,3
10 - Κιλκίς,156 E.T. Δήμου Παιονίας,367,227,5,0,5,222,92,19,32,13,12,3,35,1,7,3,10,6,40,20,0,18,0,1,11,4,3,3,0,0,17,2,6,2,6,0,3,3,0,0,0,0,5,2,0,0,0,0,0,0,0,0,1,0,0,0,0,0,0,0,6,5,0,0,0,0,0,0,0,0,1,1,0,0,0,0,1,0,1,1,1,1,0,0,0,0,0,0,3,0,1,0,1,0,3,2
10 - Κιλκίς,157 E.T. Δήμου Παιονίας,387,237,4,0,4,233,111,14,26,54,4,9,34,4,5,3,11,5,34,15,0,16,0,0,3,0,0,1,0,1,16,5,0,2,5,0,9,0,1,0,0,8,0,0,1,1,0,0,1,0,1,0,0,0,4,1,3,0,0,0,6,4,1,0,0,0,0,0,0,0,0,0,0,0,0,0,1,0,2,1,2,2,0,0,0,0,0,0,1,0,1,1,1,0,6,3
10 - Κιλκίς,158 E.T. Δήμου Παιονίας,297,148,6,1,7,141,53,10,13,15,2,10,18,1,5,1,6,2,27,10,0,8,1,2,5,0,1,1,0,0,10,0,1,1,4,0,3,0,1,0,0,2,1,0,0,0,0,0,0,0,0,0,0,0,1,0,0,1,0,0,9,0,1,4,1,1,0,0,0,0,0,0,0,0,0,0,0,0,0,0,2,1,0,1,1,0,1,1,0,0,0,0,0,0,9,6
10 - Κιλκίς,159 E.T. Δήμου Παιονίας,426,190,4,1,5,185,90,52,17,1,7,9,17,2,3,3,2,1,37,10,0,24,0,1,23,0,2,16,0,0,6,3,0,1,0,1,3,1,0,0,0,0,1,1,1,0,0,0,1,0,0,0,0,0,0,0,0,0,0,0,1,1,0,0,0,0,1,1,0,0,0,0,0,0,0,0,0,0,0,0,0,0,0,0,0,0,2,1,1,1,0,0,0,0,1,0
10 - Κιλκίς,160 E.T. Δήμου Παιονίας,185,48,1,0,1,47,12,4,4,1,1,1,9,1,0,3,5,0,14,11,0,0,0,0,3,1,0,0,0,0,2,0,0,0,2,0,0,0,0,0,0,0,0,0,0,0,0,0,0,0,0,0,1,1,1,0,0,0,0,0,5,2,1,1,0,0,0,0,0,0,0,0,0,0,0,0,0,0,0,0,0,0,0,0,0,0,0,0,0,0,0,0,0,0,0,0
10 - Κιλκίς,161 E.T. Δήμου Παιονίας,284,165,2,1,3,162,81,15,27,3,35,1,19,3,0,10,4,0,24,13,0,9,0,1,5,1,1,1,0,0,20,2,2,5,8,2,2,1,0,0,0,1,1,1,0,0,1,0,0,0,0,0,0,0,1,0,1,0,0,0,2,0,0,0,0,0,1,0,0,0,0,0,0,0,0,0,1,1,0,0,1,0,0,0,0,0,1,1,0,0,0,0,0,0,2,1
10 - Κιλκίς,162 E.T. Δήμου Παιονίας,528,270,1,0,1,269,87,33,29,15,5,3,50,3,1,3,27,14,45,28,0,13,0,2,13,6,1,4,0,1,27,6,3,4,9,0,3,1,0,0,0,1,1,0,0,0,1,0,4,1,1,1,1,1,1,1,0,0,0,0,17,8,3,4,0,0,1,0,1,0,0,0,0,0,0,0,0,0,1,0,1,0,0,1,0,0,3,3,6,4,2,1,1,1,4,2
10 - Κιλκίς,163 E.T. Δήμου Παιονίας,530,303,7,1,8,295,87,42,21,9,4,3,67,4,3,0,40,15,66,30,3,25,3,0,14,2,0,6,0,0,29,5,1,6,11,1,4,1,1,0,0,0,2,2,0,0,0,0,0,0,0,0,2,0,2,0,0,0,0,0,6,2,2,1,0,0,0,0,0,0,1,1,0,0,0,0,1,0,0,0,1,1,0,0,1,0,1,1,0,0,0,0,0,0,11,7
10 - Κιλκίς,164 E.T. Δήμου Παιονίας,524,303,6,1,7,296,103,45,36,7,6,2,70,3,1,0,39,19,56,33,1,18,2,0,13,0,0,7,0,0,18,2,2,1,8,3,6,4,0,0,0,1,2,2,1,1,1,1,1,0,0,1,2,0,3,0,0,0,1,0,7,3,0,0,1,1,0,0,0,0,0,0,0,0,0,0,0,0,1,1,1,0,0,1,0,0,2,0,0,0,0,0,2,1,6,3
10 - Κιλκίς,165 E.T. Δήμου Παιονίας,524,303,2,0,2,301,111,46,27,17,9,4,57,5,2,2,36,7,70,34,0,27,5,0,16,3,0,8,1,0,17,5,0,4,2,0,2,2,0,0,0,0,1,1,1,0,1,0,1,0,0,0,0,0,3,0,0,1,0,0,9,6,1,1,0,0,0,0,0,0,0,0,1,1,0,0,1,0,0,0,0,0,0,0,1,0,1,1,1,0,0,0,0,0,7,4
10 - Κιλκίς,166 E.T. Δήμου Παιονίας,517,287,10,1,11,276,97,34,36,14,1,3,40,3,1,0,17,10,56,21,1,20,4,4,25,8,1,3,0,0,22,5,0,2,9,1,5,2,1,0,0,2,4,4,1,1,0,0,1,1,0,0,0,0,0,0,0,0,0,0,7,2,0,3,0,0,0,0,0,0,0,0,0,0,0,0,1,0,0,0,1,0,0,0,1,1,1,0,0,0,0,0,1,0,13,8
10 - Κιλκίς,167 E.T. Δήμου Παιονίας,534,296,2,4,6,290,122,40,38,23,13,1,39,0,5,0,16,12,45,17,0,17,6,0,15,2,1,6,1,1,21,3,2,2,8,0,13,5,2,1,0,0,1,0,0,0,1,1,1,1,0,0,0,0,3,0,1,0,0,1,18,8,0,6,0,0,0,0,0,0,0,0,0,0,0,0,0,0,1,1,0,0,0,0,0,0,1,1,2,0,1,1,0,0,6,6
10 - Κιλκίς,168 E.T. Δήμου Παιονίας,530,274,4,2,6,268,96,42,27,18,2,5,43,4,2,4,23,4,63,32,1,21,2,1,17,6,1,6,0,1,13,2,5,2,1,0,5,1,1,0,0,0,0,0,0,0,0,0,1,1,0,0,2,1,4,1,1,2,0,0,13,4,5,1,0,0,0,0,0,0,0,0,0,0,0,0,0,0,0,0,2,1,1,0,0,0,0,0,1,1,1,1,0,0,7,3
10 - Κιλκίς,169 E.T. Δήμου Παιονίας,466,266,6,1,7,259,103,50,29,8,9,2,22,1,1,4,11,3,46,25,1,9,9,1,15,2,1,5,0,2,23,2,4,1,7,0,7,2,2,0,1,0,2,0,0,0,0,0,1,1,0,0,3,2,3,0,0,1,0,0,13,6,1,3,1,1,0,0,0,0,0,0,0,0,0,0,2,2,0,0,2,0,1,0,1,1,4,1,0,0,2,1,0,0,9,5
10 - Κιλκίς,170 E.T. Δήμου Παιονίας,397,174,1,1,2,172,55,28,12,4,2,1,52,0,5,2,26,12,28,14,0,12,0,0,6,2,0,2,2,0,12,3,2,1,2,0,4,0,0,0,1,1,0,0,0,0,0,0,0,0,0,0,1,1,1,0,0,0,0,1,1,0,0,0,0,0,0,0,0,0,1,1,0,0,0,0,0,0,0,0,1,0,0,0,0,0,1,1,1,0,0,0,1,0,7,3
10 - Κιλκίς,171 E.T. Δήμου Παιονίας,407,219,0,0,0,219,67,32,23,1,3,1,59,1,1,1,34,16,31,9,1,18,1,0,21,3,3,1,1,0,17,0,0,1,8,0,7,0,3,0,0,0,1,0,0,0,0,0,0,0,0,0,0,0,0,0,0,0,0,0,5,3,0,0,0,0,0,0,0,0,0,0,0,0,0,0,3,2,1,0,2,0,0,2,0,0,1,0,1,1,0,0,0,0,3,1
10 - Κιλκίς,172 E.T. Δήμου Παιονίας,414,177,13,0,13,164,56,30,20,1,5,0,47,3,1,1,24,9,23,12,1,9,0,0,13,0,3,3,4,0,7,0,1,1,5,0,4,0,0,0,0,2,1,1,0,0,0,0,1,0,0,0,0,0,0,0,0,0,0,0,4,1,1,1,0,0,0,0,0,0,0,0,0,0,0,0,0,0,0,0,0,0,0,0,0,0,0,0,2,2,1,0,0,0,5,0
10 - Κιλκίς,173 E.T. Δήμου Παιονίας,369,138,3,1,4,134,62,18,20,3,9,9,8,0,3,0,0,2,16,10,0,4,1,1,3,2,0,0,1,0,14,5,0,1,3,3,5,1,2,1,0,0,0,0,0,0,0,0,0,0,0,0,1,1,2,0,1,0,0,1,8,2,0,3,0,0,0,0,0,0,1,1,0,0,0,0,0,0,0,0,2,1,0,0,2,2,6,5,0,0,0,0,0,0,4,3
10 - Κιλκίς,174 E.T. Δήμου Παιονίας,356,127,2,0,2,125,44,10,16,3,9,3,14,2,0,1,5,5,18,8,0,4,0,2,8,3,1,2,0,1,10,2,2,3,2,1,6,1,0,1,0,0,0,0,0,0,0,0,0,0,0,0,0,0,2,1,0,0,1,0,11,7,0,3,0,0,0,0,0,0,0,0,0,0,0,0,1,0,3,1,0,0,0,0,0,0,4,3,0,0,2,1,1,0,1,1
10 - Κιλκίς,175 E.T. Δήμου Παιονίας,492,187,5,0,5,182,66,20,35,4,3,1,26,0,1,0,18,1,63,36,1,20,1,2,8,1,0,2,0,1,5,0,0,1,1,1,2,0,0,0,0,1,0,0,0,0,0,0,0,0,0,0,0,0,0,0,0,0,0,0,0,0,0,0,0,0,0,0,0,0,0,0,0,0,0,0,1,1,0,0,0,0,0,0,1,0,3,3,0,0,0,0,0,0,7,1
10 - Κιλκίς,176 E.T. Δήμου Παιονίας,352,164,6,0,6,158,41,9,14,13,3,1,33,1,5,1,23,2,28,13,0,14,0,1,3,0,1,1,0,1,7,2,1,2,1,0,9,2,2,0,0,1,1,1,0,0,0,0,0,0,0,0,3,3,0,0,0,0,0,0,27,0,0,26,0,0,0,0,0,0,0,0,0,0,0,0,0,0,0,0,0,0,0,0,0,0,1,1,1,1,0,0,0,0,4,2
10 - Κιλκίς,177 E.T. Δήμου Παιονίας,158,104,3,1,4,100,28,11,12,1,2,1,30,1,3,0,19,1,21,5,0,12,0,0,1,0,0,0,0,0,2,0,1,0,0,0,1,0,0,0,0,0,2,1,0,0,0,0,0,0,0,0,0,0,2,1,0,0,0,0,2,0,1,0,0,0,0,0,0,0,0,0,2,1,0,0,0,0,1,1,1,0,0,0,0,0,1,0,1,0,1,1,0,0,4,3
10 - Κιλκίς,178 E.T. Δήμου Παιονίας,448,286,2,0,2,284,126,58,29,10,16,8,10,0,1,2,2,2,69,39,1,21,1,5,14,3,2,7,0,1,19,3,3,2,5,2,4,0,1,1,1,0,3,2,0,0,0,0,0,0,0,0,3,2,0,0,0,0,0,0,15,11,0,2,0,0,0,0,0,0,0,0,0,0,0,0,2,0,4,2,1,0,0,1,1,1,4,4,1,0,1,1,4,2,3,1
10 - Κιλκίς,179 E.T. Δήμου Παιονίας,450,216,3,5,8,208,77,20,20,24,4,5,22,4,3,0,3,8,21,8,2,5,3,2,15,7,1,4,0,1,25,1,3,5,10,2,6,1,1,0,0,1,2,1,1,1,0,0,1,0,0,0,0,0,2,0,1,0,0,0,15,7,1,6,0,0,1,0,1,0,0,0,0,0,0,0,5,3,2,2,1,0,0,0,0,0,0,0,1,1,1,1,1,1,9,7
10 - Κιλκίς,180 E.T. Δήμου Παιονίας,386,231,2,0,2,229,84,36,20,12,3,11,33,4,5,7,6,3,40,20,3,15,0,2,5,1,0,0,1,1,22,2,2,1,10,1,5,1,0,0,0,0,4,2,0,0,0,0,0,0,0,0,0,0,4,0,0,0,0,3,17,7,0,7,0,0,0,0,0,0,0,0,1,0,0,0,7,2,0,0,2,0,0,2,0,0,0,0,0,0,0,0,0,0,5,3
10 - Κιλκίς,181 E.T. Δήμου Παιονίας,478,296,3,1,4,292,130,50,60,4,6,6,44,1,2,4,13,18,50,28,0,18,0,1,8,1,2,0,0,0,13,1,2,0,6,0,6,2,1,1,1,0,2,2,5,2,0,0,5,2,3,0,0,0,2,1,0,0,1,0,13,7,2,1,1,1,0,0,0,0,2,2,0,0,0,0,0,0,1,1,0,0,0,0,0,0,0,0,0,0,2,1,3,3,5,3
10 - Κιλκίς,182 E.T. Δήμου Παιονίας,480,293,3,1,4,289,111,27,50,7,6,20,29,4,6,5,7,4,66,42,1,23,0,0,20,2,2,10,2,0,17,4,2,2,5,1,9,2,1,0,0,3,1,0,2,1,1,1,1,0,0,0,1,0,3,0,1,0,0,1,9,6,1,0,0,0,0,0,0,0,0,0,1,0,0,0,3,2,0,0,2,1,0,0,2,1,0,0,1,0,3,2,0,0,7,6
10 - Κιλκίς,183 E.T. Δήμου Παιονίας,484,315,1,0,1,314,153,45,78,7,5,11,23,2,1,2,11,4,44,32,0,9,2,0,20,2,3,9,1,0,12,2,2,1,4,0,8,2,2,0,0,2,0,0,5,4,0,0,0,0,0,0,0,0,2,0,0,0,0,0,31,23,1,2,0,0,0,0,0,0,0,0,0,0,0,0,0,0,0,0,2,1,0,0,0,0,1,1,1,0,1,0,1,1,10,8
10 - Κιλκίς,184 E.T. Δήμου Παιονίας,509,325,3,1,4,321,143,50,64,9,7,9,32,4,4,3,8,10,36,20,0,12,2,1,39,2,3,22,5,1,13,3,2,1,5,1,10,1,1,1,0,2,4,2,5,2,0,0,0,0,0,0,2,2,2,1,0,0,1,0,19,14,0,0,0,0,0,0,0,0,1,0,0,0,0,0,0,0,2,2,0,0,0,0,1,0,0,0,1,0,1,1,6,2,4,4
10 - Κιλκίς,185 E.T. Δήμου Παιονίας,556,377,13,1,14,363,196,93,45,13,23,14,32,3,9,2,5,4,44,33,0,5,0,1,7,1,1,1,0,0,28,4,7,3,8,0,4,0,0,0,0,2,6,3,0,0,1,1,1,0,1,0,2,1,10,1,2,2,0,2,13,3,1,2,1,1,0,0,0,0,0,0,0,0,0,0,2,1,1,0,1,0,0,1,0,0,0,0,1,1,1,1,1,0,11,3
10 - Κιλκίς,186 E.T. Δήμου Παιονίας,545,404,10,2,12,392,160,67,40,15,18,17,70,2,22,6,25,9,59,32,2,23,0,0,18,4,1,5,0,2,34,7,3,4,11,2,6,1,1,0,0,0,6,5,0,0,0,0,1,1,0,0,3,3,8,2,0,1,0,2,9,3,2,2,1,0,0,0,0,0,0,0,0,0,0,0,2,1,1,1,2,1,0,1,0,0,3,3,1,0,0,0,0,0,8,7
10 - Κιλκίς,187 E.T. Δήμου Παιονίας,527,348,7,3,10,338,140,47,39,11,20,9,43,2,7,5,19,6,41,32,0,8,0,0,13,6,1,0,0,2,35,2,10,3,15,1,6,2,0,0,0,2,2,1,3,2,0,0,3,2,0,0,2,2,7,0,1,2,0,2,12,4,3,1,2,2,1,0,0,0,1,1,0,0,0,0,1,1,2,1,0,0,0,0,0,0,5,5,2,1,0,0,1,1,16,11
10 - Κιλκίς,188 E.T. Δήμου Παιονίας,273,172,3,0,3,169,81,31,28,3,4,3,37,1,27,3,2,1,11,5,0,2,1,1,3,0,1,1,0,0,18,2,1,2,8,0,3,1,1,0,0,0,1,1,0,0,0,0,1,0,0,0,0,0,2,0,1,0,0,0,5,2,1,0,0,0,0,0,0,0,0,0,0,0,0,0,1,0,0,0,3,0,0,3,0,0,0,0,1,0,0,0,0,0,2,2
10 - Κιλκίς,189 E.T. Δήμου Παιονίας,513,340,3,1,4,336,187,55,82,19,13,9,33,4,8,8,8,2,57,18,1,36,0,1,5,0,0,0,0,1,13,2,2,1,7,0,6,1,1,1,0,1,3,2,0,0,0,0,3,2,0,0,2,0,2,0,0,2,0,0,11,6,0,2,1,1,2,0,0,2,0,0,0,0,0,0,0,0,0,0,1,0,0,0,1,1,3,1,1,1,0,0,0,0,5,5
10 - Κιλκίς,190 E.T. Δήμου Παιονίας,677,433,3,0,3,430,180,44,68,8,17,32,46,1,8,6,23,5,102,39,3,52,2,1,13,4,1,2,0,0,35,6,4,2,19,2,8,2,1,0,2,0,6,3,0,0,1,0,2,1,0,0,0,0,0,0,0,0,0,0,11,6,2,0,1,1,0,0,0,0,0,0,0,0,0,0,1,0,2,1,0,0,0,0,1,0,1,1,3,2,1,1,1,1,15,11
10 - Κιλκίς,191 E.T. Δήμου Παιονίας,455,214,0,0,0,214,126,64,31,12,8,6,19,1,1,0,8,5,21,14,0,5,0,1,6,0,0,6,0,0,13,2,3,4,1,0,3,1,0,1,1,0,0,0,0,0,0,0,0,0,0,0,3,2,3,1,0,1,0,0,11,5,2,0,0,0,0,0,0,0,0,0,0,0,0,0,0,0,0,0,0,0,0,0,1,1,0,0,1,1,0,0,0,0,7,3
10 - Κιλκίς,192 E.T. Δήμου Παιονίας,547,307,11,3,14,293,134,37,38,14,29,5,22,1,1,6,4,8,34,22,0,9,0,2,25,9,0,14,0,1,28,3,2,2,10,9,3,1,0,0,0,0,2,2,1,0,0,0,2,1,0,0,6,5,7,0,4,0,0,0,10,2,3,3,0,0,1,0,1,0,0,0,0,0,0,0,2,2,1,1,3,1,0,0,1,0,3,2,0,0,0,0,0,0,8,5
10 - Κιλκίς,193 E.T. Δήμου Παιονίας,542,358,1,1,2,356,168,57,56,15,19,7,38,5,5,7,12,6,36,21,2,9,1,2,21,4,0,17,0,0,23,3,4,3,5,0,6,1,0,0,2,0,5,5,0,0,0,0,0,0,0,0,6,6,8,2,4,0,0,1,19,7,3,1,1,0,0,0,0,0,1,0,0,0,0,0,1,1,2,2,0,0,0,0,1,1,3,3,1,1,3,3,0,0,13,8
10 - Κιλκίς,194 E.T. Δήμου Παιονίας,536,312,9,0,9,303,105,40,23,13,16,1,41,0,3,7,20,10,51,24,0,21,1,5,27,0,1,24,0,0,24,3,2,2,7,1,4,2,1,0,1,0,4,3,0,0,1,0,0,0,0,0,3,2,7,0,6,0,0,0,22,9,1,10,0,0,0,0,0,0,0,0,0,0,0,0,1,1,3,2,0,0,0,0,0,0,0,0,0,0,0,0,1,1,9,4
10 - Κιλκίς,195 E.T. Δήμου Παιονίας,536,333,2,2,4,329,151,55,48,18,16,6,42,4,6,8,16,7,45,20,1,11,3,7,18,1,0,14,0,1,16,6,1,3,0,1,3,1,0,0,0,1,5,4,1,1,1,1,1,1,0,0,3,1,10,1,7,1,0,0,18,6,1,9,0,0,0,0,0,0,0,0,0,0,0,0,1,0,0,0,1,1,0,0,1,1,1,1,3,3,0,0,0,0,8,5
10 - Κιλκίς,196 E.T. Δήμου Παιονίας,548,321,9,3,12,309,140,55,35,18,21,2,25,2,6,5,5,3,38,18,0,13,1,3,28,7,0,16,0,0,19,1,4,0,6,1,7,5,0,0,0,0,1,0,0,0,0,0,1,0,0,0,5,2,10,2,7,1,0,0,13,7,2,3,0,0,0,0,0,0,0,0,1,0,0,0,1,1,1,1,2,0,0,1,0,0,0,0,3,0,3,3,1,0,10,7
10 - Κιλκίς,197 E.T. Δήμου Παιονίας,565,301,2,0,2,299,131,37,53,12,14,0,36,6,3,7,9,4,48,26,1,11,1,5,22,0,0,19,1,2,13,4,3,1,1,0,4,2,0,1,1,0,3,2,1,1,0,0,1,1,0,0,3,2,3,1,1,0,0,0,16,8,2,2,0,0,2,0,2,0,0,0,0,0,0,0,1,0,0,0,2,1,0,0,0,0,2,2,0,0,3,3,0,0,8,5
10 - Κιλκίς,198 E.T. Δήμου Παιονίας,544,351,8,3,11,340,160,52,52,17,26,4,31,4,4,9,6,4,49,30,0,11,0,4,21,7,1,12,0,0,22,5,4,0,3,5,6,3,1,0,0,0,0,0,1,1,0,0,0,0,0,0,4,4,2,0,1,0,0,1,19,0,0,0,1,1,0,0,0,0,0,0,1,1,0,0,0,0,2,0,3,0,0,2,1,1,2,2,1,1,3,3,0,0,11,5
10 - Κιλκίς,199 E.T. Δήμου Παιονίας,531,290,4,0,4,286,96,29,36,8,12,3,53,8,6,5,16,13,51,29,1,9,1,8,23,6,1,14,1,0,11,5,1,0,3,1,8,4,1,0,0,2,0,0,1,0,0,0,0,0,0,0,2,2,7,0,5,0,0,0,16,7,2,6,0,0,1,0,1,0,0,0,0,0,0,0,1,0,3,2,2,1,0,0,0,0,3,3,0,0,1,0,0,0,7,7
10 - Κιλκίς,200 E.T. Δήμου Παιονίας,543,304,6,1,7,297,134,39,43,12,25,3,35,3,1,5,17,6,36,17,5,11,1,2,30,0,0,27,0,0,19,4,2,3,4,2,2,1,0,0,0,1,1,1,1,1,0,0,1,1,0,0,0,0,5,0,5,0,0,0,19,7,5,4,0,0,0,0,0,0,0,0,1,1,0,0,1,0,1,1,1,0,0,0,0,0,4,1,0,0,3,3,0,0,3,3
10 - Κιλκίς,201 E.T. Δήμου Παιονίας,497,288,3,3,6,282,124,53,37,7,14,4,26,2,2,2,14,3,34,19,1,10,0,4,18,5,0,12,0,0,14,0,3,3,3,3,7,2,1,0,0,1,1,1,0,0,0,0,0,0,0,0,8,8,10,0,7,0,0,2,19,5,1,6,2,0,0,0,0,0,0,0,0,0,0,0,3,2,4,4,4,0,0,4,0,0,2,2,0,0,2,2,1,1,3,2
10 - Κιλκίς,202 E.T. Δήμου Παιονίας,652,404,8,3,11,393,194,40,72,9,38,16,37,2,6,4,16,4,28,8,1,17,0,1,23,7,3,7,0,1,40,6,4,3,22,0,12,2,1,0,1,3,5,1,1,1,0,0,5,0,2,0,3,3,9,0,2,1,0,4,13,4,1,4,0,0,0,0,0,0,1,0,1,0,0,0,3,0,1,1,4,2,0,1,0,0,2,2,2,2,0,0,0,0,9,7
10 - Κιλκίς,203 E.T. Δήμου Παιονίας,464,260,3,0,3,257,70,19,26,5,9,3,45,5,2,1,27,2,56,22,2,30,0,1,37,5,1,26,0,1,15,3,2,0,8,0,1,1,0,0,0,0,0,0,1,0,0,0,0,0,0,0,4,4,3,0,0,0,0,1,5,0,1,1,0,0,1,0,0,0,0,0,0,0,0,0,0,0,2,1,3,2,0,0,0,0,1,1,1,0,0,0,2,2,10,8
10 - Κιλκίς,204 E.T. Δήμου Παιονίας,485,270,5,0,5,265,75,14,36,5,14,0,43,1,2,8,16,12,51,22,2,19,0,6,35,2,4,24,1,0,20,0,1,0,10,1,6,2,0,0,0,1,1,0,0,0,0,0,0,0,0,0,2,1,3,0,1,0,0,0,2,0,1,0,0,0,0,0,0,0,1,0,1,0,1,0,2,1,0,0,6,0,0,2,0,0,1,1,1,1,1,1,1,1,13,10
10 - Κιλκίς,205 E.T. Δήμου Παιονίας,423,277,4,1,5,272,118,75,29,8,0,1,19,0,2,4,10,3,75,52,1,17,3,1,8,1,1,4,0,0,7,1,1,0,5,0,3,0,1,0,0,1,1,0,0,0,0,0,2,2,0,0,1,1,4,0,1,0,0,1,16,10,2,2,0,0,0,0,0,0,0,0,1,1,0,0,1,1,0,0,4,1,0,3,0,0,2,1,0,0,1,0,4,2,5,4
10 - Κιλκίς,206 E.T. Δήμου Παιονίας,420,259,6,0,6,253,126,69,22,22,4,0,21,0,1,4,8,3,43,32,1,7,0,2,10,2,3,3,0,0,16,5,1,4,4,0,6,1,4,0,0,0,0,0,0,0,0,0,1,1,0,0,0,0,2,0,2,0,0,0,15,7,3,2,0,0,2,2,0,0,0,0,1,0,0,1,0,0,1,0,1,0,0,0,0,0,0,0,0,0,2,1,0,0,6,5
10 - Κιλκίς,207 E.T. Δήμου Παιονίας,406,246,0,2,2,244,144,62,47,15,5,6,17,1,2,4,2,3,39,25,0,11,0,2,6,0,1,1,1,0,10,5,1,0,0,1,2,0,0,1,0,0,1,0,0,0,0,0,0,0,0,0,4,3,0,0,0,0,0,0,8,3,2,1,0,0,0,0,0,0,0,0,0,0,0,0,0,0,0,0,3,1,0,1,0,0,2,0,1,1,0,0,0,0,7,3
10 - Κιλκίς,208 E.T. Δήμου Παιονίας,127,92,0,1,1,91,77,32,12,24,0,4,1,0,0,0,1,0,3,1,0,1,0,1,2,1,0,0,0,0,1,1,0,0,0,0,1,0,1,0,0,0,0,0,0,0,0,0,0,0,0,0,0,0,1,0,1,0,0,0,3,0,0,1,0,0,0,0,0,0,0,0,1,0,0,0,0,0,0,0,0,0,0,0,0,0,1,1,0,0,0,0,0,0,0,0
10 - Κιλκίς,209 E.T. Δήμου Παιονίας,357,172,2,0,2,170,78,34,10,1,19,7,18,1,0,1,9,7,27,17,0,8,0,0,12,4,1,4,0,1,9,1,3,0,3,0,3,0,1,0,0,0,0,0,0,0,0,0,0,0,0,0,1,1,1,0,1,0,0,0,11,5,0,2,0,0,0,0,0,0,0,0,0,0,0,0,1,1,0,0,2,0,1,1,0,0,2,2,0,0,0,0,0,0,5,2
10 - Κιλκίς,210 E.T. Δήμου Παιονίας,356,207,2,0,2,205,107,31,36,2,27,11,23,2,2,3,13,3,27,21,1,1,0,2,6,1,0,3,0,1,16,3,2,0,8,0,2,1,0,0,0,1,0,0,0,0,0,0,0,0,0,0,0,0,1,0,0,0,0,1,11,7,2,1,0,0,0,0,0,0,0,0,0,0,0,0,1,0,1,0,2,0,0,0,0,0,2,2,0,0,0,0,2,2,4,4
10 - Κιλκίς,211 E.T. Δήμου Παιονίας,335,186,5,1,6,180,60,23,21,1,4,9,22,2,1,5,6,6,52,33,1,8,0,7,18,3,0,9,0,1,7,3,1,0,2,0,4,0,0,0,0,3,0,0,1,1,0,0,0,0,0,0,3,0,1,0,1,0,0,0,4,2,1,0,0,0,1,1,0,0,0,0,0,0,0,0,1,1,0,0,0,0,0,0,0,0,1,1,0,0,0,0,0,0,5,4
10 - Κιλκίς,212 E.T. Δήμου Παιονίας,497,298,10,0,10,288,99,37,21,6,12,20,28,2,6,3,10,3,85,47,1,18,0,19,13,2,3,8,0,0,30,3,5,0,14,1,2,1,0,0,0,0,0,0,0,0,0,0,1,1,0,0,3,2,4,0,3,0,0,1,13,7,1,3,1,1,1,1,0,0,0,0,0,0,0,0,0,0,0,0,0,0,0,0,1,1,1,0,0,0,3,2,2,2,1,1
10 - Κιλκίς,213 E.T. Δήμου Παιονίας,111,56,0,1,1,55,23,4,11,0,4,2,6,0,1,0,4,0,12,11,0,0,0,1,6,5,0,1,0,0,3,0,3,0,0,0,1,0,0,0,0,1,1,1,0,0,0,0,0,0,0,0,1,1,0,0,0,0,0,0,0,0,0,0,0,0,0,0,0,0,0,0,0,0,0,0,0,0,0,0,0,0,0,0,0,0,0,0,0,0,0,0,0,0,2,0
10 - Κιλκίς,214 E.T. Δήμου Παιονίας,580,268,3,1,4,264,96,36,29,10,17,0,48,3,4,13,11,11,43,22,2,7,0,6,19,1,0,15,0,0,18,5,2,0,7,0,5,2,0,0,1,0,1,1,0,0,0,0,2,1,0,0,2,1,4,0,4,0,0,0,14,5,3,1,0,0,0,0,0,0,0,0,0,0,0,0,0,0,3,2,1,0,1,0,1,1,0,0,2,0,1,0,0,0,4,2
10 - Κιλκίς,215 E.T. Δήμου Παιονίας,353,188,4,2,6,182,72,24,7,10,16,6,37,2,3,4,10,13,24,9,2,5,0,6,15,2,4,6,0,1,9,0,1,1,2,1,3,0,0,0,0,0,0,0,0,0,0,0,0,0,0,0,0,0,0,0,0,0,0,0,8,5,0,1,0,0,0,0,0,0,0,0,1,0,0,0,0,0,0,0,1,1,0,0,0,0,4,0,0,0,3,0,1,0,4,2
10 - Κιλκίς,216 E.T. Δήμου Παιονίας,351,165,6,0,6,159,85,35,20,8,14,7,20,2,3,1,6,6,21,10,5,5,0,1,9,2,0,4,0,2,8,0,2,0,4,0,0,0,0,0,0,0,1,1,0,0,0,0,0,0,0,0,1,1,1,0,1,0,0,0,3,1,0,1,0,0,0,0,0,0,0,0,0,0,0,0,2,1,0,0,1,1,0,0,0,0,2,0,1,0,1,0,0,0,3,2
10 - Κιλκίς,217 E.T. Δήμου Παιονίας,401,154,1,1,2,152,53,15,8,5,20,3,22,0,3,0,15,1,40,24,0,10,0,6,19,4,1,6,2,0,8,1,1,0,4,0,0,0,0,0,0,0,1,1,0,0,0,0,0,0,0,0,1,1,0,0,0,0,0,0,2,2,0,0,0,0,0,0,0,0,0,0,0,0,0,0,3,1,1,1,0,0,0,0,0,0,0,0,0,0,0,0,0,0,2,1
10 - Κιλκίς,218 E.T. Δήμου Παιονίας,411,152,0,1,1,151,46,19,7,1,15,3,20,4,2,0,8,2,44,18,1,20,0,4,11,3,0,6,0,0,19,2,2,1,6,0,0,0,0,0,0,0,0,0,0,0,0,0,0,0,0,0,0,0,0,0,0,0,0,0,6,1,0,2,0,0,0,0,0,0,0,0,0,0,0,0,0,0,0,0,1,0,0,1,0,0,1,0,1,1,0,0,0,0,2,2
10 - Κιλκίς,219 E.T. Δήμου Παιονίας,416,180,5,0,5,175,49,21,12,2,12,2,31,1,5,1,11,5,51,27,7,9,0,6,14,6,0,3,0,0,4,1,1,0,1,1,3,1,0,0,0,2,0,0,0,0,0,0,0,0,0,0,3,0,0,0,0,0,0,0,9,3,1,2,0,0,0,0,0,0,0,0,2,0,0,1,0,0,0,0,3,1,0,1,0,0,0,0,0,0,0,0,0,0,6,6
10 - Κιλκίς,220 E.T. Δήμου Παιονίας,558,271,10,1,11,260,74,30,29,3,7,4,21,2,1,0,10,6,85,54,0,12,0,18,7,0,1,5,0,0,39,3,7,5,15,3,1,0,0,0,0,1,1,0,0,0,1,0,0,0,0,0,0,0,4,0,3,0,0,0,12,2,4,5,0,0,1,1,0,0,0,0,0,0,0,0,0,0,2,1,1,0,0,0,0,0,1,1,0,0,0,0,0,0,10,5
10 - Κιλκίς,221 E.T. Δήμου Παιονίας,565,295,1,2,3,292,100,25,42,4,17,4,18,1,1,2,5,6,107,57,0,16,0,34,14,0,0,12,0,0,20,0,12,1,4,0,6,3,1,0,0,1,0,0,0,0,0,0,0,0,0,0,1,1,0,0,0,0,0,0,7,2,1,2,0,0,1,1,0,0,0,0,0,0,0,0,1,0,3,3,4,1,0,0,1,0,0,0,0,0,1,1,0,0,8,5
10 - Κιλκίς,Ετερ. Κιλκίς (από 23ο Ε.Τ. Νομ. Θεσσαλονικης),467,261,4,0,4,257,107,35,31,11,10,3,36,4,8,5,8,4,36,13,6,6,2,2,20,1,2,2,2,3,17,2,4,1,7,0,7,0,2,1,2,0,2,1,1,1,0,0,1,1,0,0,1,0,2,0,0,0,0,0,11,4,4,0,0,0,0,0,0,0,0,0,0,0,0,0,0,0,1,1,1,0,0,1,0,0,2,2,0,0,0,0,0,0,12,3
10 - Κιλκίς,Ετερ. Κιλκίς (από Εφετείο Θεσσαλονίκης),40,22,1,0,1,21,6,2,2,0,1,0,5,1,0,1,1,1,2,1,0,1,0,0,3,1,1,0,0,1,1,0,1,0,0,0,0,0,0,0,0,0,0,0,0,0,0,0,0,0,0,0,0,0,0,0,0,0,0,0,2,2,0,0,0,0,0,0,0,0,0,0,0,0,0,0,0,0,0,0,0,0,0,0,0,0,0,0,0,0,0,0,0,0,2,2
10 - Κιλκίς,Ετερ. Κιλκίς (από 100ο Ε.Τ. Νομ. Αττικης-Αθηνών),302,209,2,0,2,207,89,40,19,8,11,7,50,5,7,8,15,8,22,16,2,2,0,1,18,4,4,0,1,4,4,0,0,0,2,2,9,2,3,0,1,0,0,0,0,0,0,0,2,2,0,0,0,0,2,2,0,0,0,0,3,0,2,1,0,0,0,0,0,0,0,0,0,0,0,0,0,0,0,0,2,0,0,1,0,0,1,1,0,0,0,0,0,0,5,3
Σύνολο,,101040,55760,929,236,1165,54595,22172,7906,6732,3081,1601,1628,7450,640,520,510,2743,2179,9469,5101,277,3366,97,269,3518,583,487,596,300,851,3784,629,746,295,1210,130,993,172,140,102,61,189,262,172,96,54,29,12,164,64,19,19,279,180,456,48,105,59,17,82,2865,1250,324,712,42,28,84,13,38,13,33,19,80,34,16,11,208,111,151,107,329,74,28,127,59,32,290,204,191,108,151,99,96,53,1344,885
