ΠΕΡΙΦΕΡΕΙΑ,ΕΚΛΟΓΙΚΟ ΤΜΗΜΑ,ΕΓΓΕΓΡΑΜΜΕΝΟΙ,ΨΗΦΙΣΑΝΤΕΣ,ΑΚΥΡΑ,ΛΕΥΚΑ,ΑΚΥΡΑ & ΛΕΥΚΑ,ΕΓΚΥΡΑ,Νέα Δημοκρατία,ΔΗΜΑΣ ΧΡΙΣΤΟΣ του Σταύρου,ΚΟΛΛΙΑΣ ΚΩΝΣΤΑΝΤΙΝΟΣ του Ταξίαρχου,ΠΑΠΑΚΩΝΣΤΑΝΤΙΝΟΥ ΜΑΡΙΑ του Ιωάννη,ΣΟΥΚΟΥΛΗ-ΒΙΛΙΑΛΗ ΜΑΡΙΑ-ΕΛΕΝΗ (ΜΑΡΙΛΕΝΑ) του Δημητρίου,ΤΑΓΑΡΑΣ ΝΙΚΟΛΑΟΣ του Χρήστου,ΦΕΡΕΤΖΑΝΗΣ ΓΕΩΡΓΙΟΣ του Αναστασίου,ΣΥΡΙΖΑ,ΔΕΔΕΣ ΓΕΩΡΓΙΟΣ του Αθανασίου,ΘΕΛΕΡΙΤΗ ΜΑΡΙΑ του Παναγιώτη,ΚΟΝΟΜΟΔΗ ΕΛΕΝΗ (ΕΛΕΝΑ) του Δημητρίου,ΣΟΥΚΑΡΑ ΕΥΓΕΝΙΑ (ΤΖΕΝΗ) του Δημητρίου,ΤΣΟΓΚΑΣ ΓΕΩΡΓΙΟΣ του Παύλου,ΨΥΧΟΓΙΟΣ ΓΕΩΡΓΙΟΣ του Κωνσταντίνου,ΠΑΣΟΚ-Κίνημα Αλλαγής,ΑΓΓΕΛΟΠΟΥΛΟΣ ΔΗΜΗΤΡΗΣ (ΤΖΙΜΗΣ) του Ηλία,ΑΝΔΡΙΑΝΑΚΟΣ ΕΥΑΓΓΕΛΟΣ του Νικολάου,ΓΚΙΛΙΤΣΗΣ ΧΡΗΣΤΟΣ του Νικολάου,ΔΗΜΑΣ ΝΙΚΟΛΑΟΣ του Γεωργίου,ΤΑΓΑΡΑ ΑΙΚΑΤΕΡΙΝΗ του Ιωάννη,ΦΑΡΜΑΚΗ - ΓΚΕΚΗ ΑΙΚΑΤΕΡΙΝΗ του Γεωργίου,Κ.Κ.Ε.,ΑΚΑΡΕΠΗ ΜΑΡΙΑ του Φιλίππου,ΑΛΩΝΙΣΤΙΩΤΗΣ ΠΑΝΑΓΙΩΤΗΣ (ΤΑΚΗΣ) του Αντωνίου,ΚΑΦΑΝΤΑΡΗ ΕΥΘΑΛΙΑ (ΛΙΛΑ) του Ηλία,ΛΙΑΚΟΥΡΑΣ ΓΕΩΡΓΙΟΣ του Δημητρίου,ΝΑΝΟΠΟΥΛΟΥ ΚΥΡΙΑΚΗ (ΚΙΚΗ) του Βασιλείου,ΣΠΗΛΙΩΤΗΣ ΠΑΝΑΓΙΩΤΗΣ του Αναστασίου,Ελληνική Λύση - Κ. Βελόπουλος,ΒΑΣΙΛΕΙΟΥ ΔΗΜΗΤΡΙΟΣ του Αχιλλέα,ΚΑΛΑΝΤΖΗ ΦΩΤΕΙΝΗ του Νικολάου,ΜΙΧΑΗΛΙΔΗ ΒΙΟΛΕΤΤΑ του Ιωάννη,ΜΠΟΥΛΟΥΓΟΥΡΑΣ ΒΑΣΙΛΕΙΟΣ του Ιωάννη,ΝΙΚΟΛΑΟΥ ΧΡΗΣΤΟΣ του Χαράλαμπου,ΠΑΠΑΓΕΩΡΓΙΟΥ ΣΕΡΑΦΕΙΜ του Χαράλαμπου,ΜέΡΑ25-ΣΥΜΜΑΧΙΑ ΓΙΑ ΤΗ ΡΗΞΗ,ΒΑΣΙΛΑΚΟΠΟΥΛΟΣ ΘΕΟΔΩΡΟΣ του Βασιλείου,ΔΗΜΗΤΡΙΑΔΗ ΜΑΡΙΑ του Αναστασίου,ΘΑΛΑΣΣΙΝΟΣ ΓΕΩΡΓΙΟΣ του Κυριάκου,ΜΠΡΑΚΟΥΛΙΑ ΜΑΡΙΑ του Χρήστου,ΡΙΣΚΑ ΜΑΡΙΑΝΘΗ (ΜΑΙΡΗ) του Δημητρίου,ΦΡΑΔΕΛΟΣ ΓΕΩΡΓΙΟΣ του Νικολάου,ΕΝΩΝΩ ΣΥΜΜΑΧΙΑ ΕΛΕΥΘΕΡΙΑΣ,ΛΟΗ ΔΗΜΗΤΡΑ του Θωμά,Κ.Κ.Ε. (μ-λ),ΚΑΜΑΡΕΤΣΟΥ ΜΑΡΙΑΝΑ του Λουδοβίκου,ΣΠΥΡΟΠΟΥΛΟΣ ΓΕΩΡΓΙΟΣ του Σπυρίδωνα,Ο.Κ.Δ.Ε.,ΑΝΑΝΙΑΔΟΥ ΜΑΡΙΑ του Ιορδάνη,ΑΝΤ.ΑΡ.ΣΥ.Α.,ΡΗΓΟΠΟΥΛΟΣ ΚΩΝΣΤΑΝΤΙΝΟΣ του Αντωνίου,ΤΣΙΡΜΠΑ ΜΑΡΙΑ του Φωτίου,ΦΙΛΗ ΜΥΡΤΩ του Βλασίου,Κίνημα 21,ΠΙΠΕΡΟΣ ΓΕΩΡΓΙΟΣ του Θεοχάρη,ΕΘΝΙΚΗ ΔΗΜΙΟΥΡΓΙΑ,ΑΝΑΣΤΑΣΟΠΟΥΛΟΣ ΒΑΣΙΛΕΙΟΣ του Αναστασίου,ΔΗΜΑ ΣΤΑΜΑΤΙΑ του Κωνσταντίνου,ΚΑΡΑΟΥΖΑ ΧΡΙΣΤΙΝΑ του Σωτηρίου,ΚΟΡΙΛΗΣ ΔΗΜΗΤΡΙΟΣ του Κωνσταντίνου,ΝΙΚΗ,ΚΑΜΙΝΑΡΗ ΕΛΙΖΑ του Θεοδώρου,ΜΕΞΙΑΣ ΚΩΝΣΤΑΝΤΙΝΟΣ του Σωτηρίου,ΝΙΚΟΛΑΟΥ ΣΟΦΙΑ του Σεραφείμ,ΡΟΥΝΤΑΣ ΓΕΩΡΓΙΟΣ του Ναπολέοντος,κοινωνία αξιών,ΦΙΛΑΝΔΡΑ ΘΕΟΔΩΡΑ-ΚΥΡΙΑΚΗ του Νικολάου,ΒΟΡΕΙΑ ΛΕΓΚΑ - ΚΡΑΜΑ,ΜΠΟΜΠΟΛΑΣ ΠΑΝΑΓΙΩΤΗΣ του Βασιλείου,ΧΑΤΖΗΑΝΑΣΤΑΣΙΟΥ ΠΗΝΕΛΟΠΗ του Θεοδώρου,Ο.Α.Κ.Κ.Ε.,ΓΙΑΝΝΟΠΟΥΛΟΥ ΓΕΩΡΓΙΑ του Ηλία,Μ-Λ Κ.Κ.Ε.,ΣΠΥΡΟΠΟΥΛΟΣ ΑΝΤΩΝΙΟΣ του Παναγιώτη,Ελλήνων Συνέλευσις,ΑΝΑΓΝΩΣΤΟΠΟΥΛΟΣ ΗΛΙΑΣ του Νικολάου,ΚΑΝΕΛΛΟΥ ΕΙΡΗΝΗ του Ηλία,ΛΙΑΤΣΟΣ ΠΑΝΑΓΙΩΤΗΣ του Πέτρου,ΜΑΛΛΙΟΣ ΚΩΝΣΤΑΝΤΙΝΟΣ του Χρήστου,ΧΑΛΑ ΣΤΥΛΙΑΝΗ του Γεωργίου,Ένωση Κεντρώων,ΜΗΤΡΟΥ ΖΑΧΑΡΩ του Αριστείδη,ΜΗΤΣΟΠΟΥΛΟΣ ΑΝΑΣΤΑΣΙΟΣ του Δημητρίου,ΤΣΕΚΟΥΡΑ ΑΛΕΞΑΝΔΡΑ του Βασιλείου,ΨΑΡΑΚΗΣ ΡΑΦΑΗΛ του Χαράλαμπου,ΤΩΡΑ ΟΛΟΙ ΜΑΖΙ (Τ.ΟΛ.ΜΑ),ΣΤΑΤΗΡΑΣ ΗΛΙΑΣ του Δημητρίου,ΣΥΜΜΑΧΙΑ ΑΝΑΤΡΟΠΗΣ,ΔΕΔΕΣ ΙΩΑΝΝΗΣ του Γεωργίου,ΚΑΤΕΜΗ ΕΥΑΓΓΕΛΙΑ (ΛΙΤΣΑ) του Δημητρίου,ΜΙΧΑΛΟΠΟΥΛΟΥ ΓΕΩΡΓΙΑ του Αποστόλου,ΟΙΚΟΝΟΜΟΠΟΥΛΟΣ ΧΑΡΑΛΑΜΠΟΣ του Δημητρίου,ΣΚΑΡΠΕΤΗΣ ΝΙΚΟΛΑΟΣ του Κωνσταντίνου,ΣΤΡΙΜΕΝΟΠΟΥΛΟΥ ΜΑΡΙΚΑ του Γεωργίου,ΠΟΛΙΤΙΚΗ ΠΡΩΤΟΒΟΥΛΙΑ ,ΖΩΙΤΣΑ ΓΕΩΡΓΙΑ του Δημητρίου,ΕΛΕΥΘΕΡΟΙ ΞΑΝΑ,ΜΑΡΤΗ ΜΑΡΙΑΝΘΗ του Χρήστου,ΤΣΟΥΜΑΝΗΣ ΓΕΩΡΓΙΟΣ του Παναγιώτη,ΠΝΟΗ ΔΗΜΟΚΡΑΤΙΑΣ,ΡΕΚΛΕΙΤΟΥ ΜΑΡΙΑ του Ιωάννη,Οικολόγοι Πράσινοι,ΔΑΓΛΑΡΙΔΟΥ ΚΥΡΙΑΚΗ του Σπυρίδωνος,ΤΣΙΑΜΤΣΙΚΑΣ ΧΡΙΣΤΟΦΟΡΟΣ του Κωνσταντίνου,ΕΑΝ...,ΤΣΙΧΛΑΚΗΣ ΕΛΕΥΘΕΡΙΟΣ του Εμμανουηλίδη,ΕΝΟΤΗΤΑ - ΑΛΗΘΕΙΑ ΕΝ.Α,ΜΑΡΤΑΚΗ ΑΡΙΣΤΕΑ του Αλέξανδρου,Πλεύση Ελευθερίας - Ζωή Κωνστ.,ΘΑΝΟΠΟΥΛΟΥ ΔΕΣΠΟΙΝΑ του Αθανασίου
43 - Κορινθίας,1 E.T. Δήμου Βέλου - Βόχας,495,327,5,1,6,321,113,63,29,15,29,38,13,55,16,14,13,11,7,23,49,7,6,11,18,16,11,17,4,2,7,1,6,1,12,4,4,2,2,1,2,16,3,5,4,1,1,0,1,1,1,0,0,0,0,0,0,0,0,5,2,4,2,2,0,1,12,4,4,3,8,0,0,0,0,0,0,0,0,0,1,1,0,0,0,1,0,0,0,0,0,1,0,2,0,0,0,0,0,0,1,1,0,0,0,4,2,4,0,0,1,0,3,3,19,11
43 - Κορινθίας,2 E.T. Δήμου Βέλου - Βόχας,488,289,1,2,3,286,128,63,31,16,41,41,11,54,19,13,13,11,3,23,36,6,5,2,22,8,12,9,4,0,1,1,3,1,9,2,7,2,2,0,0,10,3,5,0,0,0,0,0,0,0,0,0,0,0,2,0,1,0,2,1,2,1,1,0,0,17,3,5,8,7,1,0,0,0,0,0,0,0,0,1,0,0,0,1,0,0,0,0,0,0,1,1,0,0,0,0,0,0,0,0,0,1,1,0,0,0,3,1,1,0,0,1,0,9,6
43 - Κορινθίας,3 E.T. Δήμου Βέλου - Βόχας,489,283,10,0,10,273,116,66,39,10,43,38,1,68,24,21,8,15,6,24,24,3,5,5,6,9,7,12,2,1,2,2,2,0,10,2,7,6,2,0,0,6,1,2,1,3,0,0,5,4,0,0,0,0,0,0,0,0,0,2,2,1,1,1,0,0,4,3,1,3,1,0,0,2,2,2,0,0,0,0,0,0,0,0,0,0,0,0,0,0,0,0,0,3,1,0,1,0,3,0,0,0,1,1,1,3,3,3,2,2,2,1,1,0,10,9
43 - Κορινθίας,4 E.T. Δήμου Βέλου - Βόχας,496,302,17,1,18,284,121,71,24,10,43,23,10,52,14,11,10,9,7,19,46,3,10,3,18,12,16,5,1,0,2,2,2,1,8,1,6,3,1,1,1,9,1,1,2,1,1,0,0,0,0,0,0,0,0,3,1,1,1,3,1,2,1,0,0,1,8,1,1,1,2,0,0,1,0,0,0,0,0,0,0,0,0,0,0,0,1,0,0,0,0,0,0,4,1,1,0,0,1,1,0,0,1,0,0,1,1,4,2,2,1,0,1,0,13,6
43 - Κορινθίας,5 E.T. Δήμου Βέλου - Βόχας,494,314,5,1,6,308,123,51,19,12,56,28,15,80,32,12,16,13,8,18,34,4,5,6,9,10,8,9,3,2,3,0,4,1,10,2,4,2,0,3,2,11,1,1,1,2,1,0,2,1,1,1,0,0,0,5,1,2,1,5,2,1,1,0,1,0,7,2,4,0,2,1,0,0,0,0,0,0,0,0,4,4,2,0,1,1,0,0,0,0,0,0,0,3,1,0,1,1,0,1,0,0,0,0,0,1,1,2,0,0,4,4,0,0,5,3
43 - Κορινθίας,6 E.T. Δήμου Βέλου - Βόχας,496,304,18,2,20,284,117,58,20,14,41,24,11,51,14,11,4,6,3,20,38,2,3,10,16,9,10,14,4,1,1,0,1,0,13,3,7,2,2,0,1,10,1,3,1,1,3,1,4,3,0,0,0,0,0,2,0,0,1,4,1,5,0,1,1,1,5,3,2,2,1,0,0,0,0,0,0,0,0,0,2,2,1,0,1,0,3,0,0,0,0,1,1,5,3,2,0,0,2,1,0,0,1,0,0,2,1,0,0,0,0,0,0,0,7,2
43 - Κορινθίας,7 E.T. Δήμου Βέλου - Βόχας,476,316,4,2,6,310,124,63,31,15,41,27,16,73,24,19,13,8,11,19,36,3,4,5,12,17,14,12,2,1,4,2,4,0,7,0,3,1,0,1,0,12,2,7,1,3,1,1,0,0,1,1,1,0,0,0,0,0,0,6,3,2,0,0,0,0,7,1,0,5,6,0,0,1,1,1,0,0,0,0,0,0,0,0,0,0,1,0,0,0,0,0,0,7,2,3,1,1,2,1,0,0,0,0,0,0,0,5,1,1,0,0,2,1,14,3
43 - Κορινθίας,8 E.T. Δήμου Βέλου - Βόχας,303,211,10,2,12,199,70,39,20,3,6,37,7,34,10,14,6,2,0,15,59,13,11,4,14,22,15,5,1,2,1,1,1,1,7,1,3,1,1,1,1,4,1,2,0,2,0,0,0,0,1,0,0,0,0,1,1,0,0,2,1,2,1,2,0,0,8,3,0,5,7,0,0,0,0,0,0,0,0,0,0,0,0,0,0,0,0,0,0,0,0,1,1,1,0,0,0,0,0,0,0,0,0,0,0,0,0,0,0,0,0,0,0,0,4,4
43 - Κορινθίας,9 E.T. Δήμου Βέλου - Βόχας,450,314,4,2,6,308,130,63,39,15,31,34,7,60,19,14,16,15,5,16,36,3,7,10,9,7,8,10,1,3,2,2,3,0,10,2,3,1,1,0,2,19,1,5,1,3,3,6,2,1,0,0,0,0,0,3,0,2,2,0,0,0,0,0,0,0,8,3,3,4,4,1,1,0,0,0,0,0,0,0,1,1,0,0,0,0,1,1,0,0,0,0,0,7,4,0,2,0,1,2,0,0,2,1,0,1,1,3,3,1,0,0,1,1,13,8
43 - Κορινθίας,10 E.T. Δήμου Βέλου - Βόχας,444,291,2,1,3,288,130,73,44,12,34,37,4,56,26,15,9,11,5,21,41,6,4,6,14,9,10,9,1,2,4,3,3,2,11,6,5,2,2,5,0,9,1,2,0,4,0,1,2,1,0,0,0,0,0,2,0,1,1,1,0,3,3,0,0,0,8,4,4,3,2,0,0,0,0,0,0,0,0,0,1,1,0,0,1,0,0,0,0,0,0,0,0,2,0,0,1,0,1,0,0,0,3,3,3,1,1,1,1,1,0,0,0,0,8,4
43 - Κορινθίας,11 E.T. Δήμου Βέλου - Βόχας,346,210,6,0,6,204,75,32,24,10,18,12,6,49,13,12,9,4,7,6,24,1,4,1,11,8,6,7,5,0,4,0,0,1,12,1,5,2,2,4,0,8,3,6,1,1,2,0,0,0,0,0,0,1,1,1,0,0,0,0,0,3,1,0,0,0,1,0,0,0,0,0,0,0,0,0,1,0,2,0,1,1,0,1,0,0,1,0,0,0,0,1,1,2,0,0,0,2,0,2,1,1,0,0,0,1,0,5,1,1,0,0,1,0,7,4
43 - Κορινθίας,12 E.T. Δήμου Βέλου - Βόχας,349,201,7,2,9,192,69,33,26,11,15,11,7,52,15,7,14,4,3,19,25,1,4,4,8,11,7,4,1,0,1,0,1,0,13,6,2,4,2,3,0,7,0,0,0,0,0,0,2,2,0,0,0,0,0,0,0,0,0,3,1,4,4,1,1,0,3,0,1,0,2,0,0,0,0,0,0,0,0,0,0,0,0,0,0,0,0,0,0,0,0,0,0,1,0,0,0,0,0,0,0,0,0,0,0,0,0,2,0,0,4,1,0,0,3,3
43 - Κορινθίας,13 E.T. Δήμου Βέλου - Βόχας,423,270,0,0,0,270,112,63,19,34,24,33,3,53,6,17,12,7,4,11,39,6,11,5,11,15,9,13,2,1,5,3,7,0,5,1,0,1,0,1,0,7,3,3,2,0,2,1,2,0,0,0,0,0,0,4,1,1,1,4,2,5,1,2,1,1,2,0,1,0,1,0,0,0,0,0,0,0,0,0,2,2,0,0,2,0,0,0,0,0,0,1,1,1,1,0,0,1,0,0,0,0,1,1,0,9,7,2,0,0,0,0,0,0,8,2
43 - Κορινθίας,14 E.T. Δήμου Βέλου - Βόχας,341,221,2,1,3,218,94,49,28,10,18,29,12,34,10,9,5,3,0,14,40,3,4,2,18,24,7,6,1,0,0,0,0,1,12,3,5,3,1,1,0,5,1,0,0,0,0,0,0,0,0,0,0,0,0,0,0,0,0,1,0,2,0,1,0,0,10,3,1,3,4,0,0,2,0,0,0,0,0,0,1,1,0,0,0,0,2,0,2,1,0,0,0,1,0,0,0,0,0,0,1,0,1,1,0,3,1,0,0,0,0,0,1,0,2,1
43 - Κορινθίας,15 E.T. Δήμου Βέλου - Βόχας,334,235,6,3,9,226,90,55,26,6,16,15,10,40,14,7,3,2,4,22,41,4,11,2,20,5,6,6,0,0,2,0,1,1,13,1,7,2,0,1,0,5,0,2,0,2,2,0,1,1,0,0,0,0,0,0,0,0,0,3,0,2,2,0,1,0,8,1,0,1,3,0,0,3,1,1,0,0,1,0,0,0,0,0,0,0,1,0,1,0,0,0,0,0,0,0,0,0,0,0,1,1,1,1,1,2,2,2,2,1,1,1,0,0,5,4
43 - Κορινθίας,16 E.T. Δήμου Βέλου - Βόχας,540,315,8,0,8,307,141,83,50,5,26,30,51,44,8,27,10,3,2,15,59,10,26,5,18,25,16,2,0,0,0,0,0,0,26,2,12,4,4,0,0,4,1,0,0,1,1,1,4,3,0,0,0,0,0,0,0,0,0,2,2,3,2,1,0,0,5,2,2,0,3,0,0,0,0,0,0,0,0,0,1,0,1,1,0,0,1,0,1,0,1,0,0,0,0,0,0,0,0,0,1,0,4,1,1,1,0,2,1,1,1,1,1,0,5,4
43 - Κορινθίας,17 E.T. Δήμου Βέλου - Βόχας,530,341,5,0,5,336,170,85,60,7,17,22,99,46,15,22,9,3,1,18,48,14,15,7,24,13,11,19,3,2,6,2,4,1,19,3,12,1,3,1,1,9,3,2,3,2,1,1,0,0,0,0,0,0,0,0,0,0,0,2,1,2,1,1,0,0,6,1,3,1,4,0,0,0,0,0,0,0,0,0,0,0,0,0,0,0,0,0,0,0,0,0,0,0,0,0,0,0,0,0,0,0,2,1,0,1,1,2,1,1,2,2,0,0,8,2
43 - Κορινθίας,18 E.T. Δήμου Βέλου - Βόχας,458,325,9,2,11,314,169,102,66,10,44,42,4,49,14,10,6,9,2,20,35,12,12,1,10,16,3,3,0,0,2,2,1,0,11,3,3,3,4,1,0,9,2,2,1,0,2,0,0,0,0,0,0,0,0,0,0,0,0,4,2,3,1,1,1,2,10,2,3,5,3,0,0,0,0,0,0,0,0,0,1,0,1,0,0,0,2,0,1,1,0,1,1,5,2,0,2,0,1,0,0,0,0,0,0,1,0,1,0,0,1,0,1,1,8,4
43 - Κορινθίας,19 E.T. Δήμου Βέλου - Βόχας,538,324,9,2,11,313,139,86,29,31,48,26,19,42,16,10,11,10,4,22,76,19,28,11,31,47,12,3,0,1,3,0,2,0,19,4,6,10,9,3,1,3,1,0,0,1,0,0,1,0,0,0,0,0,0,1,0,1,1,1,1,2,1,1,0,2,4,2,0,1,2,0,0,0,0,0,0,0,0,0,0,0,0,0,0,0,2,1,0,1,0,0,0,3,1,0,1,0,0,1,1,1,2,1,1,2,1,1,1,0,1,0,1,0,9,5
43 - Κορινθίας,20 E.T. Δήμου Βέλου - Βόχας,521,301,11,4,15,286,138,68,27,21,38,38,21,36,10,9,11,9,3,12,43,6,9,3,18,15,11,9,0,2,2,2,3,1,12,3,3,3,3,1,1,7,1,3,0,2,1,0,3,3,0,0,0,0,0,0,0,0,0,2,1,5,4,2,1,0,4,1,2,0,3,0,0,0,0,0,0,0,0,0,2,2,1,0,1,0,2,1,0,1,0,0,0,5,2,1,0,1,0,1,0,0,3,2,0,4,2,3,2,2,0,0,2,2,6,3
43 - Κορινθίας,21 E.T. Δήμου Βέλου - Βόχας,521,332,3,0,3,329,152,86,43,19,44,38,23,64,20,20,12,12,5,23,49,20,20,6,17,9,8,8,3,1,5,0,2,1,8,4,3,1,2,2,0,8,2,4,1,0,1,0,1,1,0,0,0,0,0,2,0,0,0,0,0,3,0,3,3,0,5,0,1,0,0,2,2,0,0,0,0,0,1,1,0,0,0,0,0,0,3,0,1,1,2,0,0,5,1,3,3,0,0,0,1,0,1,1,1,0,0,4,3,2,2,1,0,0,10,5
43 - Κορινθίας,22 E.T. Δήμου Βέλου - Βόχας,512,311,4,2,6,305,124,71,27,14,32,47,10,74,22,25,8,14,6,31,41,17,13,4,14,6,6,8,2,0,2,0,1,0,13,4,3,4,3,1,0,13,5,6,1,0,2,2,0,0,1,1,1,0,0,1,1,1,0,0,0,0,0,0,0,0,6,4,3,0,3,1,1,0,0,0,0,0,0,0,0,0,0,0,0,0,0,0,0,0,0,0,0,8,1,3,2,1,3,3,1,0,1,1,0,0,0,2,2,2,0,0,0,0,11,6
43 - Κορινθίας,23 E.T. Δήμου Βέλου - Βόχας,519,336,5,1,6,330,127,68,29,19,37,50,12,75,18,24,15,20,3,30,58,22,8,13,25,13,7,10,3,0,3,0,4,0,11,4,3,1,1,3,0,9,4,3,4,0,0,1,0,0,0,0,0,0,0,1,0,1,1,3,3,3,0,2,2,0,14,3,4,6,7,0,0,0,0,0,0,0,0,0,0,0,0,0,0,0,1,1,0,1,0,1,1,1,1,0,0,1,0,0,4,4,0,0,0,1,0,0,0,0,1,1,1,0,9,7
43 - Κορινθίας,24 E.T. Δήμου Βέλου - Βόχας,525,339,3,0,3,336,141,75,22,21,35,55,12,72,20,27,21,10,7,27,47,14,14,7,22,11,7,15,5,0,5,0,2,1,15,7,5,2,4,1,0,7,4,2,1,0,1,1,2,1,1,1,0,0,0,3,0,2,2,1,1,5,1,1,0,1,3,1,0,0,0,1,0,0,0,0,0,0,0,0,0,0,0,0,0,0,2,1,0,1,1,0,0,1,1,0,1,0,0,0,0,0,4,3,2,2,1,7,2,3,0,0,0,0,7,2
43 - Κορινθίας,25 E.T. Δήμου Βέλου - Βόχας,534,314,5,1,6,308,123,67,40,18,25,35,11,58,18,20,5,17,7,20,48,25,20,6,16,10,9,10,1,0,3,1,4,4,16,7,6,4,3,2,0,6,2,4,2,0,0,0,1,0,0,0,0,0,0,3,0,2,2,5,2,2,0,1,1,0,8,0,4,1,5,0,0,0,0,0,0,0,0,0,3,1,1,0,1,1,2,1,0,1,2,0,0,5,1,0,1,1,1,0,1,1,5,5,3,0,0,3,2,1,1,0,0,0,8,7
43 - Κορινθίας,26 E.T. Δήμου Βέλου - Βόχας,215,137,1,0,1,136,52,22,9,8,11,23,4,38,14,2,9,6,2,9,18,1,8,1,9,3,1,6,1,1,1,0,3,0,8,0,2,1,1,0,0,3,0,0,0,0,0,0,2,1,0,0,0,0,0,0,0,0,0,0,0,0,0,0,0,0,3,0,2,0,2,0,0,0,0,0,0,0,0,0,0,0,0,0,0,0,0,0,0,0,0,0,0,2,0,1,0,0,0,0,0,0,0,0,0,0,0,0,0,0,0,0,2,0,2,1
43 - Κορινθίας,27 E.T. Δήμου Βέλου - Βόχας,469,279,3,3,6,273,107,64,15,12,24,30,9,46,12,12,9,6,8,23,56,11,6,15,14,26,12,6,3,0,2,0,0,0,19,3,5,4,3,0,2,2,1,1,0,0,0,0,1,1,0,0,0,0,0,0,0,0,0,4,3,5,3,1,0,1,7,0,7,0,6,0,0,0,0,0,0,0,1,1,2,1,0,0,2,0,0,0,0,0,0,3,2,4,2,1,1,0,0,0,1,0,0,0,0,1,1,4,2,1,0,0,0,0,4,2
43 - Κορινθίας,28 E.T. Δήμου Βέλου - Βόχας,469,249,13,0,13,236,80,28,19,8,13,33,15,80,25,19,7,4,30,25,31,8,5,11,5,10,9,6,1,1,3,1,1,0,13,7,6,2,0,0,0,2,0,0,0,0,0,0,3,0,0,0,0,0,0,0,0,0,0,1,1,0,0,0,0,0,1,0,0,1,0,1,0,0,0,0,0,0,0,0,1,0,1,0,0,0,1,0,0,0,0,5,5,0,0,0,0,0,0,0,0,0,0,0,0,0,0,1,0,0,3,2,0,0,7,5
43 - Κορινθίας,29 E.T. Δήμου Βέλου - Βόχας,470,270,4,2,6,264,92,58,24,12,14,36,7,85,13,23,12,4,34,34,41,9,13,12,3,13,4,6,0,0,3,1,3,1,11,3,6,2,0,2,0,6,3,1,2,1,0,1,0,0,1,1,0,0,0,0,0,0,0,0,0,1,0,0,0,0,9,1,4,1,8,0,0,1,0,0,0,0,1,0,0,0,0,0,0,0,1,0,0,0,0,0,0,2,1,0,0,1,0,1,0,0,2,1,1,1,0,0,0,0,1,0,0,0,3,0
43 - Κορινθίας,30 E.T. Δήμου Βέλου - Βόχας,474,272,7,1,8,264,75,40,23,10,13,26,26,145,86,44,15,3,78,39,16,1,2,14,1,5,5,1,0,0,0,0,0,0,4,0,0,2,3,0,0,2,0,0,0,0,1,0,0,0,0,0,0,0,0,0,0,0,0,2,1,0,0,0,0,0,8,2,2,1,5,0,0,0,0,0,0,0,2,0,0,0,0,0,0,0,1,0,0,0,1,0,0,0,0,0,0,0,0,0,1,1,1,0,0,3,1,0,0,0,1,0,1,0,1,1
43 - Κορινθίας,31 E.T. Δήμου Βέλου - Βόχας,462,251,8,1,9,242,94,48,30,10,22,28,6,55,18,17,9,11,13,16,41,13,5,16,11,20,6,9,0,1,3,2,2,1,12,0,8,6,1,2,1,2,0,0,0,0,1,1,3,2,0,0,0,0,0,1,0,0,0,1,1,4,1,2,1,0,4,0,0,0,1,0,0,0,0,0,0,0,0,0,0,0,0,0,0,0,0,0,0,0,0,2,2,3,1,0,0,1,0,0,0,0,3,1,2,1,1,2,1,0,1,1,1,1,3,1
43 - Κορινθίας,32 E.T. Δήμου Βέλου - Βόχας,462,260,8,2,10,250,111,67,22,21,27,37,15,34,8,7,11,6,7,10,39,12,7,16,7,11,9,8,2,1,3,0,2,0,15,5,8,7,3,1,1,4,3,2,0,2,1,0,0,0,0,0,0,0,0,0,0,0,0,0,0,1,1,0,0,0,13,5,4,6,5,0,0,0,0,0,0,0,0,0,1,1,0,0,1,0,3,1,0,0,0,1,1,1,0,0,0,0,0,0,1,1,5,3,3,6,0,3,2,0,0,0,0,0,4,2
43 - Κορινθίας,33 E.T. Δήμου Βέλου - Βόχας,441,261,9,0,9,252,102,55,28,4,25,35,5,37,9,6,6,3,5,21,48,8,13,9,16,13,13,7,0,1,1,1,0,2,16,5,5,4,4,1,3,4,1,1,0,2,2,0,2,1,1,1,1,0,0,3,3,1,2,0,0,1,0,0,0,0,8,5,4,2,2,0,0,1,1,1,0,0,0,0,2,1,0,1,0,0,1,1,0,0,0,4,3,4,4,2,1,0,0,1,0,0,1,1,1,1,1,3,1,1,3,2,1,1,2,2
43 - Κορινθίας,34 E.T. Δήμου Βέλου - Βόχας,470,285,13,2,15,270,91,43,23,12,26,47,9,59,10,12,12,11,17,25,50,14,9,13,5,17,10,4,1,0,0,0,2,0,15,3,5,4,1,1,1,6,3,2,1,1,1,0,0,0,0,0,0,0,0,1,0,0,0,7,3,1,0,0,0,0,5,2,1,2,2,0,0,0,0,0,0,0,1,0,0,0,0,0,0,0,1,1,1,0,0,7,7,7,2,1,3,1,0,2,1,0,4,0,4,0,0,3,2,2,1,0,1,0,5,4
43 - Κορινθίας,35 E.T. Δήμου Βέλου - Βόχας,497,237,10,0,10,227,70,33,21,9,10,34,7,83,23,12,20,10,19,27,39,9,11,8,5,7,14,5,1,1,3,1,2,0,8,2,4,3,3,1,1,0,0,0,0,0,0,0,0,0,0,0,0,0,0,1,1,0,1,3,2,1,0,1,1,0,7,3,3,3,2,0,0,0,0,0,0,0,1,0,0,0,0,0,0,0,1,1,1,0,0,3,1,0,0,0,0,0,0,0,0,0,1,1,1,1,1,0,0,0,0,0,0,0,3,3
43 - Κορινθίας,36 E.T. Δήμου Βέλου - Βόχας,388,263,3,0,3,260,136,54,64,8,14,40,28,35,18,3,8,5,6,13,45,9,11,4,12,23,6,6,1,0,3,0,4,1,11,4,3,4,1,0,1,4,1,0,0,0,1,0,0,0,1,1,1,0,0,1,0,1,1,3,2,2,2,1,0,1,5,2,0,1,1,0,0,0,0,0,0,0,0,0,1,0,0,0,0,1,1,1,1,0,0,2,2,1,0,0,0,0,0,0,0,0,1,0,0,0,0,2,0,0,0,0,0,0,3,2
43 - Κορινθίας,37 E.T. Δήμου Βέλου - Βόχας,313,191,3,0,3,188,83,48,11,5,25,35,1,38,15,8,6,7,0,17,22,1,6,4,10,4,6,3,0,2,0,1,1,0,10,4,7,0,0,2,1,4,3,2,0,0,1,1,2,2,0,0,0,0,0,0,0,0,0,3,3,2,1,1,0,0,8,2,2,5,3,0,0,1,0,1,0,0,0,0,0,0,0,0,0,0,0,0,0,0,0,2,1,1,0,0,0,0,0,0,1,0,0,0,0,3,2,3,3,1,0,0,0,0,2,1
43 - Κορινθίας,38 E.T. Δήμου Βέλου - Βόχας,316,207,2,1,3,204,77,38,11,9,20,35,9,46,11,7,10,14,7,25,50,10,9,7,15,19,6,2,2,0,0,1,1,0,6,2,3,1,1,1,0,5,2,3,0,1,1,1,0,0,0,0,0,0,0,1,0,0,0,0,0,0,0,0,0,0,7,2,3,1,3,0,0,0,0,0,0,0,0,0,0,0,0,0,0,0,1,0,0,0,0,0,0,0,0,0,0,0,0,0,2,0,0,0,0,1,1,2,2,1,0,0,0,0,4,2
43 - Κορινθίας,39 E.T. Δήμου Βέλου - Βόχας,317,208,1,1,2,206,93,62,30,8,11,30,11,22,7,1,7,2,5,11,60,4,44,4,32,15,6,5,0,0,1,3,2,0,7,3,0,3,1,2,2,5,3,2,1,0,0,3,0,0,0,0,0,0,0,1,0,0,0,2,2,1,1,1,0,0,5,0,0,4,1,0,0,0,0,0,0,0,0,0,1,0,0,0,0,0,0,0,0,0,0,0,0,0,0,0,0,0,0,0,0,0,1,0,0,0,0,0,0,0,0,0,1,1,2,2
43 - Κορινθίας,40 E.T. Δήμου Βέλου - Βόχας,434,206,5,1,6,200,97,80,17,4,18,22,2,46,9,15,16,9,10,21,39,10,14,4,11,11,11,3,1,0,1,0,0,0,5,2,2,1,0,0,1,0,0,0,0,0,0,0,1,1,0,0,0,0,0,1,0,0,0,0,0,1,0,1,1,0,0,0,0,0,0,0,0,0,0,0,0,0,0,0,0,0,0,0,0,0,0,0,0,0,0,0,0,1,0,0,0,0,0,0,0,0,0,0,0,1,1,1,1,0,0,0,1,0,3,3
43 - Κορινθίας,41 E.T. Δήμου Κορινθίων,500,303,8,5,13,290,123,61,37,15,34,74,10,57,27,18,9,9,6,19,38,11,16,7,8,11,5,12,3,3,2,3,1,2,13,7,5,3,0,1,2,6,1,1,0,1,3,3,3,1,0,0,0,0,0,0,0,0,0,4,3,1,1,0,0,1,9,4,2,1,7,0,0,0,0,0,0,0,0,0,0,0,0,0,0,0,0,0,0,0,0,2,1,7,1,1,1,3,0,1,1,1,3,0,1,1,1,2,2,0,0,0,0,0,8,3
43 - Κορινθίας,42 E.T. Δήμου Κορινθίων,490,306,5,1,6,300,112,52,29,18,16,39,11,68,22,11,14,16,10,25,37,4,12,10,12,13,11,18,8,6,6,0,2,5,13,8,8,4,0,3,1,6,3,2,0,2,0,1,0,0,0,0,0,0,0,2,0,0,1,1,1,3,0,2,2,0,8,1,3,1,3,1,1,3,3,2,0,0,1,0,0,0,0,0,0,0,1,0,0,0,0,0,0,2,0,1,1,1,0,0,1,1,1,1,1,2,2,1,1,1,0,0,0,0,19,13
43 - Κορινθίας,43 E.T. Δήμου Κορινθίων,493,282,6,0,6,276,133,74,38,12,24,49,11,47,16,11,13,8,2,17,28,5,9,4,6,7,2,6,3,3,0,0,1,0,22,7,7,5,3,5,1,3,2,0,0,0,0,0,2,2,0,0,0,0,0,1,0,0,0,0,0,5,2,2,0,1,3,2,1,3,0,0,0,0,0,0,0,0,0,0,0,0,0,0,0,0,0,0,0,0,0,0,0,6,2,4,2,1,1,1,0,0,3,2,1,2,0,3,1,1,1,0,1,0,10,8
43 - Κορινθίας,44 E.T. Δήμου Κορινθίων,493,285,10,1,11,274,127,55,40,15,28,52,15,40,16,13,8,3,7,13,44,9,14,5,11,18,3,7,4,3,3,0,0,0,5,1,2,1,0,2,0,5,3,2,1,1,0,0,5,2,1,0,0,0,0,0,0,0,0,0,0,3,2,2,0,0,8,3,5,1,4,0,0,0,0,0,0,0,0,0,1,0,0,0,0,0,3,1,2,0,1,1,1,5,1,0,0,1,0,0,0,0,1,1,1,2,1,11,9,8,0,0,1,0,4,1
43 - Κορινθίας,45 E.T. Δήμου Κορινθίων,550,353,5,5,10,343,162,79,42,22,29,56,21,61,15,15,10,16,8,27,35,2,17,4,10,6,11,14,5,1,4,1,6,0,21,5,6,9,2,1,1,7,2,4,3,1,0,0,0,0,0,0,0,1,0,1,1,0,0,4,3,4,4,3,0,0,16,1,2,10,11,0,0,0,0,0,0,0,0,0,1,0,0,0,0,0,0,0,0,0,0,1,1,1,0,0,0,0,0,1,0,0,2,1,0,0,0,0,0,0,3,2,0,0,9,4
43 - Κορινθίας,46 E.T. Δήμου Κορινθίων,479,326,14,0,14,312,140,89,33,16,47,27,22,64,25,14,22,12,5,13,44,6,10,9,8,16,10,10,4,2,3,0,0,0,11,4,3,3,2,2,0,4,2,1,0,0,0,0,1,0,1,0,0,0,0,1,0,1,1,1,1,5,2,3,1,0,7,4,1,4,3,0,0,2,1,0,0,0,0,0,2,1,1,0,0,0,2,0,1,0,0,0,0,5,1,3,0,2,0,1,0,0,0,0,0,1,1,6,2,1,0,0,0,0,5,2
43 - Κορινθίας,47 E.T. Δήμου Κορινθίων,485,333,4,3,7,326,144,66,45,18,44,34,12,70,24,10,13,16,11,24,30,7,7,7,6,17,0,13,6,4,4,1,0,3,9,4,5,2,1,2,0,5,2,2,0,1,1,0,4,2,0,0,0,0,0,3,1,1,0,1,0,3,2,0,0,2,14,5,1,6,6,0,0,2,2,2,0,0,0,0,0,0,0,0,0,0,3,3,3,0,0,0,0,7,5,1,0,2,0,2,0,0,4,2,2,2,2,4,2,0,0,0,0,0,8,4
43 - Κορινθίας,48 E.T. Δήμου Κορινθίων,486,285,6,1,7,278,113,66,30,7,21,28,11,65,30,9,21,8,9,11,40,5,6,6,9,17,13,9,1,1,2,0,2,4,6,1,3,3,2,1,0,6,2,3,0,1,1,0,2,2,1,1,1,0,0,0,0,0,0,1,1,3,2,0,0,0,10,3,6,4,4,0,0,0,0,0,0,0,1,0,0,0,0,0,0,0,2,0,0,0,0,0,0,2,0,1,0,1,0,0,0,0,0,0,0,0,0,6,4,2,3,2,1,0,7,6
43 - Κορινθίας,49 E.T. Δήμου Κορινθίων,491,321,32,7,39,282,127,63,28,13,34,41,25,56,10,8,14,11,7,8,27,3,6,3,8,10,6,14,4,0,5,2,3,0,13,1,3,3,3,2,0,7,1,5,2,5,0,0,4,3,1,0,1,0,0,2,2,0,1,1,0,1,1,0,0,0,9,1,4,4,7,1,1,2,1,1,0,0,0,0,1,1,1,0,0,0,1,0,0,0,0,0,0,2,0,1,0,1,0,1,0,0,0,0,0,2,0,1,1,1,3,3,0,0,7,5
43 - Κορινθίας,50 E.T. Δήμου Κορινθίων,483,318,8,3,11,307,123,69,33,9,31,40,20,49,13,7,15,7,10,17,51,14,11,10,12,17,11,5,1,2,2,1,2,2,14,2,5,3,2,2,0,4,2,1,0,2,0,1,3,2,2,0,2,1,1,0,0,0,0,3,2,2,1,1,0,0,23,3,7,5,9,1,0,0,0,0,0,0,0,0,0,0,0,0,0,0,1,0,0,1,1,4,4,4,2,2,1,1,0,0,1,1,1,0,0,2,2,2,1,1,0,0,0,0,11,3
43 - Κορινθίας,51 E.T. Δήμου Κορινθίων,425,288,10,1,11,277,107,56,26,15,19,37,9,45,17,7,11,7,3,14,49,5,10,9,21,16,10,8,2,2,4,2,2,0,8,4,3,1,1,1,0,13,4,4,0,2,0,0,5,1,0,0,0,0,0,3,2,0,2,1,1,2,1,0,0,0,12,3,2,9,9,0,0,0,0,0,0,0,0,0,0,0,0,0,0,0,2,1,2,0,0,0,0,1,0,1,1,0,0,0,1,0,3,3,0,3,2,1,0,0,1,1,0,0,12,6
43 - Κορινθίας,52 E.T. Δήμου Κορινθίων,422,236,7,4,11,225,102,66,12,17,19,27,12,42,10,3,13,7,3,22,31,9,7,7,9,10,1,3,0,0,0,0,0,0,8,3,4,1,1,0,0,8,4,2,2,1,2,1,1,1,0,0,0,0,0,4,0,2,2,1,1,0,0,0,0,0,7,1,0,5,5,0,0,0,0,0,0,0,0,0,0,0,0,0,0,0,2,0,0,0,0,1,1,2,0,1,1,0,0,0,0,0,1,1,0,0,0,3,1,1,1,0,0,0,8,2
43 - Κορινθίας,53 E.T. Δήμου Κορινθίων,397,253,4,3,7,246,72,33,17,8,22,20,12,79,30,12,20,12,17,29,31,8,5,12,11,5,4,11,2,2,5,3,5,1,11,5,6,4,0,1,1,6,1,4,0,0,1,1,0,0,0,0,0,0,0,4,2,1,2,1,1,3,2,1,0,0,9,5,2,5,5,0,0,1,0,1,0,0,1,0,1,1,0,0,0,0,0,0,0,0,0,0,0,4,0,2,1,1,0,0,1,1,1,1,0,0,0,3,1,0,0,0,0,0,7,2
43 - Κορινθίας,54 E.T. Δήμου Κορινθίων,456,313,16,2,18,295,100,51,28,5,33,26,15,82,36,9,16,21,16,25,45,8,3,15,5,22,10,10,4,0,3,9,0,0,10,1,2,4,1,1,1,12,2,6,0,1,0,2,3,0,0,0,0,0,0,1,1,0,0,1,1,1,0,0,0,0,11,4,5,2,4,0,0,0,0,0,0,0,0,0,0,0,0,0,0,0,1,1,1,0,0,0,0,5,2,2,2,0,1,1,0,0,0,0,0,4,4,1,0,0,0,0,0,0,8,3
43 - Κορινθίας,55 E.T. Δήμου Κορινθίων,453,290,7,1,8,282,116,55,33,8,43,30,15,52,12,9,18,14,6,19,31,12,1,8,1,11,5,21,4,1,4,14,1,0,13,2,5,3,0,0,1,8,1,3,2,0,1,1,3,2,0,0,0,0,0,2,2,0,2,1,0,1,1,1,0,0,11,5,2,0,6,0,0,0,0,0,0,0,0,0,0,0,0,0,0,0,0,0,0,0,0,1,0,5,3,4,0,0,0,1,0,0,1,0,0,1,1,4,0,1,1,0,0,0,10,8
43 - Κορινθίας,56 E.T. Δήμου Κορινθίων,466,253,7,0,7,246,89,27,27,5,21,25,14,53,15,11,15,9,9,17,29,6,4,8,6,13,4,31,4,3,4,26,0,0,6,3,1,2,1,0,1,6,0,3,0,0,2,0,1,1,0,0,0,0,0,1,0,1,1,1,0,0,0,0,0,0,10,8,0,1,6,0,0,0,0,0,0,0,0,0,0,0,0,0,0,0,1,0,0,0,0,1,1,3,2,2,0,0,0,1,0,0,2,2,0,1,0,2,0,0,0,0,1,1,8,3
43 - Κορινθίας,57 E.T. Δήμου Κορινθίων,466,282,3,1,4,278,99,59,14,8,39,23,8,47,14,6,8,12,7,10,41,3,1,16,6,17,9,22,5,3,4,17,2,0,7,2,4,1,2,1,0,3,1,0,0,0,0,0,2,2,0,0,0,1,1,0,0,0,0,2,1,0,0,0,0,0,22,11,9,3,15,1,1,1,0,0,0,0,0,0,0,0,0,0,0,0,1,0,1,0,0,1,1,8,4,3,1,1,0,0,1,0,1,1,0,3,2,2,2,1,1,0,1,0,11,7
43 - Κορινθίας,58 E.T. Δήμου Κορινθίων,459,282,10,1,11,271,93,44,25,6,41,17,14,61,18,7,14,20,17,16,34,4,4,11,4,22,5,22,9,1,1,15,0,2,10,5,5,2,0,1,1,7,1,3,1,1,0,0,5,1,0,0,0,0,0,0,0,0,0,1,0,2,0,0,0,1,13,7,2,4,9,0,0,0,0,0,0,0,0,0,0,0,0,0,0,0,1,0,1,1,0,0,0,3,0,2,0,0,0,0,0,0,4,3,3,0,0,5,1,1,0,0,0,0,10,8
43 - Κορινθίας,59 E.T. Δήμου Κορινθίων,443,285,7,0,7,278,145,65,77,14,36,33,24,42,12,9,17,5,4,20,36,14,4,9,7,13,11,9,3,3,3,1,2,0,12,4,5,3,0,2,0,2,0,0,0,1,0,0,2,1,0,0,0,0,0,0,0,0,0,1,0,4,3,1,3,0,9,1,4,1,4,0,0,0,0,0,0,0,0,0,0,0,0,0,0,0,2,0,0,1,0,0,0,3,1,0,0,0,1,3,0,0,0,0,0,0,0,2,0,1,2,0,1,1,6,3
43 - Κορινθίας,60 E.T. Δήμου Κορινθίων,441,236,8,1,9,227,72,35,21,9,25,17,10,77,9,31,4,10,10,52,35,5,1,7,0,16,21,4,3,3,1,0,0,0,9,5,5,2,1,0,0,3,3,2,1,0,0,0,1,1,0,0,0,0,0,0,0,0,0,3,1,4,1,2,1,1,3,1,2,0,2,0,0,3,0,3,0,0,0,0,0,0,0,0,0,0,1,1,1,0,0,0,0,1,1,1,0,0,0,0,0,0,0,0,0,3,2,2,0,0,1,0,0,0,5,3
43 - Κορινθίας,61 E.T. Δήμου Κορινθίων,438,254,3,4,7,247,86,44,25,10,20,26,10,68,27,22,13,12,5,34,48,5,6,12,8,21,17,5,1,0,2,4,0,1,6,2,3,3,0,0,0,5,1,2,1,1,1,1,0,0,1,1,0,0,0,0,0,0,0,1,1,3,3,1,2,0,4,2,2,0,1,1,1,0,0,0,0,0,0,0,2,1,0,0,1,0,1,0,0,0,0,0,0,1,1,1,0,0,0,0,0,0,4,3,1,0,0,4,2,1,0,0,1,1,6,4
43 - Κορινθίας,62 E.T. Δήμου Κορινθίων,447,265,16,1,17,248,95,42,32,3,21,20,16,60,10,15,9,2,7,25,31,7,3,3,4,5,13,11,3,4,7,0,0,3,9,0,5,3,0,2,0,5,0,0,0,2,1,0,3,3,0,0,0,0,0,0,0,0,0,1,1,1,0,1,0,1,5,1,4,0,3,0,0,2,0,2,0,0,0,0,0,0,0,0,0,0,1,0,0,0,0,0,0,5,3,2,1,1,0,0,0,0,0,0,0,1,1,5,3,2,2,2,0,0,11,5
43 - Κορινθίας,63 E.T. Δήμου Κορινθίων,461,268,11,1,12,256,90,40,24,7,21,22,26,71,8,24,9,17,5,31,28,4,1,7,2,6,11,7,2,1,5,0,0,2,16,7,4,5,6,1,1,2,0,0,1,0,1,2,1,0,0,0,0,0,0,1,1,0,0,2,2,8,3,1,2,2,8,2,0,1,4,1,0,2,0,1,0,0,1,0,0,0,0,0,0,0,1,0,0,0,0,0,0,5,2,3,1,1,0,1,0,0,3,1,2,3,1,2,0,0,2,0,0,0,2,1
43 - Κορινθίας,64 E.T. Δήμου Κορινθίων,529,336,11,0,11,325,97,38,23,13,31,36,12,103,41,22,22,21,25,38,26,4,9,5,0,6,9,22,8,12,3,3,2,2,9,4,0,2,1,0,2,9,4,3,0,2,1,0,2,2,0,0,0,0,0,1,0,1,0,4,2,0,0,0,0,0,23,3,3,11,17,1,0,0,0,0,0,0,0,0,0,0,0,0,0,0,0,0,0,0,0,2,1,4,0,2,0,2,1,1,0,0,3,2,3,2,0,2,2,2,2,2,0,0,13,8
43 - Κορινθίας,65 E.T. Δήμου Κορινθίων,522,341,6,0,6,335,121,67,27,3,44,37,13,71,31,12,22,19,16,15,52,10,7,13,11,25,14,9,3,4,2,0,1,0,12,3,2,5,1,0,0,10,4,4,1,1,1,1,1,1,0,0,0,0,0,0,0,0,0,5,2,1,0,0,0,0,18,3,1,7,8,1,0,0,0,0,0,0,0,0,1,0,1,0,0,0,0,0,0,0,0,1,1,5,3,0,1,0,1,1,0,0,4,2,3,1,1,3,0,0,1,1,1,0,17,12
43 - Κορινθίας,66 E.T. Δήμου Κορινθίων,533,344,12,2,14,330,124,42,32,10,31,46,26,87,42,8,25,23,28,14,25,6,3,7,2,8,5,8,0,3,2,1,1,0,17,6,3,4,1,0,1,8,3,4,1,2,1,0,1,1,0,0,0,0,0,1,0,1,1,6,3,4,1,0,0,3,21,4,6,11,17,0,0,1,1,1,0,0,0,0,0,0,0,0,0,0,2,0,1,1,1,0,0,3,2,0,0,0,1,1,1,0,2,1,1,1,0,6,3,4,1,1,1,1,10,6
43 - Κορινθίας,67 E.T. Δήμου Κορινθίων,527,362,13,0,13,349,145,85,25,15,50,33,23,75,26,10,21,21,16,25,41,7,4,12,7,17,10,12,3,2,4,3,0,1,9,2,5,2,1,0,2,8,2,4,0,0,0,0,3,3,1,0,1,0,0,2,0,2,2,5,4,2,1,0,0,0,12,1,5,4,7,1,0,0,0,0,0,0,0,0,0,0,0,0,0,0,0,0,0,0,0,0,0,4,2,1,1,0,0,1,1,0,5,5,4,0,0,5,4,3,2,1,0,0,16,10
43 - Κορινθίας,68 E.T. Δήμου Κορινθίων,529,329,12,5,17,312,144,51,26,21,54,36,40,52,19,8,10,15,14,12,34,5,5,9,11,16,8,9,4,4,2,0,0,0,10,5,3,1,1,3,2,7,2,2,1,4,2,1,2,0,0,0,0,0,0,2,0,1,0,1,0,1,1,0,0,1,19,2,3,5,12,0,0,0,0,0,0,0,0,0,1,1,0,0,0,1,1,0,0,0,0,0,0,11,8,1,3,1,2,2,1,1,2,2,2,6,5,1,1,0,0,0,0,0,8,5
43 - Κορινθίας,69 E.T. Δήμου Κορινθίων,536,356,1,1,2,354,140,56,54,14,73,36,22,85,38,9,19,12,47,18,39,4,20,11,6,15,9,20,5,6,2,2,0,4,8,2,0,4,1,0,1,8,3,4,0,1,1,0,1,1,1,0,1,0,0,1,0,0,0,2,0,6,3,2,2,1,20,3,7,9,9,0,0,0,0,0,0,0,1,1,0,0,0,0,0,0,0,0,0,0,0,0,0,6,3,1,0,0,0,1,1,0,2,1,1,0,0,4,0,1,0,0,0,0,9,4
43 - Κορινθίας,70 E.T. Δήμου Κορινθίων,522,359,8,1,9,350,146,71,35,17,42,47,30,65,22,9,21,19,10,17,42,4,7,6,12,16,11,14,3,3,3,1,0,1,9,0,5,5,2,0,1,6,3,2,0,1,0,0,0,0,0,0,0,0,0,0,0,0,0,6,2,2,2,2,0,0,17,0,4,10,9,0,0,0,0,0,0,0,0,0,0,0,0,0,0,0,1,0,0,1,0,1,0,12,5,3,0,2,3,7,1,0,4,4,1,5,3,4,2,0,0,0,3,2,12,6
43 - Κορινθίας,71 E.T. Δήμου Κορινθίων,531,366,4,0,4,362,131,64,24,15,48,32,30,85,30,15,22,17,18,23,45,11,5,12,10,17,11,16,5,3,7,3,4,1,11,4,4,3,0,4,0,6,1,2,0,1,0,1,2,2,0,0,0,0,0,2,0,1,2,0,0,4,2,1,0,2,16,2,7,8,7,0,0,0,0,0,0,0,1,0,1,1,0,0,0,0,2,1,1,1,0,0,0,4,1,3,1,0,0,1,0,0,5,4,3,2,2,3,2,1,4,3,1,0,21,12
43 - Κορινθίας,72 E.T. Δήμου Κορινθίων,522,349,19,2,21,328,130,60,29,15,32,41,27,70,25,9,15,19,20,17,42,7,8,9,5,24,8,14,4,2,4,0,2,0,8,1,4,2,1,0,1,15,8,8,1,2,2,0,0,0,1,0,0,1,0,1,0,0,0,1,1,3,0,1,1,1,13,0,5,7,7,1,1,0,0,0,0,0,0,0,2,1,1,1,0,1,0,0,0,0,0,0,0,3,0,0,1,0,0,3,2,0,9,5,1,2,1,0,0,0,0,0,1,0,9,2
43 - Κορινθίας,73 E.T. Δήμου Κορινθίων,530,368,10,1,11,357,128,64,27,16,47,27,34,67,25,9,18,15,19,12,54,17,4,19,6,25,12,23,4,7,7,4,2,1,6,3,4,1,0,1,1,15,6,8,0,2,2,4,0,0,0,0,0,0,0,3,1,1,0,2,2,7,3,4,4,1,15,5,4,8,5,2,2,0,0,0,0,0,0,0,0,0,0,0,0,0,0,0,0,0,0,1,0,9,1,3,2,4,1,2,0,0,0,0,0,1,0,1,0,1,4,2,5,4,14,7
43 - Κορινθίας,74 E.T. Δήμου Κορινθίων,538,373,9,1,10,363,148,72,35,19,41,38,27,101,33,12,28,25,16,40,29,5,4,6,9,8,10,20,10,8,6,2,0,0,10,3,5,3,0,1,1,8,1,2,1,1,0,0,5,4,1,0,0,0,0,0,0,0,0,2,1,4,2,0,0,0,12,3,2,7,8,1,1,1,0,1,0,0,0,0,2,0,2,0,1,1,0,0,0,0,0,0,0,5,0,1,1,2,0,1,0,0,1,1,0,1,1,2,0,0,2,0,0,0,8,4
43 - Κορινθίας,75 E.T. Δήμου Κορινθίων,532,330,12,2,14,316,116,50,30,9,38,33,28,69,25,13,19,9,20,14,38,3,5,12,9,20,8,5,1,2,1,2,1,1,19,6,8,5,3,2,2,12,2,5,2,0,1,0,0,0,0,0,0,1,0,3,1,1,0,7,5,4,0,1,1,0,15,2,8,3,9,0,0,0,0,0,0,0,0,0,2,1,2,0,0,1,1,0,0,0,0,2,2,2,1,1,0,0,0,0,0,0,1,0,0,0,0,2,1,1,3,3,0,0,14,9
43 - Κορινθίας,76 E.T. Δήμου Κορινθίων,530,360,6,2,8,352,134,69,32,11,40,41,26,82,21,14,33,19,11,24,39,5,6,13,6,18,8,21,7,6,6,2,3,3,4,1,1,0,0,0,1,10,4,5,0,1,1,0,2,1,1,1,1,0,0,2,1,1,1,3,0,6,5,3,0,1,19,1,6,8,9,0,0,1,0,0,0,0,0,0,0,0,0,0,0,0,1,0,0,0,0,2,2,2,0,1,1,0,0,0,0,0,0,0,0,1,0,5,5,4,1,0,1,1,15,8
43 - Κορινθίας,77 E.T. Δήμου Κορινθίων,516,343,8,6,14,329,135,50,29,17,39,57,18,60,23,9,20,11,14,20,39,6,5,7,9,11,18,19,7,4,6,3,2,3,17,6,7,10,4,1,2,13,6,2,1,1,2,0,5,4,0,0,0,0,0,1,0,0,0,0,0,4,2,2,1,1,18,5,9,11,8,1,0,1,0,0,0,0,0,0,0,0,0,0,0,0,0,0,0,0,0,0,0,3,1,1,0,2,0,0,0,0,3,3,2,1,0,1,1,1,0,0,0,0,8,6
43 - Κορινθίας,78 E.T. Δήμου Κορινθίων,547,385,14,2,16,369,155,73,31,12,48,61,26,73,30,14,27,14,20,13,47,13,7,12,4,21,10,18,5,3,4,6,3,1,12,2,4,5,1,4,1,15,4,3,0,2,1,0,5,3,0,0,0,0,0,3,0,1,1,2,1,2,0,1,2,1,16,3,8,4,11,0,0,0,0,0,0,0,1,1,1,0,0,0,0,1,1,1,1,0,0,1,1,2,0,0,0,0,0,0,0,0,1,1,1,0,0,7,3,3,0,0,1,0,6,2
43 - Κορινθίας,79 E.T. Δήμου Κορινθίων,527,329,3,3,6,323,154,63,42,19,52,41,24,49,20,10,8,14,9,19,26,6,2,12,2,13,6,12,3,6,3,1,2,1,8,2,1,1,0,1,1,5,2,1,0,1,1,0,1,1,0,0,0,0,0,2,1,1,0,4,0,7,1,1,0,0,21,2,7,8,12,0,0,0,0,0,0,0,1,0,3,3,0,3,0,0,1,1,1,0,0,1,0,4,1,2,1,1,0,1,1,1,1,1,1,2,1,2,1,0,3,2,0,0,15,6
43 - Κορινθίας,80 E.T. Δήμου Κορινθίων,540,351,8,2,10,341,145,76,30,16,39,42,26,78,34,7,20,19,15,25,43,17,5,15,8,12,7,8,3,3,3,1,0,0,12,3,6,3,1,1,3,6,5,3,0,1,1,0,0,0,0,0,0,0,0,0,0,0,0,0,0,1,0,0,0,0,23,3,5,9,14,1,0,0,0,0,0,0,0,0,2,1,1,0,0,0,0,0,0,0,0,0,0,4,2,1,0,2,2,0,0,0,3,3,3,1,0,2,2,0,2,2,1,1,9,6
43 - Κορινθίας,81 E.T. Δήμου Κορινθίων,516,333,13,3,16,317,114,54,20,11,38,42,27,71,32,10,15,11,20,17,42,5,7,16,7,24,7,18,6,5,4,1,3,0,5,0,2,1,0,2,0,11,2,4,1,0,1,2,1,1,0,0,0,1,0,1,0,0,0,2,1,1,0,0,0,0,17,6,2,10,12,3,3,0,0,0,1,0,0,0,0,0,0,0,0,0,5,1,1,1,2,0,0,1,1,1,0,0,0,0,1,0,3,2,1,1,1,5,3,2,2,0,0,0,11,8
43 - Κορινθίας,82 E.T. Δήμου Κορινθίων,524,344,4,1,5,339,117,59,25,20,33,19,32,86,31,14,22,18,23,22,47,11,7,9,8,15,15,16,1,2,3,3,0,4,14,6,5,2,2,2,3,15,2,5,0,6,1,1,1,1,1,0,0,0,0,2,0,1,1,1,1,1,0,1,0,1,8,1,4,2,4,2,0,0,0,0,0,0,0,0,1,0,0,0,0,0,0,0,0,0,0,0,0,6,4,0,2,2,0,2,0,0,6,3,4,1,1,2,1,2,0,0,1,0,11,6
43 - Κορινθίας,83 E.T. Δήμου Κορινθίων,512,353,7,1,8,345,129,63,25,16,37,41,14,78,30,12,18,18,15,17,51,8,10,11,9,26,10,14,3,2,6,1,3,1,10,1,2,6,4,0,0,8,7,3,2,0,0,0,0,0,0,0,0,0,0,1,0,1,1,0,0,5,5,1,1,1,17,5,4,9,7,0,0,0,0,0,0,0,0,0,0,0,0,0,0,0,2,2,0,2,0,0,0,6,2,4,1,0,0,1,0,0,7,5,2,1,1,3,3,0,5,4,1,1,7,3
43 - Κορινθίας,84 E.T. Δήμου Κορινθίων,521,352,23,0,23,329,121,64,16,7,45,34,26,66,25,8,11,29,12,21,26,5,2,10,5,14,5,20,8,3,6,2,2,1,15,4,4,4,1,3,3,20,10,9,2,1,0,0,2,1,0,0,0,0,0,0,0,0,0,3,1,6,1,1,1,1,23,2,5,16,13,1,1,0,0,0,0,0,0,0,0,0,0,0,0,0,3,2,0,2,0,0,0,2,0,0,0,1,0,1,0,0,7,1,2,2,1,4,4,2,1,0,1,0,6,2
43 - Κορινθίας,85 E.T. Δήμου Κορινθίων,547,351,8,2,10,341,162,83,29,10,52,60,31,54,14,6,14,11,8,12,29,6,3,2,7,12,6,15,3,9,2,1,1,1,11,3,6,5,1,0,2,12,3,5,0,3,0,0,2,1,0,0,0,1,1,0,0,0,0,4,0,7,5,1,0,0,16,5,5,2,8,1,0,1,0,1,0,0,0,0,0,0,0,0,0,0,3,0,1,1,0,0,0,7,3,2,0,1,0,2,0,0,2,1,1,1,1,8,5,4,0,0,0,0,5,3
43 - Κορινθίας,86 E.T. Δήμου Κορινθίων,531,374,9,0,9,365,136,66,15,17,57,32,34,76,35,9,22,21,18,17,31,4,8,10,4,16,6,19,8,11,7,2,1,0,9,1,2,2,1,3,3,19,7,6,3,1,1,0,3,2,0,0,0,0,0,4,0,1,2,1,1,5,4,1,2,1,25,2,7,13,17,3,0,0,0,0,0,0,0,0,0,0,0,0,0,0,3,1,2,1,0,0,0,7,2,4,0,1,1,3,0,0,2,1,0,2,1,5,4,3,1,1,0,0,14,6
43 - Κορινθίας,87 E.T. Δήμου Κορινθίων,538,360,9,4,13,347,147,74,30,10,40,35,41,68,20,6,16,17,13,15,55,9,7,20,7,22,10,14,3,3,2,2,2,2,9,1,2,2,0,2,1,6,2,2,1,0,0,0,0,0,0,0,0,0,0,1,0,0,0,3,2,0,0,0,0,0,17,3,6,7,8,4,3,1,1,1,0,0,0,0,0,0,0,0,0,0,0,0,0,0,0,0,0,5,4,0,1,1,2,1,0,0,1,0,0,5,1,3,2,2,0,0,0,0,8,4
43 - Κορινθίας,88 E.T. Δήμου Κορινθίων,532,360,2,0,2,358,145,70,23,12,55,40,23,87,29,7,21,19,11,33,58,17,4,18,10,23,6,4,0,1,2,0,2,1,9,2,2,1,1,2,1,10,8,5,0,1,2,0,0,0,0,0,0,0,0,2,0,0,0,0,0,4,3,1,1,1,11,2,6,6,4,0,0,0,0,0,0,0,0,0,1,1,0,0,0,0,2,0,1,0,1,2,1,5,0,2,0,2,0,1,0,0,3,1,2,1,0,0,0,0,0,0,1,1,13,9
43 - Κορινθίας,89 E.T. Δήμου Κορινθίων,522,334,2,1,3,331,116,70,19,10,31,37,8,92,32,15,14,14,23,35,53,10,16,9,16,14,10,16,4,2,5,2,1,1,9,2,3,3,3,0,2,12,6,7,2,1,1,0,1,1,0,0,0,0,0,0,0,0,0,2,2,2,0,1,1,0,9,1,2,4,5,1,1,0,0,0,0,0,1,0,0,0,0,0,0,0,0,0,0,0,0,1,0,5,1,2,0,1,0,2,0,0,1,1,1,5,2,2,0,0,0,0,1,1,2,1
43 - Κορινθίας,90 E.T. Δήμου Κορινθίων,523,342,15,0,15,327,131,64,34,11,56,33,29,61,19,10,14,15,13,22,48,14,4,13,6,21,10,16,0,7,5,6,1,0,12,5,2,2,1,1,2,8,6,4,2,1,2,0,1,1,0,0,0,0,0,0,0,0,0,1,1,1,0,0,0,0,18,3,4,4,7,0,0,0,0,0,0,0,0,0,3,0,0,0,0,0,2,0,0,0,0,0,0,5,0,2,0,0,0,2,1,0,5,3,3,0,0,3,3,1,0,0,0,0,11,8
43 - Κορινθίας,91 E.T. Δήμου Κορινθίων,531,360,6,4,10,350,145,66,33,16,53,31,23,74,26,15,23,11,17,30,37,4,6,12,5,18,9,19,4,3,4,4,6,2,14,4,5,4,1,2,1,10,6,2,2,0,0,0,3,3,0,0,0,0,0,0,0,0,0,3,2,2,1,2,0,0,17,4,2,7,10,0,0,3,1,1,0,0,0,0,0,0,0,0,0,0,3,1,2,0,1,0,0,7,1,1,0,0,2,4,0,0,1,0,1,2,2,2,2,2,0,0,1,1,7,4
43 - Κορινθίας,92 E.T. Δήμου Κορινθίων,536,363,5,1,6,357,135,66,26,13,43,32,31,73,31,10,17,17,17,19,53,7,10,16,6,23,15,14,4,7,1,1,1,5,10,2,5,4,0,1,0,16,7,3,3,4,1,2,1,1,0,0,0,0,0,0,0,0,0,3,0,4,3,0,0,1,17,6,7,5,10,0,0,1,1,0,0,0,0,0,0,0,0,0,0,0,0,0,0,0,0,1,1,7,1,1,1,2,0,1,2,2,0,0,0,2,1,1,0,0,1,1,0,0,16,8
43 - Κορινθίας,93 E.T. Δήμου Κορινθίων,525,337,6,2,8,329,122,68,25,9,43,21,29,73,20,8,15,20,26,18,41,7,7,10,11,17,10,23,8,12,2,0,2,3,12,2,7,6,2,1,1,8,1,3,0,0,1,0,1,1,1,0,0,0,0,2,2,1,0,1,1,2,1,1,1,0,14,3,4,6,6,0,0,0,0,0,0,0,1,1,0,0,0,0,0,0,4,1,2,1,2,0,0,1,0,0,0,0,0,1,0,0,4,1,2,2,2,4,4,3,2,0,0,0,11,7
43 - Κορινθίας,94 E.T. Δήμου Κορινθίων,531,332,5,0,5,327,114,58,18,12,35,33,29,65,24,6,8,16,16,24,35,7,9,5,5,12,9,20,5,8,5,5,3,2,11,7,4,1,1,2,2,8,4,3,2,1,1,0,2,0,1,0,0,0,0,2,1,0,0,1,1,2,1,0,1,0,23,4,6,12,13,3,2,1,1,0,0,0,1,1,1,1,1,0,0,0,3,0,1,1,1,0,0,3,2,1,0,0,0,1,1,0,7,7,1,1,0,4,3,2,2,2,3,2,13,9
43 - Κορινθίας,95 E.T. Δήμου Κορινθίων,559,375,6,5,11,364,154,58,40,17,45,58,36,65,22,14,19,18,11,27,41,13,5,11,9,17,9,10,4,1,2,1,3,3,16,4,6,6,1,2,4,13,5,7,1,1,1,2,1,0,1,1,0,0,0,2,0,1,1,2,2,5,2,1,0,1,20,4,5,10,11,1,0,0,0,0,0,0,0,0,0,0,0,0,0,0,0,0,0,0,0,2,2,9,4,3,4,0,1,4,0,0,2,1,1,2,1,3,3,3,1,1,0,0,14,13
43 - Κορινθίας,96 E.T. Δήμου Κορινθίων,518,348,3,0,3,345,139,58,45,13,51,51,16,66,25,13,8,24,15,21,38,8,3,14,9,18,9,19,7,13,3,5,1,2,14,4,7,1,1,6,2,10,5,6,1,1,1,0,2,1,1,1,1,0,0,0,0,0,0,1,0,4,3,0,1,0,12,1,2,6,5,0,0,0,0,0,0,0,0,0,1,0,0,1,0,0,2,1,1,0,2,0,0,8,7,0,1,2,1,3,0,0,6,5,2,2,1,5,3,4,5,4,1,1,9,5
43 - Κορινθίας,97 E.T. Δήμου Κορινθίων,532,391,11,2,13,378,117,68,19,7,32,61,21,86,35,12,17,22,17,28,60,9,6,15,14,37,13,12,2,5,4,3,3,0,19,7,10,5,0,2,3,10,3,6,0,3,2,0,4,4,0,0,0,1,0,1,0,1,1,2,1,1,1,0,0,0,25,5,9,9,18,0,0,1,0,0,0,0,0,0,1,0,1,0,0,0,0,0,0,0,0,2,1,3,1,1,1,2,0,1,1,1,6,6,5,3,1,8,6,4,2,1,0,0,13,4
43 - Κορινθίας,98 E.T. Δήμου Κορινθίων,538,364,5,2,7,357,134,67,25,9,40,51,21,78,31,10,18,16,14,21,49,6,7,9,10,20,16,11,3,5,2,0,2,1,11,4,5,5,0,0,1,13,4,6,1,0,0,2,2,2,1,0,0,0,0,2,0,2,2,5,2,6,4,0,0,4,14,1,2,4,8,0,0,1,0,1,0,0,0,0,1,1,0,0,0,0,5,2,0,2,1,1,1,8,5,4,1,0,0,1,0,0,4,4,0,1,1,1,1,0,3,2,0,0,6,4
43 - Κορινθίας,99 E.T. Δήμου Κορινθίων,534,386,6,2,8,378,138,69,26,7,44,50,24,72,36,7,17,16,16,14,44,9,2,17,6,26,9,15,3,7,2,4,1,4,14,5,6,7,2,1,1,12,1,7,3,3,0,1,6,3,0,0,0,1,0,1,1,0,1,4,3,1,1,0,0,1,30,5,9,17,15,0,0,1,0,1,0,0,0,0,0,0,0,0,0,0,2,1,0,0,1,1,1,3,1,1,0,1,0,2,1,1,3,1,2,1,1,6,4,4,2,1,2,1,18,11
43 - Κορινθίας,100 E.T. Δήμου Κορινθίων,528,353,8,1,9,344,127,67,28,8,34,56,14,71,25,10,17,17,10,17,54,9,12,21,8,23,11,11,4,5,1,1,0,1,12,1,8,3,1,2,2,8,3,2,1,4,2,0,2,2,1,1,1,1,1,1,0,0,0,1,1,0,0,0,0,0,20,8,5,6,7,2,2,0,0,0,0,0,0,0,2,1,0,1,0,0,0,0,0,0,0,0,0,6,4,2,0,0,1,1,1,0,1,1,1,2,1,8,6,3,1,1,1,0,11,10
43 - Κορινθίας,101 E.T. Δήμου Κορινθίων,527,342,8,0,8,334,119,54,21,5,40,52,18,74,34,10,18,20,11,23,39,12,8,16,8,15,6,19,3,5,5,4,3,4,15,5,4,4,1,4,2,13,3,8,0,2,1,2,5,5,0,0,0,0,0,0,0,0,0,4,3,0,0,0,0,0,13,3,1,10,8,1,1,0,0,0,0,0,0,0,4,3,2,1,0,0,1,0,1,0,0,2,2,6,3,1,0,1,0,3,1,1,1,0,1,1,1,3,3,2,1,1,1,0,11,7
43 - Κορινθίας,102 E.T. Δήμου Κορινθίων,533,370,10,3,13,357,121,75,17,5,47,35,15,88,37,13,22,28,8,28,45,8,7,18,8,11,15,23,7,7,7,2,2,2,16,4,5,3,1,2,1,14,3,7,1,2,0,1,5,5,0,0,0,0,0,0,0,0,0,6,3,3,3,0,1,0,17,1,4,9,10,2,1,1,0,1,0,0,0,0,0,0,0,0,0,0,1,0,0,0,0,0,0,2,1,0,0,0,0,1,0,0,5,3,5,0,0,2,2,2,0,0,0,0,6,4
43 - Κορινθίας,103 E.T. Δήμου Κορινθίων,527,345,3,2,5,340,117,60,21,12,42,43,12,90,45,16,15,19,17,20,38,6,9,14,10,20,9,12,3,9,3,0,1,1,15,3,5,6,4,1,3,12,8,6,1,0,1,1,6,4,0,0,0,0,0,0,0,0,0,3,1,3,2,0,0,2,23,6,3,14,18,0,0,0,0,0,1,0,1,0,0,0,0,0,0,0,1,0,0,0,0,0,0,2,2,0,1,0,0,1,0,0,1,1,0,0,0,6,5,5,2,1,0,0,7,4
43 - Κορινθίας,104 E.T. Δήμου Κορινθίων,539,362,8,2,10,352,134,60,30,12,38,42,16,64,35,7,12,20,7,20,63,15,10,26,8,21,16,12,1,3,2,2,4,2,20,2,8,6,3,3,3,5,1,3,0,0,0,1,4,4,0,0,0,0,0,0,0,0,0,5,4,2,2,0,0,0,13,3,7,4,6,1,1,1,1,1,0,0,0,0,4,3,3,0,1,0,1,1,0,1,0,0,0,1,1,0,0,0,0,0,1,1,5,5,4,2,1,2,2,2,1,1,0,0,11,9
43 - Κορινθίας,105 E.T. Δήμου Κορινθίων,520,351,3,0,3,348,109,54,14,6,41,41,17,68,22,8,13,18,12,17,48,9,8,11,7,23,6,17,6,5,1,2,2,1,19,6,9,9,1,1,1,6,2,3,0,2,0,0,4,3,0,0,0,0,0,2,0,1,1,3,3,3,2,0,1,0,22,4,10,10,13,1,1,1,1,1,0,0,0,0,0,0,0,0,0,0,2,2,0,1,1,3,2,5,3,2,0,2,0,2,1,0,11,10,2,2,1,2,0,0,0,0,1,1,18,12
43 - Κορινθίας,106 E.T. Δήμου Κορινθίων,521,345,10,1,11,334,120,54,21,18,45,59,15,71,31,10,12,22,14,22,40,7,6,16,5,20,8,10,3,3,3,0,2,0,18,5,3,11,5,2,1,13,6,9,0,1,0,0,5,5,0,0,0,0,0,2,1,1,0,1,1,3,1,1,1,1,19,4,10,8,5,0,0,1,0,1,1,0,0,0,0,0,0,0,0,0,1,0,0,0,0,0,0,5,3,2,1,1,3,0,1,1,2,2,1,1,1,5,3,2,0,0,2,2,13,8
43 - Κορινθίας,107 E.T. Δήμου Κορινθίων,513,362,10,0,10,352,123,55,33,12,43,42,16,74,32,4,19,22,10,18,43,7,8,13,3,26,12,19,7,9,4,3,1,7,18,4,11,5,4,3,3,8,0,6,0,0,0,1,5,4,0,0,0,0,0,4,2,2,3,6,1,0,0,0,0,0,21,6,8,12,13,0,0,0,0,0,0,0,0,0,0,0,0,0,0,0,3,2,1,0,0,1,0,9,2,0,0,3,0,4,0,0,2,1,2,3,1,2,0,0,1,0,0,0,10,10
43 - Κορινθίας,108 E.T. Δήμου Κορινθίων,518,348,5,1,6,342,146,67,19,15,58,52,26,63,17,7,22,21,33,19,46,10,10,5,3,35,16,15,3,3,4,6,2,1,13,3,6,2,2,1,2,9,2,8,0,2,1,0,0,0,0,0,0,0,0,2,0,1,1,7,7,3,2,0,0,1,11,3,3,6,4,0,0,1,0,1,1,0,0,0,0,0,0,0,0,0,0,0,0,0,0,0,0,3,1,1,0,0,0,2,0,0,2,2,1,2,2,2,1,1,1,1,0,0,15,10
43 - Κορινθίας,109 E.T. Δήμου Κορινθίων,535,377,8,1,9,368,130,50,29,14,55,39,19,81,28,18,16,22,15,31,50,8,8,14,9,18,17,16,1,2,5,2,0,3,12,4,5,1,1,2,0,19,5,11,4,4,4,0,5,3,0,0,0,0,0,0,0,0,0,3,3,3,1,0,1,0,29,5,5,16,19,0,0,2,0,2,0,0,0,0,0,0,0,0,0,0,0,0,0,0,0,1,0,3,2,1,0,0,0,2,0,0,3,2,2,4,0,1,0,0,0,0,0,0,6,3
43 - Κορινθίας,110 E.T. Δήμου Κορινθίων,528,390,12,2,14,376,163,74,22,9,77,60,14,68,19,8,17,24,10,18,50,4,5,18,10,31,10,17,4,9,5,1,0,1,10,3,4,1,1,0,1,14,8,6,1,1,0,1,0,0,0,0,0,0,0,4,0,2,2,0,0,3,2,0,0,1,21,10,7,6,8,0,0,0,0,0,0,0,0,0,1,0,0,1,0,1,2,0,1,0,0,1,1,3,0,0,0,2,0,3,1,1,1,0,0,3,0,1,0,0,0,0,1,1,12,3
43 - Κορινθίας,111 E.T. Δήμου Κορινθίων,527,367,27,2,29,338,108,44,31,10,46,29,12,82,30,9,17,32,21,23,54,15,8,13,9,29,13,19,4,5,2,4,1,3,15,1,6,3,1,3,0,7,2,3,0,0,1,1,1,1,0,0,0,0,0,2,0,0,0,6,3,3,2,1,2,1,14,2,5,8,6,1,0,3,0,2,0,0,0,0,1,1,1,0,0,0,0,0,0,0,0,0,0,5,2,2,0,3,0,1,2,1,3,3,1,1,0,5,2,2,2,1,0,0,4,3
43 - Κορινθίας,112 E.T. Δήμου Κορινθίων,496,344,7,2,9,335,80,33,13,7,29,28,8,73,21,4,10,25,9,29,57,8,5,12,3,26,15,10,3,3,3,1,3,0,21,2,5,10,4,2,1,18,4,10,0,4,3,1,7,4,0,0,0,0,0,1,0,1,1,5,3,1,0,1,1,0,23,3,6,12,13,0,0,5,0,5,0,0,0,0,2,1,0,1,0,0,1,1,0,1,0,0,0,6,2,1,1,0,0,1,1,1,8,6,4,2,1,4,2,1,3,1,0,0,7,4
43 - Κορινθίας,113 E.T. Δήμου Κορινθίων,544,392,3,3,6,386,172,75,46,27,51,48,41,54,22,6,10,14,5,8,51,4,5,13,11,18,13,20,6,2,5,1,5,3,15,6,7,3,2,2,0,3,1,2,0,0,0,0,0,0,0,0,0,0,0,1,0,0,0,4,4,2,0,0,0,0,19,4,0,5,10,2,0,1,0,0,0,0,0,0,2,0,0,0,0,0,1,0,0,1,0,1,0,4,4,3,0,0,0,0,1,1,5,5,1,4,3,4,3,3,2,1,4,2,14,9
43 - Κορινθίας,114 E.T. Δήμου Κορινθίων,536,365,6,3,9,356,161,68,46,28,38,53,26,57,28,6,13,12,6,12,52,13,2,12,15,22,10,11,4,3,1,1,0,0,18,6,7,3,3,2,1,11,4,2,0,2,2,1,2,2,1,0,0,0,0,3,1,0,0,8,1,2,2,1,1,0,10,3,5,3,7,1,0,0,0,0,0,0,0,0,0,0,0,0,0,0,2,1,0,0,0,1,1,5,3,1,0,0,0,2,0,0,0,0,0,1,0,0,0,0,1,0,1,0,8,4
43 - Κορινθίας,115 E.T. Δήμου Κορινθίων,404,305,6,1,7,298,171,44,106,7,20,47,51,27,12,2,10,4,3,5,41,3,10,8,12,12,3,6,0,1,0,5,0,0,8,2,6,1,1,1,0,2,1,1,1,0,0,0,3,2,0,0,0,0,0,0,0,0,0,1,0,1,0,0,0,0,14,5,4,5,6,2,2,0,0,0,0,0,1,1,0,0,0,0,0,0,1,0,1,0,1,0,0,1,0,0,0,0,0,0,0,0,5,3,1,1,1,5,2,2,0,0,0,0,8,7
43 - Κορινθίας,116 E.T. Δήμου Κορινθίων,415,296,2,0,2,294,151,29,111,8,22,36,28,31,10,8,5,7,7,5,27,2,8,5,8,12,7,10,1,2,3,1,0,1,4,1,1,0,0,3,2,11,3,3,1,3,1,0,4,2,0,0,0,0,0,0,0,0,0,3,2,3,1,1,0,0,27,5,10,6,17,0,0,0,0,0,0,0,0,0,0,0,0,0,0,0,1,1,1,0,0,0,0,7,0,5,2,1,0,2,0,0,5,4,3,1,1,1,0,0,1,0,1,1,6,4
43 - Κορινθίας,117 E.T. Δήμου Κορινθίων,374,272,13,1,14,258,122,37,25,2,83,23,7,43,19,6,14,7,7,6,39,5,2,14,3,16,11,2,0,0,1,0,0,1,8,1,1,7,5,0,0,2,0,1,0,0,1,0,0,0,0,0,0,0,0,1,0,0,1,4,2,0,0,0,0,0,20,3,4,9,16,0,0,3,2,0,0,0,0,0,0,0,0,0,0,0,0,0,0,0,0,1,1,2,1,0,0,0,1,0,0,0,3,2,0,1,0,2,1,0,2,2,1,0,2,1
43 - Κορινθίας,118 E.T. Δήμου Κορινθίων,506,341,12,0,12,329,161,54,81,7,45,50,29,51,17,7,12,12,8,24,50,24,0,35,7,17,1,12,5,3,6,0,1,1,9,1,3,5,2,0,0,7,1,1,0,3,4,3,5,2,0,0,0,0,0,1,0,1,0,1,0,0,0,0,0,0,14,3,4,4,8,0,0,1,1,0,0,0,1,1,0,0,0,0,0,0,1,0,0,1,1,2,2,5,2,2,0,1,0,1,0,0,1,1,1,0,0,1,1,1,1,0,0,0,5,3
43 - Κορινθίας,119 E.T. Δήμου Κορινθίων,492,319,5,1,6,313,142,55,62,13,54,46,12,58,20,13,10,13,8,19,53,4,1,47,5,20,2,8,5,4,1,1,0,1,6,1,1,3,1,0,0,3,0,2,0,1,0,0,4,3,0,0,0,0,0,0,0,0,0,4,1,3,0,1,0,2,12,6,4,4,2,0,0,1,0,1,0,0,0,0,0,0,0,0,0,0,1,0,0,0,0,1,0,4,0,2,1,0,0,2,0,0,4,3,3,2,1,2,2,0,0,0,1,0,4,4
43 - Κορινθίας,120 E.T. Δήμου Κορινθίων,497,331,6,1,7,324,146,42,66,18,50,45,16,56,15,3,6,14,10,23,55,12,6,34,4,21,2,4,1,1,0,0,1,0,12,5,2,4,5,2,1,5,1,3,0,3,1,0,4,3,0,0,0,0,0,1,0,0,0,2,2,1,0,0,0,1,14,6,6,4,4,0,0,1,1,0,0,0,0,0,1,0,1,0,0,0,2,0,0,0,0,0,0,3,1,1,0,1,0,1,1,1,5,4,5,0,0,3,2,2,1,1,0,0,7,3
43 - Κορινθίας,121 E.T. Δήμου Κορινθίων,527,335,11,0,11,324,137,50,46,13,57,44,7,48,16,8,8,15,6,10,53,10,8,25,16,20,1,15,6,3,7,0,2,6,12,0,4,4,2,0,0,8,4,2,1,2,1,0,4,3,0,0,0,0,0,1,1,1,0,8,3,3,2,1,0,1,10,1,3,2,3,0,0,0,0,0,0,0,1,1,1,0,0,0,0,1,0,0,0,0,0,0,0,5,3,1,0,1,1,1,2,1,1,1,1,2,0,3,0,0,2,1,2,0,6,5
43 - Κορινθίας,122 E.T. Δήμου Κορινθίων,457,312,16,1,17,295,127,46,41,10,34,39,36,63,20,16,13,6,12,10,42,6,12,10,12,19,8,9,2,4,3,0,2,1,15,2,3,4,1,3,1,7,4,3,0,0,1,2,0,0,2,0,0,0,0,2,0,0,0,2,1,0,0,0,0,0,7,2,0,4,4,0,0,0,0,0,0,0,0,0,1,0,0,0,0,0,0,0,0,0,0,2,2,1,0,0,0,1,0,0,0,0,2,0,1,1,0,2,2,2,0,0,1,1,9,5
43 - Κορινθίας,123 E.T. Δήμου Κορινθίων,446,319,4,0,4,315,156,57,44,7,46,56,56,61,22,9,16,9,14,15,19,6,6,2,3,10,8,8,0,1,5,1,2,1,13,6,7,4,2,4,1,12,4,2,2,6,0,1,0,0,0,0,0,0,0,0,0,0,0,6,4,2,0,0,0,0,10,4,2,5,4,3,3,0,0,0,0,0,1,0,0,0,0,0,0,0,1,1,0,0,0,1,0,3,1,1,0,0,0,1,1,0,0,0,0,0,0,2,2,2,0,0,2,2,14,4
43 - Κορινθίας,124 E.T. Δήμου Κορινθίων,457,296,4,2,6,290,115,41,27,5,32,51,37,71,26,19,14,10,9,17,37,3,3,16,4,19,9,8,2,1,1,0,2,2,11,3,2,2,1,1,2,7,4,1,1,1,1,0,1,1,0,0,0,0,0,0,0,0,0,4,0,2,0,0,0,0,11,5,3,5,4,1,0,0,0,0,0,0,0,0,0,0,0,0,0,0,0,0,0,0,0,0,0,3,0,1,0,0,0,2,1,0,0,0,0,0,0,2,1,1,1,0,1,1,14,6
43 - Κορινθίας,125 E.T. Δήμου Κορινθίων,453,291,3,1,4,287,142,48,42,10,52,43,30,51,21,8,9,10,12,10,19,0,4,8,6,8,3,14,4,1,7,4,4,2,8,2,2,3,1,2,1,8,1,0,1,2,1,0,3,3,1,0,1,0,0,0,0,0,0,2,2,4,2,1,0,0,11,4,4,4,4,1,1,1,0,1,0,0,0,0,3,0,0,1,0,0,0,0,0,0,0,1,0,4,2,2,0,0,1,0,0,0,1,1,1,2,2,1,0,0,0,0,1,0,9,6
43 - Κορινθίας,126 E.T. Δήμου Κορινθίων,269,197,6,0,6,191,94,39,25,2,23,34,23,41,18,11,7,9,10,11,23,1,6,2,4,10,7,7,4,0,4,0,2,1,6,3,2,4,1,0,0,2,1,1,0,0,0,0,0,0,0,0,0,0,0,3,3,0,3,0,0,4,3,1,0,2,3,0,0,2,2,0,0,1,0,0,0,0,1,0,0,0,0,0,0,0,0,0,0,0,0,0,0,2,1,0,0,0,1,1,0,0,0,0,0,0,0,2,1,0,0,0,0,0,2,1
43 - Κορινθίας,127 E.T. Δήμου Κορινθίων,520,323,9,2,11,312,182,47,41,18,87,61,47,50,34,3,1,17,4,11,30,2,1,13,2,17,8,5,1,0,0,1,0,2,11,2,5,2,3,0,2,2,1,2,0,0,0,0,3,2,0,0,0,0,0,3,0,1,0,4,3,0,0,0,0,0,5,0,3,3,4,1,1,0,0,0,0,0,0,0,0,0,0,0,0,0,0,0,0,0,0,1,0,2,1,0,1,0,0,0,0,0,3,3,0,0,0,2,1,0,0,0,0,0,8,6
43 - Κορινθίας,128 E.T. Δήμου Κορινθίων,352,222,6,0,6,216,115,62,11,5,25,51,38,40,10,3,9,8,11,17,27,0,7,3,2,21,13,5,1,0,2,0,0,3,6,2,4,2,0,0,0,5,0,1,1,0,0,0,0,0,0,0,0,0,0,1,0,0,1,2,2,1,0,0,0,0,3,0,2,0,2,0,0,0,0,0,0,0,1,0,0,0,0,0,0,0,2,2,1,0,1,0,0,1,0,1,0,0,1,0,0,0,2,2,0,0,0,1,0,0,0,0,0,0,4,2
43 - Κορινθίας,129 E.T. Δήμου Κορινθίων,484,304,8,2,10,294,125,72,16,2,24,32,70,73,26,11,10,30,27,12,39,9,20,8,9,21,7,5,2,2,0,0,1,1,16,9,5,2,1,4,1,10,6,5,3,1,2,0,1,0,0,0,0,0,0,0,0,0,0,0,0,0,0,0,0,0,5,1,2,2,3,1,1,1,0,1,0,0,0,0,0,0,0,0,0,0,3,2,0,1,1,0,0,1,0,0,0,0,0,0,0,0,2,2,2,2,2,0,0,0,0,0,0,0,10,8
43 - Κορινθίας,130 E.T. Δήμου Κορινθίων,487,300,3,0,3,297,142,97,21,5,7,26,108,49,24,4,15,15,14,7,34,4,16,9,3,24,4,9,0,1,2,1,1,2,12,3,2,3,1,3,2,12,2,6,0,1,6,3,7,7,1,1,1,0,0,0,0,0,0,2,1,1,0,1,0,1,10,6,4,1,3,3,0,0,0,0,0,0,0,0,0,0,0,0,0,0,1,1,0,0,0,0,0,0,0,0,0,0,0,0,0,0,0,0,0,3,3,0,0,0,2,2,1,1,8,8
43 - Κορινθίας,131 E.T. Δήμου Κορινθίων,484,263,5,1,6,257,128,89,12,0,21,23,86,59,21,6,15,17,13,15,25,1,10,4,4,14,3,5,1,1,1,1,2,1,11,5,2,4,3,2,0,8,1,2,0,2,4,0,1,1,1,0,1,0,0,0,0,0,0,3,1,0,0,0,0,0,4,1,1,3,3,0,0,1,0,0,0,0,2,0,0,0,0,0,0,0,0,0,0,0,0,0,0,4,0,0,0,1,0,1,0,0,0,0,0,1,0,4,4,2,0,0,0,0,0,0
43 - Κορινθίας,132 E.T. Δήμου Κορινθίων,508,294,1,0,1,293,151,79,19,7,17,37,113,59,22,4,12,27,18,13,47,8,22,7,5,25,8,6,0,1,0,0,0,2,10,5,4,4,1,0,1,4,1,2,0,0,2,1,1,1,0,0,0,0,0,2,1,0,1,0,0,0,0,0,0,0,5,0,0,4,2,0,0,0,0,0,0,0,0,0,0,0,0,0,0,0,0,0,0,0,0,0,0,0,0,0,0,0,0,0,0,0,0,0,0,2,1,0,0,0,0,0,0,0,6,6
43 - Κορινθίας,133 E.T. Δήμου Κορινθίων,260,182,3,1,4,178,94,41,23,5,42,39,12,24,13,1,4,5,2,9,29,13,0,12,4,11,4,1,0,0,1,1,0,0,2,2,1,0,1,0,0,2,0,0,0,0,0,0,0,0,0,0,0,0,0,1,0,0,0,1,0,1,0,0,0,0,12,2,7,3,5,0,0,2,0,2,0,0,0,0,1,0,1,0,0,1,0,0,0,0,0,0,0,2,1,0,1,0,0,0,1,1,0,0,0,0,0,2,1,1,0,0,2,0,1,1
43 - Κορινθίας,134 E.T. Δήμου Κορινθίων,387,265,6,0,6,259,150,63,47,14,43,53,30,30,9,6,4,8,4,13,38,13,10,11,2,21,5,5,1,1,1,0,0,2,2,0,1,1,0,0,0,6,1,1,0,1,2,0,1,1,0,0,0,0,0,1,1,0,0,0,0,0,0,0,0,0,12,2,1,0,6,0,0,0,0,0,0,0,1,1,5,0,4,0,0,0,0,0,0,0,0,0,0,1,0,0,0,0,0,0,0,0,0,0,0,1,1,0,0,0,2,0,0,0,4,3
43 - Κορινθίας,135 E.T. Δήμου Κορινθίων,395,267,3,0,3,264,101,45,27,4,36,43,20,47,20,5,6,17,11,19,77,25,16,25,0,48,9,5,2,1,1,0,0,0,11,0,3,8,4,0,1,2,1,0,0,1,0,0,3,1,0,0,0,0,0,1,0,1,1,1,1,0,0,0,0,0,5,4,2,0,0,0,0,0,0,0,0,0,0,0,1,0,1,0,0,0,0,0,0,0,0,0,0,1,0,0,0,0,0,0,0,0,1,1,1,0,0,1,0,0,2,1,1,0,4,3
43 - Κορινθίας,136 E.T. Δήμου Κορινθίων,393,260,3,0,3,257,148,61,37,5,53,67,31,34,18,3,4,14,2,18,55,20,14,15,1,37,1,3,0,0,1,0,1,0,3,2,2,0,1,0,1,5,2,3,0,2,1,0,0,0,0,0,0,0,0,0,0,0,0,1,1,1,0,0,0,0,0,0,0,0,0,0,0,0,0,0,0,0,0,0,3,0,3,0,0,1,0,0,0,0,0,0,0,1,1,0,0,0,0,0,0,0,0,0,0,0,0,2,2,2,0,0,0,0,1,0
43 - Κορινθίας,137 E.T. Δήμου Κορινθίων,386,252,4,2,6,246,107,66,27,5,25,42,5,37,15,9,7,7,8,12,44,16,2,12,6,23,5,4,1,1,2,0,0,1,7,2,1,4,4,3,0,2,1,2,0,1,0,0,3,2,0,0,0,0,0,1,0,1,1,0,0,6,4,3,1,0,14,2,6,5,9,0,0,1,1,1,0,0,0,0,2,0,2,0,0,1,0,0,0,0,0,2,1,2,1,1,0,0,1,1,0,0,1,1,1,3,3,1,1,1,1,1,0,0,8,6
43 - Κορινθίας,138 E.T. Δήμου Κορινθίων,385,259,3,1,4,255,118,83,22,4,19,45,6,31,12,3,4,8,3,10,40,16,4,17,5,18,3,13,1,2,4,0,0,2,9,1,2,6,3,0,1,2,1,0,1,0,1,0,3,2,0,0,0,0,0,0,0,0,0,1,1,2,2,1,0,0,13,1,3,6,7,0,0,0,0,0,0,0,0,0,2,0,2,0,0,0,1,0,0,0,0,0,0,3,0,0,1,0,0,0,0,0,2,2,2,0,0,0,0,0,4,2,1,1,10,6
43 - Κορινθίας,139 E.T. Δήμου Κορινθίων,313,249,2,4,6,243,134,65,38,11,45,47,43,30,10,0,9,8,6,9,30,13,10,2,6,13,6,8,3,2,0,3,3,1,4,2,0,0,0,1,1,2,1,1,0,1,0,0,0,0,0,0,0,0,0,0,0,0,0,4,1,1,0,0,0,0,16,2,3,8,10,1,0,0,0,0,0,0,0,0,2,0,2,0,0,0,2,2,0,1,0,0,0,0,0,0,0,0,0,0,0,0,2,2,2,0,0,0,0,0,0,0,0,0,7,4
43 - Κορινθίας,140 E.T. Δήμου Κορινθίων,320,240,4,0,4,236,119,55,26,2,40,40,34,39,25,5,8,6,4,10,30,16,4,3,4,17,3,1,0,0,1,0,0,0,5,4,4,1,0,1,0,0,0,0,0,0,0,0,2,1,0,0,0,0,0,1,0,0,0,2,2,0,0,0,0,0,25,8,3,18,14,0,0,0,0,0,0,0,0,0,0,0,0,0,0,0,1,0,0,0,0,2,2,2,0,1,1,2,0,0,1,0,2,2,1,0,0,1,0,0,0,0,0,0,3,1
43 - Κορινθίας,141 E.T. Δήμου Κορινθίων,414,226,4,1,5,221,93,52,27,1,35,24,18,32,10,4,11,5,13,7,56,8,4,19,9,33,6,4,1,0,1,1,0,0,7,0,2,0,0,0,0,5,0,3,0,1,0,0,1,1,1,1,1,0,0,0,0,0,0,8,6,1,0,0,0,0,0,0,0,0,0,1,0,0,0,0,0,0,0,0,3,0,3,0,0,0,1,0,0,0,0,0,0,1,0,0,0,0,0,1,0,0,1,0,0,0,0,0,0,0,0,0,2,0,4,1
43 - Κορινθίας,142 E.T. Δήμου Κορινθίων,389,299,8,0,8,291,129,63,20,3,23,86,19,42,8,8,10,11,5,21,58,40,3,4,5,29,5,6,0,3,2,1,3,0,2,1,1,2,0,0,0,9,6,6,1,2,0,0,0,0,0,0,0,0,0,0,0,0,0,2,2,0,0,0,0,0,9,3,1,4,3,0,0,1,1,0,0,0,0,0,15,1,13,0,1,4,2,0,0,1,0,1,1,2,0,2,0,1,0,1,0,0,2,0,2,2,2,2,1,1,1,1,0,0,6,3
43 - Κορινθίας,143 E.T. Δήμου Κορινθίων,419,297,9,0,9,288,129,70,22,6,43,71,11,35,4,6,13,7,4,15,63,42,3,1,1,45,3,3,3,2,0,0,1,0,3,3,0,0,2,0,0,4,2,2,1,0,2,0,0,0,0,0,0,0,0,0,0,0,0,0,0,0,0,0,0,0,19,1,8,5,6,0,0,1,0,0,0,0,0,0,16,0,16,0,1,0,0,0,0,0,0,0,0,6,4,2,1,1,0,0,1,0,0,0,0,2,2,0,0,0,0,0,2,1,4,2
43 - Κορινθίας,144 E.T. Δήμου Κορινθίων,418,281,2,2,4,277,110,62,23,6,35,55,14,41,6,11,14,3,1,20,67,36,2,11,2,44,6,4,1,0,1,0,1,0,6,2,3,3,2,1,0,4,0,1,0,2,2,1,1,1,0,0,0,0,0,0,0,0,0,2,2,0,0,0,0,0,13,2,5,8,11,2,2,0,0,0,0,0,0,0,8,0,8,0,0,0,2,0,0,1,0,0,0,4,1,0,1,0,0,1,0,0,1,1,1,2,2,1,1,1,2,1,0,0,7,4
43 - Κορινθίας,145 E.T. Δήμου Κορινθίων,442,331,10,3,13,318,147,76,34,7,27,96,12,35,7,3,9,9,6,13,58,36,4,5,0,34,4,9,1,1,2,5,0,0,11,2,3,2,2,2,0,5,2,1,0,1,0,1,1,0,0,0,0,0,0,0,0,0,0,3,2,1,0,0,0,0,20,3,7,5,11,0,0,0,0,0,0,0,0,0,6,1,6,0,0,0,0,0,0,0,0,1,1,2,1,0,0,1,1,0,0,0,2,0,2,3,3,4,3,2,1,0,2,0,7,5
43 - Κορινθίας,146 E.T. Δήμου Λουτρακίου-Περαχώρας-Αγ. Θεοδώρων,521,344,8,4,12,332,139,77,16,9,45,51,8,83,35,15,20,14,8,33,35,6,5,8,9,12,10,19,4,0,11,0,0,8,7,2,1,1,0,1,1,7,0,3,1,0,0,4,2,2,1,0,0,0,0,2,0,0,0,7,5,0,0,0,0,0,10,2,3,6,1,0,0,0,0,0,0,0,0,0,1,0,1,1,0,0,0,0,0,0,0,2,0,0,0,0,0,0,0,0,0,0,1,1,1,0,0,1,1,0,0,0,0,0,15,5
43 - Κορινθίας,147 E.T. Δήμου Λουτρακίου-Περαχώρας-Αγ. Θεοδώρων,518,342,11,3,14,328,151,79,17,23,61,47,7,54,27,10,12,11,6,21,36,3,5,6,16,14,13,21,2,4,12,2,5,5,11,5,3,3,2,2,1,3,1,0,1,0,1,0,1,1,0,0,0,1,0,3,0,2,1,4,4,0,0,0,0,0,7,5,3,3,0,0,0,0,0,0,0,0,1,1,0,0,0,0,0,0,2,2,0,2,0,1,1,5,2,0,0,0,0,1,0,0,5,2,2,2,0,3,3,3,3,3,0,0,14,10
43 - Κορινθίας,148 E.T. Δήμου Λουτρακίου-Περαχώρας-Αγ. Θεοδώρων,494,343,4,0,4,339,153,98,18,19,35,70,2,71,35,12,16,11,7,28,34,8,7,3,7,14,11,23,2,0,14,3,4,8,27,8,12,10,1,10,5,4,1,2,0,1,1,1,2,0,1,0,0,0,0,0,0,0,0,7,6,0,0,0,0,0,1,1,0,1,0,1,1,0,0,0,0,0,1,1,0,0,0,0,0,0,2,0,0,1,2,1,0,0,0,0,0,0,0,0,1,0,0,0,0,0,0,4,4,3,0,0,0,0,6,5
43 - Κορινθίας,149 E.T. Δήμου Λουτρακίου-Περαχώρας-Αγ. Θεοδώρων,519,340,8,4,12,328,132,81,29,18,27,37,6,83,40,15,16,10,8,33,39,2,4,7,10,26,13,24,3,1,10,1,3,8,14,1,3,6,3,4,2,4,0,1,0,0,1,0,0,0,1,0,0,0,0,1,0,0,0,11,10,0,0,0,0,0,6,2,3,0,1,1,1,0,0,0,0,0,0,0,0,0,0,0,0,0,1,1,1,0,0,0,0,4,2,1,0,0,1,0,0,0,1,0,0,1,1,1,0,0,0,0,0,0,4,2
43 - Κορινθίας,150 E.T. Δήμου Λουτρακίου-Περαχώρας-Αγ. Θεοδώρων,511,339,17,1,18,321,117,75,17,15,33,50,9,64,27,17,19,16,10,23,37,5,5,14,10,18,2,29,5,1,17,3,10,8,20,8,7,6,5,4,2,9,0,1,0,2,1,2,1,1,1,1,1,1,0,2,1,0,1,4,3,0,0,0,0,0,8,4,2,3,4,0,0,0,0,0,0,0,0,0,2,2,0,0,0,2,1,0,1,1,0,3,3,7,2,1,1,0,2,2,1,0,1,1,1,3,1,2,2,2,1,0,0,0,7,2
43 - Κορινθίας,151 E.T. Δήμου Λουτρακίου-Περαχώρας-Αγ. Θεοδώρων,521,362,11,1,12,350,153,83,35,11,45,55,10,92,38,26,20,11,7,39,29,4,5,7,7,15,10,19,2,1,12,1,4,6,17,7,7,5,2,4,3,2,2,1,0,0,0,0,2,2,0,0,0,0,0,1,1,1,0,9,7,2,1,2,1,0,6,1,1,4,2,0,0,0,0,0,0,0,0,0,0,0,0,0,0,0,1,1,1,0,0,1,1,2,1,0,1,0,0,0,1,0,1,0,0,0,0,2,1,1,1,0,1,1,8,6
43 - Κορινθίας,152 E.T. Δήμου Λουτρακίου-Περαχώρας-Αγ. Θεοδώρων,518,379,12,3,15,364,168,96,41,13,54,67,5,78,32,18,19,11,9,33,30,3,6,11,3,9,9,29,3,4,11,3,4,2,12,1,3,4,1,2,1,5,2,1,1,1,1,2,0,0,1,0,0,1,1,3,0,1,1,4,4,2,2,0,0,0,8,5,0,2,1,0,0,0,0,0,0,0,0,0,1,0,1,1,0,0,0,0,0,0,0,3,1,2,0,0,0,0,0,0,0,0,0,0,0,0,0,4,2,1,1,0,0,0,12,4
43 - Κορινθίας,153 E.T. Δήμου Λουτρακίου-Περαχώρας-Αγ. Θεοδώρων,538,389,7,1,8,381,147,77,17,19,40,59,11,93,44,21,28,19,6,30,29,6,4,5,8,12,8,32,8,6,20,2,5,11,13,5,1,5,0,3,1,10,4,4,0,3,2,1,0,0,0,0,0,0,0,0,0,0,0,14,1,1,1,0,1,0,8,3,1,7,3,0,0,0,0,0,0,0,0,0,1,1,0,0,0,1,1,0,1,1,0,1,0,4,2,2,1,0,1,1,1,1,2,1,1,1,1,2,1,1,2,1,0,0,19,12
43 - Κορινθίας,154 E.T. Δήμου Λουτρακίου-Περαχώρας-Αγ. Θεοδώρων,539,369,17,2,19,350,127,66,17,20,34,43,17,67,23,12,17,18,5,19,48,15,7,9,9,15,12,26,3,5,17,2,5,7,11,4,5,3,2,2,1,10,2,3,0,1,2,3,9,8,1,0,0,0,0,1,1,0,0,3,1,1,0,0,1,0,25,3,22,8,3,0,0,1,0,1,0,0,0,0,1,1,0,1,0,0,1,0,1,0,0,0,0,2,2,0,0,0,0,0,1,1,2,2,1,1,0,3,1,0,1,1,1,0,7,3
43 - Κορινθίας,155 E.T. Δήμου Λουτρακίου-Περαχώρας-Αγ. Θεοδώρων,507,348,22,3,25,323,109,65,22,15,25,49,6,57,21,10,16,16,4,18,40,7,5,5,12,16,10,20,2,1,14,2,5,6,21,12,9,4,8,4,1,11,6,4,1,0,3,1,5,3,0,0,0,1,1,2,0,0,0,3,3,3,2,2,1,0,20,4,16,10,2,0,0,1,0,1,0,0,0,0,7,4,4,0,0,0,2,0,1,1,0,1,1,3,1,1,0,1,0,0,0,0,2,2,2,4,3,2,0,0,0,0,0,0,9,6
43 - Κορινθίας,156 E.T. Δήμου Λουτρακίου-Περαχώρας-Αγ. Θεοδώρων,559,375,5,1,6,369,131,67,30,9,36,38,9,58,29,11,14,8,5,19,41,5,14,7,8,17,9,29,6,5,16,2,6,9,24,10,11,6,5,1,3,5,0,1,1,1,2,2,17,17,1,1,1,1,0,1,0,0,0,2,2,7,5,1,2,4,21,4,19,1,7,0,0,1,0,0,0,0,0,0,0,0,0,0,0,0,2,2,1,1,0,0,0,3,2,0,0,0,0,0,1,1,2,2,2,4,3,3,2,2,2,2,0,0,13,8
43 - Κορινθίας,157 E.T. Δήμου Λουτρακίου-Περαχώρας-Αγ. Θεοδώρων,522,324,6,1,7,317,109,46,8,11,36,39,10,50,16,15,12,7,6,22,38,13,7,11,5,13,4,14,2,1,8,1,2,4,12,5,5,3,2,1,1,13,1,8,0,1,5,2,5,5,2,1,1,0,0,2,0,0,0,1,0,5,3,1,2,3,28,1,26,4,5,0,0,0,0,0,0,0,0,0,0,0,0,0,0,0,2,0,1,0,0,3,3,6,3,1,2,1,1,1,2,1,3,1,3,5,3,2,2,2,0,0,1,0,14,6
43 - Κορινθίας,158 E.T. Δήμου Λουτρακίου-Περαχώρας-Αγ. Θεοδώρων,510,336,10,7,17,319,109,57,19,15,29,37,11,62,21,10,14,9,7,24,35,11,7,7,5,15,4,25,3,3,13,0,4,11,12,3,5,3,0,1,1,7,1,1,1,0,3,1,1,1,0,0,0,1,0,1,0,0,0,2,1,2,1,0,0,1,28,5,27,7,3,1,1,0,0,0,0,0,0,0,0,0,0,0,0,0,2,0,0,0,0,3,1,4,3,0,1,1,0,0,0,0,3,0,3,2,2,3,1,1,2,2,1,1,13,8
43 - Κορινθίας,159 E.T. Δήμου Λουτρακίου-Περαχώρας-Αγ. Θεοδώρων,522,343,17,2,19,324,128,68,21,13,26,56,15,64,26,12,9,19,5,28,32,13,6,11,2,8,6,23,0,4,15,0,3,15,14,4,6,4,1,1,3,7,1,2,1,1,1,3,5,5,0,0,0,0,0,3,1,0,0,2,1,3,0,0,0,0,17,2,15,6,2,1,0,0,0,0,0,0,0,0,2,1,1,0,2,0,1,1,1,0,0,1,0,6,3,0,0,1,0,3,1,1,1,1,1,1,1,1,0,0,0,0,0,0,11,11
43 - Κορινθίας,160 E.T. Δήμου Λουτρακίου-Περαχώρας-Αγ. Θεοδώρων,505,328,8,0,8,320,118,54,28,22,25,44,16,72,37,16,15,10,4,24,30,12,3,4,6,7,1,26,3,2,15,0,2,11,12,4,2,3,3,2,3,10,0,3,1,2,0,1,2,2,1,0,0,1,0,1,0,0,0,1,0,3,1,0,0,1,21,2,19,4,3,0,0,1,0,1,0,0,1,0,0,0,0,0,0,0,0,0,0,0,0,3,3,4,0,1,0,0,0,1,2,2,1,1,1,0,0,1,1,1,1,0,0,0,8,1
43 - Κορινθίας,161 E.T. Δήμου Λουτρακίου-Περαχώρας-Αγ. Θεοδώρων,523,319,13,2,15,304,139,79,30,19,34,45,47,51,17,9,12,14,7,19,36,7,5,7,11,10,9,14,7,5,8,1,1,3,3,1,2,0,0,0,0,9,3,3,1,1,1,2,4,4,0,0,0,0,0,2,1,2,1,1,0,2,1,1,0,0,16,5,12,4,1,1,1,0,0,0,0,0,0,0,1,0,0,0,0,0,1,0,0,1,1,0,0,7,2,1,1,1,0,4,0,0,3,3,2,0,0,1,1,1,0,0,0,0,13,11
43 - Κορινθίας,162 E.T. Δήμου Λουτρακίου-Περαχώρας-Αγ. Θεοδώρων,518,342,9,0,9,333,139,90,26,15,45,49,14,59,17,13,10,8,7,15,40,6,9,12,6,15,5,16,2,1,5,0,0,4,12,5,4,2,0,1,0,6,1,0,0,0,2,3,4,2,1,0,1,0,0,0,0,0,0,0,0,2,0,1,0,1,31,3,29,7,5,0,0,0,0,0,0,0,0,0,2,0,1,0,0,1,2,1,0,1,1,0,0,2,2,0,1,0,0,0,2,1,0,0,0,2,2,4,1,1,0,0,0,0,9,4
43 - Κορινθίας,163 E.T. Δήμου Λουτρακίου-Περαχώρας-Αγ. Θεοδώρων,517,354,19,1,20,334,153,73,33,19,35,34,40,57,21,9,13,9,5,21,41,7,6,6,6,15,10,18,0,0,7,4,0,1,11,3,2,4,2,3,1,6,2,1,3,0,6,0,4,3,0,0,0,0,0,2,1,1,0,2,1,1,0,0,0,0,13,3,7,5,3,1,1,0,0,0,0,0,0,0,1,0,0,1,0,1,1,0,0,0,0,1,0,4,3,0,1,2,1,0,0,0,1,1,1,5,4,3,2,2,1,0,0,0,8,2
43 - Κορινθίας,164 E.T. Δήμου Λουτρακίου-Περαχώρας-Αγ. Θεοδώρων,522,330,6,2,8,322,119,66,24,12,33,50,9,62,23,12,18,17,10,12,46,9,10,16,7,9,14,13,3,0,8,2,3,1,7,2,2,2,4,0,1,7,2,2,0,1,0,0,12,11,0,0,0,1,1,2,1,1,0,2,2,5,3,1,2,1,23,2,19,6,5,2,1,0,0,0,0,0,0,0,0,0,0,0,0,0,1,1,0,1,0,0,0,3,2,0,1,1,0,0,0,0,2,1,1,1,0,3,2,0,0,0,0,0,11,9
43 - Κορινθίας,165 E.T. Δήμου Λουτρακίου-Περαχώρας-Αγ. Θεοδώρων,516,331,7,2,9,322,110,54,18,8,32,31,21,52,21,9,15,14,3,11,30,12,5,7,9,8,1,30,1,3,13,1,4,10,20,4,8,6,5,5,0,7,2,2,0,2,3,2,7,7,0,0,0,0,0,4,1,2,0,0,0,3,0,0,0,0,37,4,31,12,4,0,0,0,0,0,0,0,0,0,0,0,0,0,0,0,2,1,2,0,0,0,0,0,0,0,0,0,0,0,0,0,2,0,2,4,2,1,1,0,1,1,0,0,12,8
43 - Κορινθίας,166 E.T. Δήμου Λουτρακίου-Περαχώρας-Αγ. Θεοδώρων,527,309,15,4,19,290,135,73,16,12,35,61,17,49,13,9,16,11,15,21,27,7,5,6,1,9,5,18,1,1,14,2,5,7,8,1,3,2,0,1,2,10,0,1,0,2,1,1,4,4,1,0,0,0,0,1,0,1,1,3,3,0,0,0,0,0,16,2,13,4,3,0,0,1,1,0,0,0,0,0,0,0,0,0,0,0,0,0,0,0,0,0,0,3,1,2,1,0,0,1,1,1,5,2,3,1,0,0,0,0,0,0,0,0,7,5
43 - Κορινθίας,167 E.T. Δήμου Λουτρακίου-Περαχώρας-Αγ. Θεοδώρων,513,344,10,5,15,329,114,61,21,19,25,45,9,70,26,15,13,16,7,25,48,15,1,10,13,20,13,22,3,2,13,1,2,13,8,3,1,1,1,2,1,9,1,3,0,1,2,3,4,4,1,0,0,0,0,1,1,1,0,0,0,1,1,0,1,0,15,0,14,3,3,2,2,0,0,0,0,0,1,1,2,2,2,0,0,0,1,1,1,0,0,1,0,3,1,1,1,0,0,0,0,0,1,1,1,3,2,3,2,2,2,1,0,0,17,13
43 - Κορινθίας,168 E.T. Δήμου Λουτρακίου-Περαχώρας-Αγ. Θεοδώρων,514,348,3,2,5,343,147,71,18,14,39,48,28,74,32,22,22,21,5,17,31,3,6,7,6,10,8,15,6,3,2,4,4,3,15,6,5,5,2,0,3,8,2,2,2,1,1,3,6,4,0,0,0,0,0,2,0,1,1,0,0,4,1,1,0,1,13,4,8,4,2,0,0,0,0,0,0,0,0,0,0,0,0,0,0,0,2,0,1,0,1,0,0,1,1,0,0,0,0,0,1,1,4,3,3,1,1,0,0,0,0,0,1,1,18,8
43 - Κορινθίας,169 E.T. Δήμου Λουτρακίου-Περαχώρας-Αγ. Θεοδώρων,517,350,10,4,14,336,150,98,20,25,40,55,15,56,17,10,20,13,3,19,38,9,10,14,6,11,5,18,3,4,12,2,3,6,8,3,4,3,2,3,0,6,1,1,0,2,1,3,3,1,1,1,1,0,0,2,0,1,0,0,0,5,5,2,0,0,23,1,21,8,5,1,0,0,0,0,0,0,0,0,0,0,0,0,0,0,1,0,1,0,1,0,0,5,4,1,1,0,1,0,2,1,1,1,1,1,0,2,1,1,0,0,1,0,12,9
43 - Κορινθίας,170 E.T. Δήμου Λουτρακίου-Περαχώρας-Αγ. Θεοδώρων,511,333,7,2,9,324,120,75,17,20,39,42,14,63,30,8,22,12,11,16,43,16,8,10,10,16,8,15,2,0,7,4,8,4,16,6,7,4,1,6,1,6,0,1,0,0,4,4,3,3,0,0,0,0,0,0,0,0,0,2,2,4,4,2,0,1,17,0,16,0,4,1,0,0,0,0,0,0,0,0,3,3,2,0,0,1,3,1,0,1,1,0,0,4,1,2,0,1,1,1,1,0,3,1,2,1,1,5,3,2,1,0,0,0,13,10
43 - Κορινθίας,171 E.T. Δήμου Λουτρακίου-Περαχώρας-Αγ. Θεοδώρων,564,398,9,3,12,386,151,67,33,19,44,46,15,59,16,11,12,11,8,16,47,10,6,13,15,13,5,24,0,2,10,2,0,11,17,3,10,6,1,0,1,9,0,1,0,1,5,6,11,8,2,1,0,0,0,3,0,0,0,1,1,2,1,0,0,0,22,1,18,4,3,1,1,0,0,0,0,0,0,0,2,2,1,0,0,0,1,0,1,0,0,1,0,7,3,2,2,2,2,2,0,0,3,2,2,1,0,2,0,1,2,0,1,1,17,13
43 - Κορινθίας,172 E.T. Δήμου Λουτρακίου-Περαχώρας-Αγ. Θεοδώρων,507,302,2,2,4,298,100,56,16,19,24,37,5,56,15,9,12,12,4,18,44,14,18,6,13,11,10,16,5,2,12,0,4,4,11,7,1,4,6,0,1,12,2,2,1,2,1,2,7,7,0,0,0,0,0,6,1,0,2,2,2,1,0,0,0,0,18,1,16,6,2,0,0,0,0,0,0,0,0,0,0,0,0,0,0,0,2,0,1,1,0,0,0,1,1,0,1,0,0,0,0,0,2,0,2,1,1,4,3,2,1,0,0,0,14,8
43 - Κορινθίας,173 E.T. Δήμου Λουτρακίου-Περαχώρας-Αγ. Θεοδώρων,516,365,16,6,22,343,145,79,19,23,32,62,15,53,16,16,10,10,1,22,34,12,4,10,4,17,5,19,3,1,10,1,2,6,12,2,4,7,0,0,1,7,3,2,0,1,3,3,4,3,0,0,0,0,0,1,0,0,0,1,0,7,2,2,3,0,29,3,23,4,7,2,2,0,0,0,0,0,0,0,0,0,0,0,0,0,1,1,1,0,0,1,1,2,2,0,0,1,0,1,1,1,4,1,2,1,1,2,0,1,1,0,1,1,15,8
43 - Κορινθίας,174 E.T. Δήμου Λουτρακίου-Περαχώρας-Αγ. Θεοδώρων,510,335,2,2,4,331,112,59,27,6,30,29,21,54,24,8,13,10,8,26,42,11,11,9,8,21,7,24,4,3,11,3,4,8,20,4,5,3,5,1,1,11,3,2,0,1,5,4,7,4,1,1,1,1,0,1,0,0,0,5,3,4,1,1,2,0,18,1,13,5,5,0,0,0,0,0,0,0,0,0,1,1,1,0,0,0,2,0,1,0,1,0,0,2,1,0,1,0,2,0,0,0,9,2,6,1,1,6,4,3,1,0,1,0,8,4
43 - Κορινθίας,175 E.T. Δήμου Λουτρακίου-Περαχώρας-Αγ. Θεοδώρων,423,283,2,2,4,279,65,43,13,3,12,14,3,51,17,6,10,9,4,15,57,10,6,6,13,27,10,33,7,4,12,2,7,7,7,4,2,2,1,1,2,6,1,1,0,0,1,1,5,3,0,0,0,0,0,0,0,0,0,2,1,0,0,0,0,0,27,3,20,11,2,1,0,0,0,0,0,0,0,0,0,0,0,0,0,0,3,1,1,0,0,2,1,2,2,0,0,0,0,1,0,0,4,3,1,1,0,3,2,0,1,1,1,0,8,4
43 - Κορινθίας,176 E.T. Δήμου Λουτρακίου-Περαχώρας-Αγ. Θεοδώρων,434,292,1,1,2,290,95,50,11,9,20,62,15,53,25,9,12,8,3,27,33,10,2,4,8,20,3,24,6,2,12,2,3,12,16,4,6,5,3,2,1,6,1,1,2,1,1,0,8,8,1,0,0,0,0,2,0,1,1,7,7,0,0,0,0,0,28,4,21,14,7,0,0,0,0,0,0,0,0,0,2,0,2,0,2,0,5,3,2,2,0,0,0,2,2,0,1,0,0,1,0,0,0,0,0,1,1,2,0,0,0,0,0,0,5,5
43 - Κορινθίας,177 E.T. Δήμου Λουτρακίου-Περαχώρας-Αγ. Θεοδώρων,418,277,5,2,7,270,90,49,10,6,35,30,9,45,12,3,11,6,8,25,34,8,8,7,4,15,9,31,3,0,18,2,2,15,17,4,7,7,2,1,4,4,1,1,0,0,1,1,4,4,2,1,1,0,0,1,0,0,0,4,3,1,0,1,1,0,10,0,9,3,2,1,1,0,0,0,0,0,0,0,0,0,0,0,0,0,0,0,0,0,0,1,0,1,0,0,0,1,0,1,1,0,4,0,1,1,0,3,0,2,0,0,2,1,13,8
43 - Κορινθίας,178 E.T. Δήμου Λουτρακίου-Περαχώρας-Αγ. Θεοδώρων,480,332,10,1,11,321,147,76,22,12,60,37,35,60,20,7,17,13,7,18,51,6,4,17,4,31,7,8,2,4,2,0,0,5,9,3,3,3,0,1,1,9,0,5,3,1,2,1,0,0,0,0,0,0,0,1,1,0,0,3,2,1,1,1,0,0,12,3,8,2,0,1,1,0,0,0,0,0,0,0,0,0,0,0,0,0,2,1,2,0,0,1,1,3,2,0,1,0,0,0,1,1,1,1,1,1,1,1,1,1,0,0,0,0,9,4
43 - Κορινθίας,179 E.T. Δήμου Λουτρακίου-Περαχώρας-Αγ. Θεοδώρων,486,356,9,1,10,346,137,75,20,16,41,39,33,60,29,5,17,10,13,13,50,8,9,9,8,28,14,23,0,3,3,1,3,11,18,6,11,8,2,2,1,16,5,10,0,3,3,2,1,1,0,0,0,0,0,0,0,0,0,2,2,1,0,0,0,0,9,2,5,3,2,0,0,0,0,0,1,0,0,0,2,1,1,0,0,0,0,0,0,0,0,0,0,3,2,1,0,0,0,1,0,0,7,5,2,1,0,1,1,0,1,0,1,1,12,7
43 - Κορινθίας,180 E.T. Δήμου Λουτρακίου-Περαχώρας-Αγ. Θεοδώρων,473,321,6,1,7,314,143,86,10,13,59,33,33,44,9,10,9,11,12,10,44,3,4,15,4,28,8,11,0,0,1,0,4,4,19,6,9,7,4,2,2,10,3,3,1,1,0,1,3,2,0,0,0,0,0,0,0,0,0,0,0,1,0,0,0,0,5,0,1,0,2,0,0,1,0,1,0,0,0,0,0,0,0,0,0,0,1,1,1,0,0,1,0,4,0,2,1,0,0,1,1,1,5,2,3,3,3,5,4,3,4,2,1,1,8,3
43 - Κορινθίας,181 E.T. Δήμου Λουτρακίου-Περαχώρας-Αγ. Θεοδώρων,484,348,8,2,10,338,129,70,28,13,47,42,16,60,20,14,21,8,14,11,44,10,3,9,8,31,7,20,7,7,4,2,2,9,12,4,4,4,1,1,1,14,7,2,0,0,2,1,2,2,1,1,1,0,0,0,0,0,0,5,3,6,3,2,0,1,16,3,10,3,9,4,3,2,1,2,1,1,0,0,0,0,0,0,0,0,1,0,0,0,0,1,1,5,2,0,0,3,0,0,0,0,2,2,2,2,1,1,0,0,1,0,0,0,9,6
43 - Κορινθίας,182 E.T. Δήμου Λουτρακίου-Περαχώρας-Αγ. Θεοδώρων,472,345,3,2,5,340,115,59,18,8,48,25,8,62,12,21,7,14,9,18,46,7,1,7,4,26,11,35,5,3,8,1,4,19,11,1,1,3,4,1,1,9,5,3,2,3,1,0,3,3,2,1,0,0,0,0,0,0,0,5,4,5,2,2,1,1,16,5,9,6,4,3,2,2,1,1,0,0,0,0,0,0,0,0,0,0,0,0,0,0,0,0,0,5,2,0,0,3,1,1,0,0,3,3,1,0,0,2,0,0,0,0,1,1,15,10
43 - Κορινθίας,183 E.T. Δήμου Λουτρακίου-Περαχώρας-Αγ. Θεοδώρων,445,292,4,0,4,288,110,46,16,4,33,64,4,63,36,4,18,7,8,25,43,5,8,11,9,16,12,22,6,2,9,1,6,5,8,3,3,0,1,2,0,8,2,3,0,2,1,3,3,2,0,0,0,0,0,1,0,0,0,0,0,0,0,0,0,0,1,0,1,0,0,0,0,0,0,0,0,0,0,0,1,0,1,0,1,0,3,0,0,0,0,0,0,15,4,4,6,0,4,1,0,0,0,0,0,2,1,1,1,1,1,1,1,1,5,2
43 - Κορινθίας,184 E.T. Δήμου Νεμέας,552,305,6,2,8,297,124,61,23,15,34,38,13,66,11,13,12,13,1,41,54,0,45,4,10,11,6,17,3,1,7,1,4,2,5,1,2,2,0,0,0,4,3,1,0,0,0,0,2,2,1,1,1,0,0,1,0,1,1,4,2,3,1,1,1,0,6,0,0,0,5,1,1,0,0,0,0,0,0,0,0,0,0,0,0,0,2,1,1,1,0,0,0,0,0,0,0,0,0,0,0,0,0,0,0,0,0,1,0,0,3,3,0,0,3,2
43 - Κορινθίας,185 E.T. Δήμου Νεμέας,535,360,3,4,7,353,154,90,30,17,45,48,4,56,16,13,7,13,1,40,73,3,57,4,11,19,14,16,5,0,7,3,2,0,14,1,6,5,1,1,0,10,7,1,1,1,2,0,3,3,2,1,1,0,0,2,1,0,0,3,0,1,1,0,0,1,9,2,4,1,3,0,0,0,0,0,0,0,0,0,0,0,0,0,0,0,0,0,0,0,0,0,0,1,0,0,0,0,0,0,0,0,0,0,0,1,0,0,0,0,1,0,0,0,7,6
43 - Κορινθίας,186 E.T. Δήμου Νεμέας,536,352,12,1,13,339,135,77,23,15,47,52,3,66,15,12,17,6,5,38,66,0,56,4,7,7,3,11,3,0,7,2,0,1,10,3,3,1,3,0,3,14,11,1,0,0,0,0,4,4,0,0,0,0,0,1,1,0,0,4,3,2,0,0,1,0,6,1,3,3,2,0,0,1,0,1,0,0,2,1,2,1,0,0,0,0,1,1,0,1,0,2,0,2,1,0,0,0,1,2,0,0,0,0,0,0,0,2,1,1,0,0,0,0,8,4
43 - Κορινθίας,187 E.T. Δήμου Νεμέας,535,328,9,0,9,319,111,70,18,9,42,32,3,70,9,12,16,13,2,43,73,2,66,5,12,11,6,12,2,5,3,1,3,0,17,6,6,3,1,2,2,8,6,1,0,0,2,0,1,0,0,0,0,0,0,1,1,0,1,1,0,2,0,0,0,0,7,2,3,2,2,1,0,0,0,0,0,0,0,0,3,1,2,0,0,0,1,0,0,1,0,0,0,2,1,1,1,0,1,0,0,0,2,1,1,1,1,1,1,0,0,0,0,0,5,2
43 - Κορινθίας,188 E.T. Δήμου Νεμέας,541,350,6,1,7,343,142,100,32,18,44,27,3,74,12,15,26,13,2,41,66,4,50,6,15,16,5,11,1,0,3,1,4,2,14,3,7,2,3,0,1,5,3,1,0,1,0,0,2,2,1,0,1,1,1,1,0,0,0,0,0,1,0,0,0,0,10,5,2,1,6,0,0,0,0,0,0,0,0,0,0,0,0,0,0,0,1,1,0,1,0,0,0,1,1,0,0,0,0,0,0,0,1,0,0,0,0,5,2,0,1,1,1,1,5,1
43 - Κορινθίας,189 E.T. Δήμου Νεμέας,541,345,3,0,3,342,114,55,32,10,24,30,4,72,7,7,22,17,1,46,74,1,62,1,14,13,4,13,1,0,7,0,2,1,13,4,6,6,1,0,1,7,6,1,0,0,1,1,3,3,3,1,1,0,0,1,0,0,0,2,1,5,2,2,2,1,6,0,0,2,3,1,1,0,0,0,0,0,1,0,0,0,0,0,0,0,1,1,0,0,0,0,0,4,0,0,0,0,0,0,1,0,2,1,1,3,1,0,0,0,2,2,0,0,14,9
43 - Κορινθίας,190 E.T. Δήμου Νεμέας,560,347,3,4,7,340,100,57,23,6,28,30,8,68,11,6,18,13,4,50,88,4,63,0,20,25,10,13,1,0,3,1,1,1,16,5,6,4,5,3,1,5,3,1,1,1,0,0,5,3,0,0,0,0,0,3,3,0,0,1,1,1,1,0,0,0,6,1,2,1,2,0,0,1,0,0,0,0,0,0,2,1,1,1,0,1,7,1,2,3,0,0,0,9,3,4,2,2,1,0,1,1,1,0,0,0,0,2,0,0,1,1,0,0,10,8
43 - Κορινθίας,191 E.T. Δήμου Νεμέας,322,167,8,2,10,157,62,30,16,15,16,13,6,31,12,5,9,5,4,17,38,0,31,1,7,8,4,1,0,0,0,0,0,0,8,2,2,2,2,0,0,0,0,0,0,0,0,0,1,1,1,0,0,0,0,1,0,0,0,1,1,3,1,1,0,0,7,2,1,0,0,0,0,0,0,0,0,0,0,0,0,0,0,0,0,0,0,0,0,0,0,0,0,1,1,0,1,0,0,0,0,0,1,0,0,0,0,0,0,0,0,0,0,0,1,1
43 - Κορινθίας,192 E.T. Δήμου Νεμέας,301,192,8,0,8,184,90,38,27,9,25,28,4,25,6,2,10,4,1,16,35,1,27,1,3,10,3,0,0,0,0,0,0,0,6,1,1,0,2,1,0,3,2,1,0,0,0,0,1,1,0,0,0,0,0,0,0,0,0,4,2,2,0,1,0,1,1,0,1,0,0,0,0,2,0,0,0,0,0,0,0,0,0,0,0,0,2,0,0,0,0,0,0,5,2,2,1,1,1,1,0,0,0,0,0,1,0,2,0,1,0,0,0,0,5,4
43 - Κορινθίας,193 E.T. Δήμου Νεμέας,290,185,4,0,4,181,77,41,19,7,19,22,6,33,7,4,9,4,1,18,30,0,28,0,7,5,3,9,0,0,2,1,2,0,14,3,7,2,4,0,1,4,3,0,0,0,0,0,1,1,0,0,0,0,0,0,0,0,0,2,2,3,1,1,1,0,0,0,0,0,0,1,1,0,0,0,0,0,0,0,1,1,1,0,0,0,0,0,0,0,0,0,0,0,0,0,0,0,0,0,1,0,1,1,1,0,0,1,1,0,0,0,0,0,3,2
43 - Κορινθίας,194 E.T. Δήμου Νεμέας,359,261,4,0,4,257,126,69,36,14,36,33,13,47,13,3,20,6,5,10,52,17,21,2,7,20,12,7,1,3,1,0,5,0,5,0,1,0,1,0,0,6,4,1,0,1,1,0,3,2,0,0,0,0,0,1,1,0,0,0,0,0,0,0,0,0,2,2,1,0,0,0,0,0,0,0,0,0,0,0,1,0,0,0,0,0,0,0,0,0,0,0,0,0,0,0,0,0,0,0,1,1,0,0,0,1,0,0,0,0,0,0,0,0,5,2
43 - Κορινθίας,195 E.T. Δήμου Νεμέας,331,198,3,1,4,194,110,70,35,18,19,31,13,29,3,2,8,4,9,11,25,6,14,2,3,8,9,5,0,0,0,0,2,0,7,3,3,1,1,0,1,2,1,2,0,0,0,0,1,1,0,0,0,0,0,0,0,0,0,4,4,0,0,0,0,0,6,2,3,4,1,0,0,0,0,0,0,0,0,0,0,0,0,0,0,0,0,0,0,0,0,0,0,2,0,0,0,0,0,0,0,0,1,0,0,1,0,1,1,1,0,0,0,0,0,0
43 - Κορινθίας,196 E.T. Δήμου Νεμέας,180,78,0,1,1,77,44,25,11,6,19,16,3,12,5,1,3,0,0,12,14,0,14,0,1,1,2,1,0,0,0,0,0,0,2,0,1,0,1,0,0,1,1,0,0,0,0,0,0,0,0,0,0,0,0,0,0,0,0,0,0,1,0,1,0,1,0,0,0,0,0,0,0,0,0,0,0,0,0,0,0,0,0,0,0,0,0,0,0,0,0,0,0,0,0,0,0,0,0,0,1,0,0,0,0,0,0,0,0,0,0,0,0,0,1,1
43 - Κορινθίας,197 E.T. Δήμου Νεμέας,386,196,2,0,2,194,86,62,33,15,23,17,1,39,4,6,18,8,8,20,33,0,27,1,1,11,9,6,4,0,4,1,0,0,8,1,6,3,3,0,0,8,5,0,0,2,0,0,3,0,0,0,0,0,0,1,0,1,1,1,0,1,0,1,1,0,2,1,2,0,1,0,0,0,0,0,0,0,0,0,0,0,0,0,0,0,0,0,0,0,0,0,0,1,1,0,1,0,0,0,0,0,0,0,0,0,0,0,0,0,2,1,0,0,3,2
43 - Κορινθίας,198 E.T. Δήμου Νεμέας,372,195,0,1,1,194,93,48,26,27,35,18,8,29,6,2,12,3,4,16,35,3,26,1,7,9,5,7,5,0,4,0,0,1,18,1,11,2,2,1,1,0,0,0,0,0,0,0,0,0,0,0,0,0,0,0,0,0,0,0,0,2,1,0,0,0,3,0,0,1,2,0,0,0,0,0,0,0,0,0,0,0,0,0,0,0,0,0,0,0,0,0,0,0,0,0,0,0,0,0,1,0,1,1,1,0,0,1,1,0,0,0,0,0,4,3
43 - Κορινθίας,199 E.T. Δήμου Νεμέας,204,124,1,1,2,122,72,40,15,9,38,7,1,19,1,2,4,3,4,8,21,0,18,0,1,6,1,4,1,0,3,0,2,0,4,0,0,0,0,1,2,1,1,0,1,0,0,0,0,0,0,0,0,0,0,0,0,0,0,0,0,0,0,0,0,0,0,0,0,0,0,0,0,0,0,0,0,0,0,0,0,0,0,0,0,0,0,0,0,0,0,0,0,0,0,0,0,0,0,0,0,0,0,0,0,0,0,0,0,0,0,0,1,1,0,0
43 - Κορινθίας,200 E.T. Δήμου Νεμέας,480,247,3,3,6,241,83,53,18,6,13,15,5,35,7,2,8,1,5,14,72,0,72,0,10,11,1,0,0,0,0,0,0,0,2,1,1,0,0,0,0,19,19,1,0,0,1,0,3,3,0,0,0,0,0,0,0,0,0,3,1,1,1,0,0,0,4,1,0,0,0,1,0,0,0,0,0,0,0,0,1,0,0,0,0,0,2,0,0,0,0,0,0,2,0,0,2,0,0,2,0,0,0,0,0,1,1,0,0,0,1,0,0,0,11,6
43 - Κορινθίας,201 E.T. Δήμου Νεμέας,366,244,8,0,8,236,117,74,31,20,44,21,4,38,15,2,4,9,5,19,51,1,47,0,8,8,4,5,1,0,1,0,1,1,6,1,2,1,0,0,0,4,4,0,0,0,0,0,2,0,0,0,0,0,0,0,0,0,0,0,0,0,0,0,0,0,1,0,0,1,1,0,0,0,0,0,0,0,0,0,0,0,0,0,0,0,0,0,0,0,0,0,0,2,0,0,0,0,0,0,1,0,0,0,0,0,0,2,1,0,0,0,0,0,7,3
43 - Κορινθίας,202 E.T. Δήμου Ξυλοκάστρου - Ευρωστίνης,435,261,6,2,8,253,131,91,14,10,35,60,4,67,14,13,15,12,9,38,10,1,4,0,3,4,3,14,2,3,6,0,4,1,8,1,5,3,0,1,2,4,3,1,0,0,0,1,0,0,0,0,0,0,0,1,1,0,0,2,0,0,0,0,0,0,2,0,1,1,1,0,0,0,0,0,0,0,1,1,1,1,1,0,0,0,0,0,0,0,0,1,0,4,2,0,0,0,1,0,0,0,0,0,0,0,0,1,1,1,0,0,1,1,5,3
43 - Κορινθίας,203 E.T. Δήμου Ξυλοκάστρου - Ευρωστίνης,447,250,2,2,4,246,112,63,13,15,14,53,10,55,19,12,10,4,3,31,25,2,6,0,18,8,10,10,0,0,4,2,4,0,6,2,1,3,0,2,0,9,0,2,1,4,2,0,0,0,3,0,0,0,0,4,4,0,1,0,0,3,0,0,0,0,8,2,2,4,3,0,0,0,0,0,0,0,0,0,0,0,0,0,0,0,0,0,0,0,0,0,0,2,0,1,1,0,0,1,0,0,0,0,0,1,1,2,0,0,1,0,0,0,5,2
43 - Κορινθίας,204 E.T. Δήμου Ξυλοκάστρου - Ευρωστίνης,443,261,1,1,2,259,109,58,12,20,25,52,6,58,20,6,14,12,1,34,25,4,8,2,5,11,12,14,2,1,3,2,6,1,15,6,9,3,2,3,0,4,0,2,1,1,0,0,0,0,0,0,0,0,0,7,7,0,0,0,0,2,0,0,0,0,6,3,2,1,3,0,0,0,0,0,0,0,0,0,0,0,0,0,0,0,0,0,0,0,0,0,0,4,1,0,0,0,1,0,0,0,1,1,1,1,1,0,0,0,0,0,0,0,13,10
43 - Κορινθίας,205 E.T. Δήμου Ξυλοκάστρου - Ευρωστίνης,513,291,2,4,6,285,96,68,13,15,15,27,1,64,4,12,16,5,1,40,60,8,20,3,29,11,24,15,4,2,2,0,3,5,11,3,2,3,2,0,2,4,1,2,0,2,0,0,1,1,1,0,0,0,0,4,3,0,1,0,0,1,0,0,0,0,6,1,3,1,4,2,0,0,0,0,0,0,0,0,1,0,0,0,0,0,3,0,1,0,1,0,0,4,3,1,1,0,2,0,0,0,1,0,0,1,0,1,1,1,1,1,0,0,8,6
43 - Κορινθίας,206 E.T. Δήμου Ξυλοκάστρου - Ευρωστίνης,518,316,8,1,9,307,134,88,14,5,32,57,0,60,9,4,16,5,8,38,65,10,8,1,35,19,15,7,1,0,4,0,2,0,9,5,4,2,1,2,1,2,1,0,1,1,0,1,3,1,0,0,0,0,0,1,0,1,1,0,0,0,0,0,0,0,9,6,0,4,3,0,0,0,0,0,0,0,0,0,0,0,0,0,0,0,0,0,0,0,0,0,0,0,0,0,0,0,0,0,0,0,2,1,2,0,0,5,3,1,2,0,0,0,8,1
43 - Κορινθίας,207 E.T. Δήμου Ξυλοκάστρου - Ευρωστίνης,115,63,1,0,1,62,23,15,5,2,13,10,0,12,4,0,0,2,0,9,5,1,2,0,2,1,2,11,3,0,5,0,7,0,3,1,2,1,1,1,0,1,0,0,0,0,0,0,1,1,0,0,0,0,0,1,0,0,0,1,0,0,0,0,0,0,0,0,0,0,0,0,0,0,0,0,0,0,0,0,0,0,0,0,0,0,1,1,1,0,0,0,0,0,0,0,0,0,0,0,0,0,0,0,0,0,0,1,1,0,0,0,0,0,2,1
43 - Κορινθίας,208 E.T. Δήμου Ξυλοκάστρου - Ευρωστίνης,204,151,2,0,2,149,81,57,21,2,12,38,4,21,5,5,2,5,0,12,22,5,3,7,7,2,5,3,0,0,0,0,0,0,6,2,0,4,2,0,0,0,0,0,0,0,0,0,3,2,0,0,0,0,0,0,0,0,0,4,0,0,0,0,0,0,0,0,0,0,0,0,0,0,0,0,0,0,0,0,1,0,0,0,0,0,2,0,0,0,0,2,2,0,0,0,0,0,0,0,0,0,0,0,0,1,0,0,0,0,0,0,0,0,3,2
43 - Κορινθίας,209 E.T. Δήμου Ξυλοκάστρου - Ευρωστίνης,377,241,0,0,0,241,115,59,23,11,34,60,0,50,17,8,4,3,2,23,23,2,6,1,6,6,12,15,4,7,0,3,3,2,11,6,3,0,0,3,0,3,0,0,1,1,0,0,0,0,1,0,0,0,0,6,4,1,0,0,0,1,0,1,0,0,4,2,2,0,2,0,0,3,0,0,0,0,0,0,0,0,0,0,0,0,0,0,0,0,0,0,0,3,2,1,0,1,0,0,0,0,0,0,0,0,0,2,1,1,1,0,0,0,3,2
43 - Κορινθίας,210 E.T. Δήμου Ξυλοκάστρου - Ευρωστίνης,346,241,1,1,2,239,122,67,22,16,46,48,2,43,7,5,11,5,4,32,18,4,2,0,2,4,8,6,0,1,2,0,1,1,14,5,5,7,3,2,0,4,1,0,3,1,1,1,2,1,1,1,1,0,0,2,1,1,2,1,1,3,2,1,0,1,6,2,3,0,2,0,0,0,0,0,0,0,1,0,0,0,0,0,0,0,1,1,0,1,0,0,0,1,0,1,0,1,0,0,0,0,0,0,0,0,0,4,2,1,1,0,0,0,9,8
43 - Κορινθίας,211 E.T. Δήμου Ξυλοκάστρου - Ευρωστίνης,376,244,3,3,6,238,142,77,29,22,57,48,6,32,5,3,5,3,0,26,21,2,2,0,7,7,13,8,3,1,2,1,2,0,11,3,3,2,3,0,1,3,1,1,0,0,0,0,3,3,0,0,0,0,0,5,2,1,1,2,1,1,1,0,0,0,5,1,0,0,3,1,0,0,0,0,0,0,0,0,0,0,0,0,0,0,0,0,0,0,0,1,1,0,0,0,0,0,0,0,0,0,0,0,0,0,0,1,0,0,0,0,0,0,2,2
43 - Κορινθίας,212 E.T. Δήμου Ξυλοκάστρου - Ευρωστίνης,488,324,4,0,4,320,173,100,45,14,26,79,8,42,6,9,12,6,2,20,47,8,16,6,15,11,26,4,0,0,1,0,1,0,9,1,3,3,3,0,0,5,0,0,3,0,0,0,1,1,0,0,0,0,0,0,0,0,0,1,1,0,0,0,0,0,10,3,2,3,1,0,0,1,1,1,0,0,0,0,0,0,0,0,0,0,0,0,0,0,0,0,0,3,1,1,1,0,0,1,0,0,5,4,2,0,0,0,0,0,14,14,1,1,4,4
43 - Κορινθίας,213 E.T. Δήμου Ξυλοκάστρου - Ευρωστίνης,139,97,0,0,0,97,25,10,5,0,7,15,1,28,7,10,5,2,0,18,24,3,6,0,14,3,8,5,2,0,2,1,1,0,5,3,1,2,0,1,0,5,0,3,2,3,0,0,0,0,0,0,0,0,0,0,0,0,0,1,0,0,0,0,0,0,1,0,0,1,1,0,0,0,0,0,0,0,0,0,0,0,0,0,0,0,0,0,0,0,0,0,0,1,1,0,0,1,0,0,0,0,0,0,0,0,0,0,0,0,0,0,0,0,2,1
43 - Κορινθίας,214 E.T. Δήμου Ξυλοκάστρου - Ευρωστίνης,217,138,0,0,0,138,60,30,10,10,6,21,6,22,8,4,1,2,3,19,16,3,4,1,8,4,4,6,1,0,2,0,0,0,5,1,1,3,2,0,0,4,0,1,0,1,0,0,1,1,0,0,0,0,0,0,0,0,0,1,0,1,0,0,0,0,7,1,1,2,0,1,1,1,0,1,0,0,0,0,1,1,0,1,0,0,0,0,0,0,0,0,0,1,0,0,0,0,0,0,0,0,0,0,0,1,1,0,0,0,4,2,0,0,6,4
43 - Κορινθίας,215 E.T. Δήμου Ξυλοκάστρου - Ευρωστίνης,277,147,0,0,0,147,65,36,13,8,18,28,10,27,9,4,2,2,2,14,25,2,6,1,15,7,6,7,1,1,1,0,2,0,0,0,0,0,0,0,0,5,0,2,0,0,0,0,0,0,0,0,0,0,0,3,3,0,0,0,0,0,0,0,0,0,10,1,0,1,8,0,0,0,0,0,0,0,0,0,0,0,0,0,0,0,0,0,0,0,0,0,0,0,0,0,0,0,0,0,0,0,0,0,0,0,0,2,1,1,0,0,0,0,3,3
43 - Κορινθίας,216 E.T. Δήμου Ξυλοκάστρου - Ευρωστίνης,522,294,3,2,5,289,121,70,17,14,31,48,7,63,13,17,15,4,2,43,33,13,6,3,7,5,7,8,4,2,3,1,1,1,6,4,0,2,1,1,0,12,2,5,5,2,0,1,0,0,2,0,1,0,0,3,2,1,1,2,0,4,3,1,1,0,12,4,4,4,0,1,1,1,0,1,0,0,0,0,0,0,0,0,0,0,1,1,0,0,1,0,0,2,2,0,1,1,0,0,0,0,1,1,0,2,1,2,2,2,3,1,1,0,9,4
43 - Κορινθίας,217 E.T. Δήμου Ξυλοκάστρου - Ευρωστίνης,514,326,6,1,7,319,129,75,23,13,27,44,8,87,20,11,10,19,6,72,41,6,6,16,9,4,10,7,0,1,1,2,2,1,8,2,3,6,1,2,1,11,5,6,3,1,1,2,2,1,0,0,0,0,0,0,0,0,0,0,0,4,4,0,0,0,11,2,2,5,6,1,0,1,0,0,0,0,0,0,0,0,0,0,0,0,1,1,0,0,0,1,1,2,1,0,1,0,1,0,1,1,0,0,0,2,2,1,0,0,1,0,1,0,7,6
43 - Κορινθίας,218 E.T. Δήμου Ξυλοκάστρου - Ευρωστίνης,515,326,9,2,11,315,153,95,25,11,43,50,10,70,13,13,6,5,3,45,25,5,8,7,4,4,5,11,2,1,1,1,1,1,7,0,1,1,1,1,0,11,2,5,6,3,0,0,0,0,3,2,1,0,0,0,0,0,0,0,0,4,3,0,0,2,14,3,0,7,5,1,0,0,0,0,0,0,0,0,0,0,0,0,0,0,0,0,0,0,0,0,0,1,0,0,1,1,0,0,1,1,2,0,0,2,2,1,1,0,1,1,0,0,8,1
43 - Κορινθίας,219 E.T. Δήμου Ξυλοκάστρου - Ευρωστίνης,528,340,5,2,7,333,152,95,30,22,42,50,8,79,21,15,13,9,9,53,24,11,7,6,6,3,6,10,4,0,4,1,2,3,10,4,4,2,2,0,0,5,1,1,4,0,0,0,1,0,1,1,1,0,0,1,0,1,1,1,1,4,3,1,0,1,12,4,7,3,4,1,1,0,0,0,0,0,1,0,0,0,0,0,0,0,1,0,0,0,0,1,0,5,1,3,2,1,1,0,0,0,1,0,0,3,1,5,2,2,0,0,2,2,13,11
43 - Κορινθίας,220 E.T. Δήμου Ξυλοκάστρου - Ευρωστίνης,506,329,7,2,9,320,146,92,31,14,31,61,9,64,17,7,10,5,4,40,31,11,4,2,4,9,13,11,3,0,3,2,1,1,17,5,4,6,6,0,2,9,2,3,2,2,1,1,0,0,1,0,0,0,0,2,1,1,0,0,0,6,0,0,0,0,5,2,1,1,1,0,0,4,3,3,0,0,0,0,0,0,0,0,0,0,1,0,0,1,1,0,0,5,4,0,2,3,1,0,1,0,1,1,1,4,4,2,1,0,0,0,0,0,10,9
43 - Κορινθίας,221 E.T. Δήμου Ξυλοκάστρου - Ευρωστίνης,520,335,2,4,6,329,151,87,26,14,38,63,11,72,19,10,5,8,4,44,38,16,11,2,15,8,9,8,1,1,3,2,1,1,15,4,6,7,5,1,0,9,1,4,2,2,0,0,0,0,0,0,0,0,0,0,0,0,0,1,0,2,1,0,0,0,7,3,1,4,2,0,0,0,0,0,0,0,1,0,0,0,0,0,0,0,1,0,0,0,0,2,2,4,3,1,0,0,2,0,1,1,0,0,0,0,0,4,1,0,2,1,0,0,11,7
43 - Κορινθίας,222 E.T. Δήμου Ξυλοκάστρου - Ευρωστίνης,507,289,7,4,11,278,105,69,24,11,29,32,5,72,15,11,10,13,3,52,29,12,7,8,5,4,6,13,3,1,6,0,5,2,8,5,3,3,2,0,1,6,1,3,3,1,0,1,3,3,0,0,0,0,0,1,0,0,0,3,2,2,1,0,0,1,10,2,5,4,4,0,0,2,0,0,0,0,0,0,1,0,0,0,1,1,0,0,0,0,0,1,1,7,2,3,1,0,0,0,1,0,0,0,0,2,2,3,2,2,3,3,0,0,6,4
43 - Κορινθίας,223 E.T. Δήμου Ξυλοκάστρου - Ευρωστίνης,513,348,6,0,6,342,126,60,20,14,38,51,5,95,20,14,16,15,7,69,37,8,9,6,9,9,11,6,2,0,1,2,1,0,16,4,6,5,2,2,2,14,3,6,4,2,3,2,3,3,1,0,0,0,0,3,1,0,1,2,1,5,2,1,0,0,7,1,2,4,0,0,0,2,1,2,0,0,0,0,0,0,0,0,0,0,1,1,0,1,0,0,0,4,1,2,1,0,0,1,0,0,2,2,2,2,1,4,2,1,1,1,0,0,11,9
43 - Κορινθίας,224 E.T. Δήμου Ξυλοκάστρου - Ευρωστίνης,520,323,9,3,12,311,154,94,28,21,37,49,5,63,14,10,8,8,3,49,30,11,5,2,6,10,5,10,0,1,4,1,2,1,12,1,4,2,1,2,2,5,1,2,0,1,1,0,0,0,1,1,1,0,0,0,0,0,0,3,1,3,1,0,0,0,10,3,3,1,5,0,0,0,0,0,0,0,0,0,0,0,0,0,0,0,0,0,0,0,0,0,0,5,1,0,1,0,2,0,0,0,0,0,0,3,2,4,1,0,2,2,0,0,6,4
43 - Κορινθίας,225 E.T. Δήμου Ξυλοκάστρου - Ευρωστίνης,518,332,9,2,11,321,138,86,31,16,21,50,7,55,14,11,7,7,2,36,36,13,9,13,9,7,5,23,4,0,5,5,6,2,17,4,4,3,4,1,0,10,3,3,2,4,2,0,1,1,0,0,0,0,0,3,1,1,1,1,0,2,1,0,1,0,14,2,7,7,5,0,0,0,0,0,0,0,0,0,0,0,0,0,0,0,3,1,0,1,2,0,0,4,2,0,1,0,0,0,0,0,3,2,0,0,0,3,3,3,0,0,0,0,8,4
43 - Κορινθίας,226 E.T. Δήμου Ξυλοκάστρου - Ευρωστίνης,524,337,8,1,9,328,167,96,26,21,41,54,11,71,21,7,10,10,8,52,29,8,4,9,5,8,9,15,4,0,2,4,5,2,7,2,1,2,0,0,0,6,0,2,3,1,0,0,0,0,1,1,0,0,0,0,0,0,0,0,0,3,1,1,1,0,10,3,3,4,5,0,0,0,0,0,0,0,0,0,2,1,1,1,0,0,0,0,0,0,0,0,0,5,2,0,1,0,1,1,0,0,2,0,0,1,1,2,2,1,0,0,0,0,7,4
43 - Κορινθίας,227 E.T. Δήμου Ξυλοκάστρου - Ευρωστίνης,170,96,2,1,3,93,46,23,11,1,27,13,4,19,8,3,6,1,0,9,9,3,2,0,1,3,3,0,0,0,0,0,0,0,4,1,2,1,2,0,0,1,1,1,0,0,0,0,0,0,0,0,0,0,0,0,0,0,0,1,1,0,0,0,0,0,8,5,3,5,3,0,0,0,0,0,0,0,0,0,1,1,0,0,1,0,0,0,0,0,0,0,0,0,0,0,0,0,0,0,0,0,1,0,1,0,0,0,0,0,1,0,1,1,1,0
43 - Κορινθίας,228 E.T. Δήμου Ξυλοκάστρου - Ευρωστίνης,478,319,2,0,2,317,146,55,23,22,49,68,10,79,27,6,9,11,7,54,26,5,4,4,6,8,16,9,2,2,1,0,2,0,11,1,6,4,1,0,0,4,3,2,0,0,0,0,1,0,0,0,0,0,0,8,1,1,0,3,3,2,2,1,0,0,1,0,1,0,0,0,0,0,0,0,0,0,1,1,0,0,0,0,0,0,0,0,0,0,0,3,3,3,0,2,1,1,0,1,0,0,0,0,0,3,3,3,0,0,1,0,2,1,11,4
43 - Κορινθίας,229 E.T. Δήμου Ξυλοκάστρου - Ευρωστίνης,108,79,0,0,0,79,38,31,5,4,3,12,0,15,1,8,2,0,1,8,12,5,0,0,4,2,9,1,0,0,0,0,1,1,4,0,3,0,0,0,0,1,0,0,0,0,0,0,0,0,0,0,0,0,0,0,0,0,0,0,0,0,0,0,0,0,0,0,0,0,0,0,0,0,0,0,0,0,0,0,0,0,0,0,0,0,1,0,0,0,0,0,0,2,1,0,1,0,0,0,0,0,0,0,0,0,0,1,1,0,2,0,0,0,2,2
43 - Κορινθίας,230 E.T. Δήμου Ξυλοκάστρου - Ευρωστίνης,367,225,0,0,0,225,114,57,14,9,57,46,5,31,7,3,7,9,1,24,30,11,17,9,3,4,7,13,4,5,4,2,4,1,7,2,1,3,3,1,0,4,2,1,1,2,0,1,2,2,1,1,1,0,0,1,1,0,1,3,3,3,2,2,0,0,8,2,4,2,4,0,0,0,0,0,0,0,0,0,0,0,0,0,0,0,1,1,0,1,0,0,0,0,0,0,0,0,0,0,0,0,3,2,1,1,1,0,0,0,0,0,0,0,3,2
43 - Κορινθίας,231 E.T. Δήμου Ξυλοκάστρου - Ευρωστίνης,174,118,2,0,2,116,46,24,13,4,24,10,2,22,5,4,5,3,1,17,21,1,1,8,9,2,7,11,2,2,5,0,0,0,1,1,0,0,0,1,0,6,0,0,1,2,1,0,2,2,1,0,0,0,0,0,0,0,0,0,0,0,0,0,0,0,1,0,0,0,0,1,0,0,0,0,0,0,0,0,1,0,1,0,0,1,0,0,0,0,0,0,0,0,0,0,0,0,0,0,0,0,1,0,0,0,0,1,1,1,0,0,0,0,1,0
43 - Κορινθίας,232 E.T. Δήμου Ξυλοκάστρου - Ευρωστίνης,129,65,0,0,0,65,45,28,21,3,4,14,4,6,2,3,2,1,0,0,6,0,0,4,2,1,2,0,0,0,0,0,0,0,0,0,0,0,0,0,0,1,1,0,0,0,0,1,0,0,0,0,0,0,0,0,0,0,0,0,0,0,0,0,0,0,3,1,0,0,2,0,0,0,0,0,0,0,0,0,0,0,0,0,0,0,0,0,0,0,0,0,0,0,0,0,0,0,0,0,1,0,0,0,0,0,0,2,0,0,0,0,0,0,1,1
43 - Κορινθίας,233 E.T. Δήμου Ξυλοκάστρου - Ευρωστίνης,512,340,3,2,5,335,122,79,16,7,27,46,5,91,30,5,10,11,8,78,46,8,19,10,10,12,6,12,2,0,2,3,2,1,7,5,2,1,3,0,0,12,0,1,8,3,1,1,1,1,0,0,0,0,0,1,0,0,0,0,0,8,8,0,0,0,6,2,2,0,1,0,0,1,0,1,0,0,0,0,0,0,0,0,0,0,3,1,2,1,0,0,0,2,1,1,0,0,0,0,2,1,3,3,2,3,3,2,2,2,1,0,0,0,12,2
43 - Κορινθίας,234 E.T. Δήμου Ξυλοκάστρου - Ευρωστίνης,507,368,11,1,12,356,130,79,20,10,33,54,8,122,24,8,7,9,0,96,47,9,13,4,11,16,18,5,0,0,2,1,3,0,12,1,2,4,3,0,0,6,0,1,3,1,1,0,0,0,1,0,0,0,0,6,1,3,3,2,2,4,4,0,0,0,7,3,3,1,1,0,0,0,0,0,0,0,0,0,0,0,0,0,0,0,1,1,0,1,0,0,0,2,0,0,0,0,0,0,0,0,3,0,1,0,0,4,3,0,1,0,0,0,3,1
43 - Κορινθίας,235 E.T. Δήμου Ξυλοκάστρου - Ευρωστίνης,331,220,0,0,0,220,101,65,23,7,33,29,1,48,17,15,5,3,4,34,24,9,9,0,4,3,7,5,1,0,3,1,2,0,9,2,1,5,3,0,1,8,2,1,1,2,1,1,2,2,0,0,0,0,0,3,2,1,1,2,2,4,3,0,0,0,1,0,1,0,1,0,0,0,0,0,0,0,1,0,0,0,0,0,0,0,0,0,0,0,0,0,0,1,0,0,0,0,1,1,1,0,0,0,0,1,0,1,1,0,2,2,0,0,6,6
43 - Κορινθίας,236 E.T. Δήμου Ξυλοκάστρου - Ευρωστίνης,332,217,4,0,4,213,107,66,32,7,27,33,6,42,6,8,5,6,7,36,25,9,3,0,6,5,9,7,3,0,3,1,1,0,7,2,0,2,6,0,0,7,2,1,4,3,0,0,0,0,0,0,0,0,0,1,0,0,0,1,1,1,1,0,0,0,4,1,2,1,2,1,1,0,0,0,0,0,0,0,0,0,0,0,0,0,0,0,0,0,0,0,0,2,1,1,2,0,0,0,0,0,1,0,1,0,0,4,4,1,0,0,0,0,3,1
43 - Κορινθίας,237 E.T. Δήμου Ξυλοκάστρου - Ευρωστίνης,420,288,1,1,2,286,135,69,22,6,57,41,3,55,12,9,9,14,4,39,34,8,12,4,7,3,14,21,4,1,7,1,4,2,9,3,4,2,0,0,0,7,0,3,3,0,0,0,0,0,0,0,0,0,0,1,0,0,0,0,0,2,2,0,1,0,7,3,3,1,1,0,0,0,0,0,0,0,0,0,0,0,0,0,0,0,0,0,0,0,0,0,0,2,0,0,0,0,0,0,0,0,3,0,0,2,2,1,1,1,1,1,0,0,6,4
43 - Κορινθίας,238 E.T. Δήμου Ξυλοκάστρου - Ευρωστίνης,298,166,4,0,4,162,94,40,29,8,17,45,2,29,9,2,3,5,2,17,13,3,3,1,2,5,1,3,0,0,0,1,1,1,12,2,4,4,2,0,1,1,0,0,0,1,0,0,0,0,0,0,0,0,0,0,0,0,0,0,0,0,0,0,0,0,4,2,2,1,1,0,0,0,0,0,0,0,0,0,0,0,0,0,0,0,1,0,0,1,1,1,1,0,0,0,0,0,0,0,1,0,1,0,0,0,0,0,0,0,0,0,0,0,2,2
43 - Κορινθίας,239 E.T. Δήμου Ξυλοκάστρου - Ευρωστίνης,139,80,1,0,1,79,38,18,17,5,12,11,0,16,6,2,1,1,2,8,10,0,5,1,8,2,0,0,0,0,0,0,0,0,7,1,3,3,1,0,0,2,0,1,1,1,0,0,1,1,1,1,0,0,0,0,0,0,0,0,0,0,0,0,0,0,1,1,0,1,0,0,0,0,0,0,0,0,0,0,0,0,0,0,0,0,0,0,0,0,0,0,0,0,0,0,0,0,0,0,0,0,0,0,0,0,0,1,0,0,0,0,0,0,2,1
43 - Κορινθίας,240 E.T. Δήμου Ξυλοκάστρου - Ευρωστίνης,74,42,0,0,0,42,12,2,1,0,9,4,0,17,8,0,3,1,1,15,11,1,7,2,9,0,2,0,0,0,0,0,0,0,0,0,0,0,0,0,0,0,0,0,0,0,0,0,1,1,0,0,0,0,0,0,0,0,0,0,0,0,0,0,0,0,1,1,0,1,0,0,0,0,0,0,0,0,0,0,0,0,0,0,0,0,0,0,0,0,0,0,0,0,0,0,0,0,0,0,0,0,0,0,0,0,0,0,0,0,0,0,0,0,0,0
43 - Κορινθίας,241 E.T. Δήμου Ξυλοκάστρου - Ευρωστίνης,472,165,2,0,2,163,53,30,24,4,9,19,1,26,14,1,4,2,3,14,47,9,25,8,19,16,5,6,3,1,3,3,1,0,8,3,2,3,1,0,0,3,1,0,0,2,0,0,0,0,0,0,0,4,0,5,1,3,2,0,0,1,0,0,0,0,1,0,1,0,1,0,0,2,0,2,0,0,0,0,1,0,1,0,1,0,1,0,0,0,0,0,0,1,1,0,1,0,0,0,0,0,1,1,1,1,0,0,0,0,0,0,0,0,2,0
43 - Κορινθίας,242 E.T. Δήμου Ξυλοκάστρου - Ευρωστίνης,459,167,6,0,6,161,75,45,34,8,22,15,5,18,10,5,1,5,0,6,44,9,10,15,21,11,13,1,0,0,1,0,0,0,7,1,2,3,3,0,0,2,1,1,1,1,0,0,0,0,1,0,0,1,0,0,0,0,0,0,0,0,0,0,0,0,6,1,2,1,2,0,0,1,1,0,0,0,0,0,0,0,0,0,0,0,0,0,0,0,0,0,0,0,0,0,0,0,0,0,1,0,0,0,0,0,0,0,0,0,0,0,0,0,4,3
43 - Κορινθίας,243 E.T. Δήμου Ξυλοκάστρου - Ευρωστίνης,476,291,3,1,4,287,143,84,17,15,32,62,10,61,14,20,13,11,15,19,20,4,1,4,4,6,6,12,3,0,2,5,3,1,14,2,7,3,0,1,2,9,0,3,3,1,1,0,1,0,0,0,0,0,0,1,1,0,1,4,2,6,0,0,0,0,5,1,1,0,2,0,0,0,0,0,0,0,0,0,0,0,0,0,0,0,1,1,0,1,0,0,0,1,1,0,0,0,1,0,0,0,1,0,0,0,0,2,1,0,0,0,0,0,6,4
43 - Κορινθίας,244 E.T. Δήμου Ξυλοκάστρου - Ευρωστίνης,484,317,4,1,5,312,152,61,24,15,32,81,15,62,12,14,15,14,10,26,28,3,1,10,7,12,3,14,1,1,0,3,3,0,9,2,4,2,1,1,1,15,3,5,4,2,0,0,4,3,0,0,0,0,0,1,0,1,1,2,0,3,3,0,0,0,4,2,1,2,0,0,0,1,1,0,0,0,0,0,0,0,0,0,0,0,1,0,1,0,0,0,0,3,0,0,0,0,0,0,0,0,1,1,1,2,2,4,3,2,0,0,1,1,5,5
43 - Κορινθίας,245 E.T. Δήμου Ξυλοκάστρου - Ευρωστίνης,117,72,0,1,1,71,28,14,8,1,10,9,4,11,4,1,1,5,0,9,11,3,2,0,4,3,4,0,0,0,0,0,0,0,6,2,0,1,1,2,1,2,1,0,0,0,0,2,4,4,0,0,0,0,0,0,0,0,0,0,0,3,2,0,1,0,1,0,1,0,1,0,0,0,0,0,0,0,0,0,2,1,1,0,0,1,0,0,0,0,0,0,0,0,0,0,0,0,0,0,0,0,0,0,0,0,0,1,0,0,0,0,0,0,2,1
43 - Κορινθίας,246 E.T. Δήμου Ξυλοκάστρου - Ευρωστίνης,85,56,0,0,0,56,28,14,10,5,10,10,4,11,1,1,3,5,0,5,11,4,2,5,4,0,1,0,0,0,0,0,0,0,3,0,0,3,2,0,0,0,0,0,0,0,0,0,3,3,0,0,0,0,0,0,0,0,0,0,0,0,0,0,0,0,0,0,0,0,0,0,0,0,0,0,0,0,0,0,0,0,0,0,0,0,0,0,0,0,0,0,0,0,0,0,0,0,0,0,0,0,0,0,0,0,0,0,0,0,0,0,0,0,0,0
43 - Κορινθίας,247 E.T. Δήμου Ξυλοκάστρου - Ευρωστίνης,204,120,2,0,2,118,30,18,10,3,10,6,0,23,5,1,1,1,3,20,24,1,3,8,9,2,5,4,0,0,0,2,2,0,12,1,2,0,1,1,0,3,0,2,0,2,0,0,1,0,1,0,0,0,0,2,0,1,0,0,0,0,0,0,0,0,6,0,1,1,1,0,0,0,0,0,0,0,0,0,0,0,0,0,0,0,0,0,0,0,0,0,0,1,1,0,1,0,0,0,1,1,0,0,0,2,2,1,1,1,0,0,1,1,6,3
43 - Κορινθίας,248 E.T. Δήμου Ξυλοκάστρου - Ευρωστίνης,480,222,8,0,8,214,76,32,6,4,35,55,2,36,13,4,9,3,2,22,53,8,6,12,19,18,12,8,0,2,0,5,5,0,3,0,2,1,1,0,0,4,2,0,1,1,0,0,3,2,0,0,0,0,0,2,0,0,0,1,1,1,0,0,0,0,11,2,0,4,4,0,0,0,0,0,0,0,1,0,2,1,0,0,0,0,1,0,0,0,0,1,0,2,1,0,0,0,1,0,0,0,0,0,0,2,0,1,0,0,2,1,1,0,3,3
43 - Κορινθίας,249 E.T. Δήμου Ξυλοκάστρου - Ευρωστίνης,117,83,1,0,1,82,23,10,4,3,11,5,1,34,16,2,0,8,0,26,13,2,3,0,3,3,7,1,0,0,1,0,1,0,4,1,3,1,0,0,0,0,0,0,0,0,0,0,4,0,0,0,0,0,0,0,0,0,0,0,0,0,0,0,0,0,0,0,0,0,0,0,0,0,0,0,0,0,1,0,0,0,0,0,0,0,0,0,0,0,0,0,0,0,0,0,0,0,0,0,0,0,2,0,0,0,0,0,0,0,0,0,0,0,0,0
43 - Κορινθίας,250 E.T. Δήμου Ξυλοκάστρου - Ευρωστίνης,280,192,4,3,7,185,78,47,7,4,18,27,3,40,8,2,8,5,2,30,28,5,4,5,7,9,11,8,1,0,1,3,2,1,14,0,1,7,5,0,0,1,0,1,0,0,0,0,1,1,3,0,3,0,0,1,0,1,0,0,0,1,1,0,0,0,0,0,0,0,0,1,0,0,0,0,0,0,0,0,0,0,0,0,0,0,1,0,0,0,1,1,0,4,2,2,0,0,0,0,0,0,1,0,0,1,1,1,0,0,0,0,0,0,0,0
43 - Κορινθίας,251 E.T. Δήμου Ξυλοκάστρου - Ευρωστίνης,289,192,1,1,2,190,103,59,10,4,29,48,0,31,6,2,6,5,1,23,24,5,3,2,3,7,16,5,0,0,1,1,1,2,6,0,0,2,0,0,0,5,0,0,0,0,0,0,0,0,4,0,3,0,0,0,0,0,0,0,0,1,1,0,0,0,4,1,1,2,0,0,0,2,2,2,0,0,0,0,0,0,0,0,0,0,0,0,0,0,0,0,0,0,0,0,0,0,0,0,0,0,0,0,0,0,0,0,0,0,1,0,1,0,3,3
43 - Κορινθίας,252 E.T. Δήμου Ξυλοκάστρου - Ευρωστίνης,191,119,0,1,1,118,44,30,22,9,11,5,2,31,9,7,7,1,5,24,14,2,4,2,6,6,5,3,1,0,0,0,1,0,5,0,3,0,1,0,1,0,0,0,0,0,0,0,0,0,0,0,0,0,0,6,0,6,0,0,0,1,1,0,0,0,1,0,0,1,1,0,0,1,0,1,0,0,1,1,0,0,0,0,0,0,6,0,2,2,6,0,0,0,0,0,0,0,0,0,1,1,0,0,0,2,1,0,0,0,0,0,0,0,2,1
43 - Κορινθίας,253 E.T. Δήμου Ξυλοκάστρου - Ευρωστίνης,420,285,1,1,2,283,72,28,19,9,22,28,2,87,15,12,18,12,6,70,74,42,27,13,5,24,7,7,3,2,1,0,3,1,12,1,1,4,3,2,0,12,1,1,6,2,3,3,4,3,0,0,0,0,0,3,0,2,2,0,0,0,0,0,0,0,1,1,1,0,0,0,0,2,1,1,0,0,0,0,1,0,0,0,0,0,3,0,0,0,0,0,0,0,0,0,0,0,0,0,0,0,0,0,0,1,1,1,1,1,0,0,0,0,3,2
43 - Κορινθίας,254 E.T. Δήμου Ξυλοκάστρου - Ευρωστίνης,57,43,0,0,0,43,16,10,3,1,4,7,1,17,9,0,0,0,0,17,4,0,1,0,2,0,0,2,0,0,1,0,0,0,1,0,0,0,0,0,0,0,0,0,0,0,0,0,0,0,0,0,0,0,0,1,0,0,0,0,0,0,0,0,0,0,0,0,0,0,0,0,0,0,0,0,0,0,0,0,0,0,0,0,0,0,1,0,1,0,1,1,0,0,0,0,0,0,0,0,0,0,0,0,0,0,0,0,0,0,0,0,0,0,0,0
43 - Κορινθίας,255 E.T. Δήμου Ξυλοκάστρου - Ευρωστίνης,245,98,1,2,3,95,34,19,9,6,12,7,0,38,10,10,4,2,5,29,15,6,5,0,3,4,8,1,0,0,0,0,0,0,1,0,1,0,0,0,1,1,1,0,0,0,0,0,1,1,0,0,0,0,0,1,0,1,1,1,1,0,0,0,0,0,0,0,0,0,0,0,0,0,0,0,0,0,0,0,1,1,0,0,0,1,0,0,0,0,0,0,0,0,0,0,0,0,0,0,0,0,0,0,0,0,0,0,0,0,0,0,0,0,1,1
43 - Κορινθίας,256 E.T. Δήμου Ξυλοκάστρου - Ευρωστίνης,497,331,3,0,3,328,111,54,19,25,43,22,11,92,38,11,17,21,2,55,37,13,10,6,11,6,6,24,2,2,6,7,13,2,8,3,3,4,2,0,1,10,0,1,1,0,0,0,0,0,1,0,0,0,0,6,1,1,1,1,1,3,3,0,0,0,10,2,6,4,5,1,0,1,0,0,0,0,0,0,1,0,0,0,0,0,0,0,0,0,0,1,0,3,1,1,0,0,0,0,0,0,0,0,0,1,1,6,3,3,2,1,0,0,9,6
43 - Κορινθίας,257 E.T. Δήμου Σικυωνίων,546,346,6,1,7,339,144,108,22,16,35,42,4,57,20,20,8,7,6,25,53,10,19,6,16,11,12,12,0,0,3,2,7,0,16,5,7,2,3,4,2,11,3,7,0,1,0,0,1,0,0,0,0,0,0,0,0,0,0,3,1,1,1,0,0,1,13,3,4,4,6,2,1,0,0,0,0,0,2,0,2,1,0,1,0,1,1,1,0,1,0,0,0,0,0,0,0,0,0,0,0,0,3,2,0,1,1,4,1,2,1,1,2,1,10,6
43 - Κορινθίας,258 E.T. Δήμου Σικυωνίων,549,358,11,4,15,343,155,106,42,14,47,36,9,60,21,20,7,9,4,30,45,11,8,4,14,19,10,21,1,0,6,3,15,2,18,6,14,5,2,1,3,7,4,2,0,3,2,2,0,0,0,0,0,0,0,1,1,0,0,5,4,3,2,1,0,0,12,2,6,3,8,0,0,0,0,0,0,0,0,0,1,1,0,0,1,0,1,0,0,0,1,0,0,2,2,0,0,0,0,0,2,0,2,2,1,0,0,1,1,0,0,0,0,0,7,4
43 - Κορινθίας,259 E.T. Δήμου Σικυωνίων,536,340,3,2,5,335,144,96,21,24,31,52,9,65,24,17,19,9,10,23,48,4,12,2,21,17,12,9,1,1,1,2,7,2,16,6,10,4,2,0,1,14,1,2,2,2,2,1,4,4,0,0,0,0,0,1,0,0,0,0,0,3,3,1,0,0,10,3,1,5,4,2,2,0,0,0,0,0,0,0,6,5,0,0,0,5,1,1,1,0,0,0,0,0,0,0,0,0,0,0,1,0,1,0,0,2,1,2,1,1,0,0,1,1,5,3
43 - Κορινθίας,260 E.T. Δήμου Σικυωνίων,537,343,2,1,3,340,135,74,30,26,31,32,12,69,27,19,15,13,6,29,54,32,9,13,14,17,6,17,1,3,3,4,7,1,17,5,10,5,3,4,2,7,2,5,1,3,1,1,4,2,0,0,0,0,0,3,1,1,3,2,0,2,1,0,0,1,6,2,3,1,4,1,1,0,0,0,0,0,0,0,2,1,1,1,1,0,2,1,0,1,0,1,0,1,0,1,0,0,0,1,0,0,0,0,0,1,1,5,4,4,0,0,0,0,11,9
43 - Κορινθίας,261 E.T. Δήμου Σικυωνίων,545,348,7,2,9,339,144,83,30,11,50,49,4,53,20,17,13,7,4,19,37,5,9,4,7,9,15,20,0,1,6,5,14,2,23,7,11,5,5,2,0,17,2,7,3,7,0,1,3,3,0,0,0,0,0,1,0,1,1,2,2,4,0,2,2,0,2,1,0,1,1,0,0,1,1,0,0,0,0,0,0,0,0,0,0,0,2,1,1,0,0,0,0,4,1,0,0,0,3,2,0,0,1,0,0,5,4,3,2,0,4,2,3,2,10,5
43 - Κορινθίας,262 E.T. Δήμου Σικυωνίων,543,342,5,2,7,335,138,84,27,14,39,36,13,58,13,16,8,8,8,20,40,7,11,6,7,8,9,17,0,0,3,3,11,2,17,3,9,4,2,2,0,7,2,3,0,0,1,0,1,1,0,0,0,0,0,0,0,0,0,3,1,4,2,1,2,0,24,5,9,6,18,0,0,0,0,0,0,0,1,0,6,5,0,2,4,0,1,0,1,1,0,0,0,2,1,1,0,0,0,0,0,0,0,0,0,3,0,4,2,0,1,1,0,0,8,6
43 - Κορινθίας,263 E.T. Δήμου Σικυωνίων,537,302,8,0,8,294,104,69,23,9,22,38,3,62,28,6,11,14,5,22,40,3,8,9,10,15,7,17,3,3,6,1,10,6,22,2,10,4,3,3,2,5,2,3,2,0,2,1,2,2,1,0,0,0,0,1,0,0,0,5,4,1,0,0,0,0,5,1,2,3,3,0,0,2,1,0,0,0,0,0,2,2,0,0,2,0,1,1,0,0,1,2,2,1,1,0,0,0,0,0,0,0,0,0,0,4,2,1,0,0,0,0,0,0,16,12
43 - Κορινθίας,264 E.T. Δήμου Σικυωνίων,541,360,4,1,5,355,144,101,35,16,33,44,9,88,26,31,15,18,14,42,41,6,10,8,12,12,16,17,2,3,4,2,13,1,12,2,8,2,2,0,0,14,1,2,1,3,3,0,1,1,0,0,0,0,0,0,0,0,0,2,2,4,4,3,0,0,3,1,1,0,1,1,1,1,1,1,0,0,0,0,2,1,0,0,2,1,0,0,0,0,0,0,0,2,1,0,0,0,1,0,0,0,0,0,0,1,0,7,2,4,0,0,2,1,13,7
43 - Κορινθίας,265 E.T. Δήμου Σικυωνίων,548,344,12,3,15,329,137,90,22,19,37,52,2,69,21,24,10,17,7,19,42,15,15,6,9,12,7,20,2,1,8,0,10,1,16,6,10,6,3,1,0,10,3,3,1,3,1,1,0,0,0,0,0,0,0,2,0,1,1,1,1,1,1,1,0,0,9,2,3,1,4,2,2,0,0,0,0,0,0,0,4,2,1,0,3,1,2,0,0,0,0,1,0,4,2,0,1,1,0,1,1,0,0,0,0,0,0,1,1,1,0,0,0,0,7,4
43 - Κορινθίας,266 E.T. Δήμου Σικυωνίων,541,330,12,0,12,318,127,84,20,19,23,42,4,82,37,23,15,7,15,31,32,6,7,4,16,8,12,13,2,2,4,3,12,2,20,4,10,3,2,2,2,5,4,4,0,1,0,1,3,3,1,1,1,0,0,1,1,1,0,4,1,2,2,1,0,0,9,2,4,4,4,1,1,0,0,0,0,0,0,0,1,0,1,0,1,0,0,0,0,0,0,0,0,7,3,3,2,1,0,1,0,0,2,2,1,0,0,3,2,2,2,0,0,0,3,2
43 - Κορινθίας,267 E.T. Δήμου Σικυωνίων,547,345,6,1,7,338,129,75,20,25,32,37,13,60,21,13,10,7,5,25,33,13,18,3,7,5,9,23,3,2,2,4,10,1,14,6,8,4,2,0,0,10,3,4,0,2,2,0,1,1,2,2,2,1,1,1,1,0,1,2,2,8,1,4,0,3,15,7,4,4,7,2,1,2,2,1,0,0,0,0,0,0,0,0,0,0,2,1,2,0,0,0,0,5,2,1,3,0,0,2,0,0,2,1,1,1,1,7,5,5,2,1,0,0,16,11
43 - Κορινθίας,268 E.T. Δήμου Σικυωνίων,546,367,11,1,12,355,150,97,29,11,29,50,5,69,22,23,10,8,6,29,46,9,4,6,20,15,9,14,1,1,2,7,12,1,18,3,9,0,1,1,1,9,4,5,0,3,1,0,3,0,1,1,1,1,1,1,1,0,1,5,2,1,1,0,1,0,13,2,1,9,6,0,0,0,0,0,0,0,0,0,2,0,1,1,1,0,1,1,0,0,0,1,0,1,1,0,0,0,0,0,0,0,1,1,1,0,0,1,1,1,0,0,0,0,17,10
43 - Κορινθίας,269 E.T. Δήμου Σικυωνίων,543,349,10,2,12,337,131,70,29,18,30,37,11,75,23,21,5,13,3,34,32,8,9,4,9,7,5,21,4,3,4,2,7,3,21,3,7,8,7,3,3,6,1,2,0,1,1,0,1,1,2,0,0,0,0,2,1,0,0,2,1,1,1,0,0,0,8,1,4,5,3,2,1,1,1,1,0,0,0,0,4,3,0,0,3,2,1,0,0,0,0,1,0,4,1,2,0,0,0,0,0,0,3,0,1,1,1,3,2,1,1,1,0,0,14,12
43 - Κορινθίας,270 E.T. Δήμου Σικυωνίων,561,379,10,3,13,366,147,81,32,19,30,46,6,80,31,21,17,14,10,25,41,5,11,4,15,14,4,20,1,2,6,6,17,2,20,4,9,2,2,5,6,10,1,4,0,4,1,1,2,1,0,0,0,0,0,1,0,0,0,2,2,0,0,0,0,0,17,6,3,6,6,0,0,0,0,0,0,0,0,0,2,1,0,0,2,0,1,1,0,1,0,1,1,4,2,0,1,2,1,0,0,0,2,1,1,1,1,4,2,1,0,0,1,0,10,7
43 - Κορινθίας,271 E.T. Δήμου Σικυωνίων,547,341,10,5,15,326,145,76,30,19,33,44,15,66,16,18,10,10,7,29,43,12,10,6,9,17,11,14,4,0,3,1,10,2,12,2,2,3,3,1,1,2,1,1,1,0,1,0,0,0,2,1,0,0,0,2,2,1,0,2,1,5,3,2,0,0,11,1,1,3,5,0,0,0,0,0,0,0,0,0,0,0,0,0,0,0,0,0,0,0,0,0,0,4,1,2,0,0,0,1,0,0,0,0,0,1,1,4,0,1,1,1,1,1,11,7
43 - Κορινθίας,272 E.T. Δήμου Σικυωνίων,542,361,9,4,13,348,147,73,32,22,42,39,9,73,17,26,17,12,4,29,27,4,11,5,4,8,14,16,2,0,5,3,5,0,23,9,10,9,1,3,2,10,3,3,3,1,3,1,4,2,1,0,0,0,0,2,0,1,2,1,1,4,2,2,0,0,13,6,3,4,6,0,0,0,0,0,0,0,0,0,0,0,0,0,0,0,1,0,0,0,0,1,0,5,4,1,0,1,2,1,0,0,0,0,0,1,1,8,3,6,3,0,0,0,8,4
43 - Κορινθίας,273 E.T. Δήμου Σικυωνίων,499,334,3,1,4,330,122,81,20,11,31,40,4,76,21,21,17,7,7,34,32,5,6,5,7,12,6,12,2,0,3,4,9,1,19,5,13,6,5,1,0,14,5,6,2,2,1,3,1,1,1,1,1,0,0,2,1,1,0,1,1,5,3,2,1,0,8,2,2,4,4,0,0,0,0,0,0,0,0,0,4,2,1,0,2,3,3,2,1,1,2,1,0,7,1,2,0,1,1,0,2,2,2,2,0,2,1,2,1,0,0,0,0,0,14,10
43 - Κορινθίας,274 E.T. Δήμου Σικυωνίων,175,111,2,0,2,109,52,36,14,1,8,14,7,17,10,1,3,0,1,8,16,1,1,3,3,13,3,4,1,0,0,2,3,1,7,1,2,4,3,0,0,6,2,4,2,2,0,0,1,1,0,0,0,0,0,0,0,0,0,1,1,0,0,0,0,0,3,0,0,0,2,0,0,0,0,0,0,0,0,0,1,0,0,0,0,0,0,0,0,0,0,0,0,0,0,0,0,0,0,0,0,0,0,0,0,0,0,0,0,0,0,0,0,0,1,1
43 - Κορινθίας,275 E.T. Δήμου Σικυωνίων,286,110,3,0,3,107,40,12,31,0,12,17,1,18,4,2,10,6,3,1,14,4,9,2,1,1,5,2,1,1,0,0,2,0,19,1,19,1,0,0,0,0,0,0,0,0,0,0,4,4,0,0,0,0,0,0,0,0,0,1,0,0,0,0,0,0,4,0,0,1,0,0,0,0,0,0,0,0,1,0,0,0,0,0,0,0,0,0,0,0,0,0,0,0,0,0,0,0,0,0,0,0,1,1,1,0,0,1,1,0,1,1,0,0,1,1
43 - Κορινθίας,276 E.T. Δήμου Σικυωνίων,290,193,5,0,5,188,98,53,43,17,27,22,1,26,5,8,6,1,6,16,16,4,7,4,5,5,4,11,1,0,4,2,8,1,10,2,2,1,2,5,1,6,2,3,0,1,0,0,2,1,1,0,0,1,0,0,0,0,0,0,0,0,0,0,0,0,3,0,0,0,3,1,1,0,0,0,0,0,0,0,0,0,0,0,0,0,1,0,0,0,0,0,0,2,1,1,0,1,0,0,0,0,0,0,0,4,2,1,0,0,0,0,0,0,5,3
43 - Κορινθίας,277 E.T. Δήμου Σικυωνίων,300,177,2,4,6,171,75,33,28,6,26,23,2,39,9,10,8,8,2,24,18,1,8,5,2,6,5,8,1,0,1,1,1,0,10,2,2,2,2,3,1,5,0,1,1,1,0,0,0,0,0,0,0,0,0,2,1,1,1,0,0,0,0,0,0,0,6,2,2,2,2,0,0,0,0,0,0,0,0,0,0,0,0,0,0,0,1,0,1,0,0,0,0,1,1,0,1,0,0,0,1,0,0,0,0,1,0,1,1,0,0,0,0,0,3,1
43 - Κορινθίας,278 E.T. Δήμου Σικυωνίων,422,278,12,4,16,262,110,58,20,22,47,42,3,70,27,24,16,11,2,30,29,5,8,4,6,8,11,6,1,0,4,0,3,0,8,2,5,3,0,1,1,9,2,2,1,0,0,0,1,1,0,0,0,0,0,1,0,1,1,0,0,1,0,1,0,1,7,4,2,1,3,0,0,0,0,0,0,0,1,0,1,0,1,0,0,1,0,0,0,0,0,0,0,0,0,0,0,0,0,0,0,0,0,0,0,1,0,1,0,0,1,1,0,0,15,9
43 - Κορινθίας,279 E.T. Δήμου Σικυωνίων,425,273,9,0,9,264,119,69,35,13,32,30,10,64,30,15,3,18,3,17,25,6,10,5,5,4,7,11,0,1,2,3,6,1,8,2,3,1,1,0,1,10,1,0,1,0,0,1,7,5,0,0,0,0,0,1,0,1,0,2,1,2,2,1,0,0,3,0,1,2,1,0,0,0,0,0,0,0,0,0,4,3,0,0,3,0,0,0,0,0,0,0,0,1,0,0,0,0,0,0,0,0,0,0,0,2,1,1,1,1,0,0,0,0,4,3
43 - Κορινθίας,280 E.T. Δήμου Σικυωνίων,260,146,2,1,3,143,64,43,26,5,15,18,8,33,11,14,2,5,7,14,22,2,4,2,6,10,8,1,0,0,1,0,1,0,2,0,1,0,0,0,0,2,1,2,0,0,0,1,0,0,0,0,0,0,0,0,0,0,0,0,0,2,0,2,1,0,6,4,2,4,2,0,0,0,0,0,0,0,0,0,1,0,1,0,1,0,2,1,1,1,1,0,0,0,0,0,0,0,0,0,0,0,0,0,0,0,0,2,2,2,2,2,0,0,4,3
43 - Κορινθίας,281 E.T. Δήμου Σικυωνίων,438,292,3,0,3,289,106,70,32,5,18,10,11,43,17,10,6,7,4,19,71,7,2,60,16,9,6,4,1,0,0,1,2,0,24,5,14,4,2,2,0,4,1,1,0,1,1,0,1,0,0,0,0,0,0,0,0,0,0,0,0,0,0,0,0,0,13,4,7,4,2,0,0,1,1,0,1,0,0,0,0,0,0,0,0,0,1,1,0,0,1,1,0,4,2,1,2,0,0,1,0,0,2,0,0,1,1,1,0,0,0,0,1,1,10,6
43 - Κορινθίας,282 E.T. Δήμου Σικυωνίων,445,314,10,3,13,301,127,86,57,4,12,20,17,23,13,5,3,3,2,10,83,9,1,67,32,5,7,12,1,0,3,0,1,0,16,2,7,0,1,4,0,5,2,1,0,0,0,1,4,1,0,0,0,0,0,0,0,0,0,0,0,3,0,0,0,0,8,2,3,3,2,0,0,0,0,0,0,0,0,0,0,0,0,0,0,0,1,0,0,0,0,0,0,1,0,0,1,0,1,0,2,2,1,1,0,0,0,4,1,1,2,0,1,1,8,3
43 - Κορινθίας,283 E.T. Δήμου Σικυωνίων,396,265,8,0,8,257,132,58,87,7,19,21,3,38,12,11,9,3,3,14,23,3,6,3,5,4,11,5,0,0,2,1,3,0,17,4,8,3,1,2,1,8,0,0,1,1,1,0,2,2,0,0,0,0,0,1,0,0,0,0,0,2,1,1,0,0,8,1,4,2,4,1,1,2,2,0,0,0,0,0,1,1,0,0,0,0,1,0,0,0,0,0,0,2,1,1,0,0,0,1,0,0,1,0,0,0,0,5,2,1,2,0,0,0,6,3
43 - Κορινθίας,284 E.T. Δήμου Σικυωνίων,488,314,3,0,3,311,119,61,24,9,41,49,9,33,15,8,7,8,3,10,65,12,33,1,25,15,15,15,0,0,1,8,9,0,16,1,5,5,3,1,0,10,2,2,1,4,0,2,4,2,1,0,0,0,0,2,1,1,0,1,1,1,0,1,0,0,7,1,1,1,2,0,0,16,15,0,0,0,0,0,1,1,0,0,1,0,1,0,0,0,0,1,0,4,1,2,1,1,0,1,0,0,1,1,1,1,1,1,0,0,3,3,1,1,7,4
43 - Κορινθίας,285 E.T. Δήμου Σικυωνίων,263,122,3,1,4,118,50,25,13,6,14,16,1,26,11,2,3,3,2,14,25,1,6,4,6,10,4,2,0,0,0,0,1,0,0,0,0,0,0,0,0,2,0,1,0,1,0,0,1,1,0,0,0,0,0,1,0,0,0,1,1,0,0,0,0,0,6,2,1,1,4,0,0,0,0,0,0,0,0,0,2,2,1,1,0,0,0,0,0,0,0,0,0,1,0,0,0,0,0,0,0,0,0,0,0,0,0,1,1,1,0,0,0,0,0,0
43 - Κορινθίας,286 E.T. Δήμου Σικυωνίων,538,342,11,4,15,327,141,103,33,15,36,37,8,50,22,18,5,7,3,15,41,12,7,7,11,8,11,15,2,1,4,1,7,4,23,5,10,6,1,4,3,6,0,1,2,1,3,1,5,5,0,0,0,0,0,0,0,0,0,3,2,2,0,0,0,0,7,1,1,2,3,1,0,0,0,0,0,0,0,0,2,0,1,0,1,2,6,0,1,1,0,0,0,5,2,1,1,0,1,1,0,0,1,0,0,0,0,8,5,1,0,0,0,0,11,7
43 - Κορινθίας,287 E.T. Δήμου Σικυωνίων,525,352,7,4,11,341,119,82,27,9,21,43,0,63,18,19,11,6,7,18,55,13,15,9,20,10,10,16,1,0,4,5,7,3,21,5,10,3,0,1,3,15,3,3,2,3,2,1,6,3,0,0,0,0,0,0,0,0,0,3,1,3,1,0,1,0,8,4,1,4,2,0,0,0,0,0,1,0,0,0,2,2,0,0,1,0,1,0,0,1,0,0,0,6,4,1,2,0,0,1,1,1,1,1,0,0,0,6,2,0,2,2,1,0,11,7
43 - Κορινθίας,288 E.T. Δήμου Σικυωνίων,350,169,0,2,2,167,57,40,26,3,7,8,1,34,10,11,6,5,1,21,40,5,25,2,8,13,13,7,0,0,2,1,3,0,14,5,4,7,7,2,1,5,1,0,0,0,0,0,1,1,0,0,0,0,0,0,0,0,0,0,0,0,0,0,0,0,0,0,0,0,0,0,0,0,0,0,0,0,0,0,0,0,0,0,0,0,0,0,0,0,0,0,0,1,1,0,0,0,0,1,0,0,0,0,0,0,0,2,2,1,1,0,0,0,5,3
43 - Κορινθίας,289 E.T. Δήμου Σικυωνίων,112,55,0,0,0,55,28,18,9,0,3,8,5,8,5,4,0,1,0,3,8,0,1,7,0,1,4,1,0,0,0,0,0,0,8,2,4,2,0,1,0,2,0,1,1,0,0,0,0,0,0,0,0,0,0,0,0,0,0,0,0,0,0,0,0,0,0,0,0,0,0,0,0,0,0,0,0,0,0,0,0,0,0,0,0,0,0,0,0,0,0,0,0,0,0,0,0,0,0,0,0,0,0,0,0,0,0,0,0,0,0,0,0,0,0,0
43 - Κορινθίας,290 E.T. Δήμου Σικυωνίων,481,341,3,4,7,334,133,90,43,19,23,38,3,68,25,7,28,6,4,26,37,9,3,7,9,12,6,18,3,4,3,1,8,2,15,1,10,6,1,2,0,16,3,3,1,2,3,0,3,2,0,0,0,4,0,0,0,0,0,4,2,1,1,1,0,0,4,0,0,3,2,0,0,10,10,0,0,0,0,0,5,1,1,1,0,1,1,0,1,0,1,0,0,4,2,0,1,2,0,1,0,0,1,0,0,1,0,1,1,0,1,0,0,0,7,4
43 - Κορινθίας,291 E.T. Δήμου Σικυωνίων,495,315,17,3,20,295,121,84,36,12,17,31,7,64,13,19,16,18,10,27,39,8,9,4,10,18,11,17,1,1,2,5,8,0,8,3,6,1,0,0,1,3,2,2,0,1,1,0,2,2,0,0,0,0,0,1,1,0,1,3,1,4,2,3,1,0,13,6,5,6,5,1,1,0,0,0,0,0,0,0,2,2,0,0,1,0,0,0,0,0,0,1,0,0,0,0,0,0,0,0,1,0,1,0,0,1,1,2,2,2,1,1,0,0,10,6
43 - Κορινθίας,292 E.T. Δήμου Σικυωνίων,456,264,5,2,7,257,108,78,23,13,20,22,2,52,19,16,17,6,5,15,33,11,12,4,9,8,6,9,1,2,4,2,5,2,20,7,9,8,2,1,0,6,2,4,1,3,0,0,2,0,0,0,0,1,0,1,1,0,0,3,1,1,0,0,0,0,4,3,0,1,1,0,0,0,0,0,0,0,0,0,1,0,0,0,0,0,0,0,0,0,0,0,0,1,0,0,0,0,0,0,0,0,0,0,0,2,2,4,1,1,0,0,0,0,9,7
43 - Κορινθίας,293 E.T. Δήμου Σικυωνίων,470,274,1,0,1,273,116,84,18,17,23,18,8,54,24,14,5,8,5,22,34,8,9,3,7,10,4,19,4,2,2,6,11,1,18,3,9,4,3,1,1,5,3,1,0,1,1,0,1,1,0,0,0,0,0,2,0,1,1,1,0,0,0,0,0,0,6,1,1,2,2,0,0,0,0,0,0,0,0,0,3,2,0,0,3,1,1,1,1,0,0,0,0,3,2,0,1,2,1,0,0,0,0,0,0,2,1,2,1,1,1,1,0,0,5,5
43 - Κορινθίας,294 E.T. Δήμου Σικυωνίων,485,293,1,3,4,289,159,89,25,19,28,85,5,52,12,18,9,4,2,27,28,3,6,11,8,5,10,6,1,0,0,1,2,1,6,1,1,0,2,1,0,3,0,1,0,1,2,0,1,1,1,0,0,0,0,0,0,0,0,0,0,5,1,3,1,1,7,3,0,2,1,0,0,1,1,1,0,0,0,0,2,2,0,0,2,0,0,0,0,0,0,0,0,0,0,0,0,0,0,0,0,0,3,2,0,0,0,6,4,3,1,1,1,0,7,5
43 - Κορινθίας,295 E.T. Δήμου Σικυωνίων,227,112,3,0,3,109,52,21,16,9,10,12,14,25,2,3,10,3,4,18,21,3,10,3,7,2,6,2,0,0,0,0,1,0,5,0,1,4,4,0,1,1,0,0,0,0,0,0,0,0,0,0,0,0,0,0,0,0,0,0,0,0,0,0,0,0,2,1,0,0,1,0,0,0,0,0,0,0,0,0,0,0,0,0,0,0,0,0,0,0,0,0,0,0,0,0,0,0,0,0,0,0,0,0,0,1,0,0,0,0,0,0,0,0,0,0
43 - Κορινθίας,296 E.T. Δήμου Σικυωνίων,376,181,8,0,8,173,75,58,13,12,21,13,2,42,5,9,5,15,6,19,33,5,19,2,14,1,2,4,0,0,0,3,2,1,11,1,4,0,2,0,0,0,0,0,0,0,0,0,0,0,0,0,0,1,0,0,0,0,0,0,0,1,0,1,0,0,1,1,0,1,0,0,0,0,0,0,0,0,0,0,0,0,0,0,0,0,0,0,0,0,0,0,0,0,0,0,0,0,0,0,0,0,1,1,1,2,2,1,1,1,0,0,0,0,1,1
43 - Κορινθίας,297 E.T. Δήμου Σικυωνίων,191,115,2,0,2,113,65,36,13,17,25,11,2,12,6,5,3,2,2,2,13,0,9,0,1,4,2,5,0,0,3,2,1,0,6,1,2,2,3,1,1,1,0,1,0,1,0,0,0,0,0,0,0,0,0,0,0,0,0,0,0,2,1,0,0,1,0,0,0,0,0,0,0,0,0,0,0,0,0,0,0,0,0,0,0,0,0,0,0,0,0,0,0,1,1,0,0,1,0,0,0,0,0,0,0,0,0,2,2,2,1,0,0,0,5,3
43 - Κορινθίας,298 E.T. Δήμου Σικυωνίων,462,283,4,4,8,275,124,56,40,11,53,29,12,23,5,4,3,1,1,14,73,15,37,5,32,11,11,7,0,0,2,0,0,1,19,3,6,8,2,2,3,2,1,0,0,0,1,0,1,0,0,0,0,0,0,2,0,1,0,0,0,0,0,0,0,0,2,0,1,1,0,0,0,0,0,0,0,0,0,0,2,1,1,1,1,0,0,0,0,0,0,1,1,4,1,1,0,0,1,0,0,0,0,0,0,1,0,0,0,0,0,0,1,0,13,12
43 - Κορινθίας,299 E.T. Δήμου Σικυωνίων,354,151,1,1,2,149,88,55,31,15,8,31,12,24,4,7,11,3,8,9,20,5,10,2,9,3,2,1,0,0,0,0,1,0,4,2,0,0,1,0,1,0,0,0,0,0,0,0,0,0,0,0,0,0,0,0,0,0,0,0,0,0,0,0,0,0,6,2,2,2,4,0,0,0,0,0,0,0,0,0,0,0,0,0,0,0,0,0,0,0,0,0,0,0,0,0,0,0,0,0,0,0,3,1,1,0,0,0,0,0,2,1,0,0,1,1
43 - Κορινθίας,300 E.T. Δήμου Σικυωνίων,369,210,3,2,5,205,98,43,16,48,27,25,3,33,14,8,10,7,4,9,26,3,1,0,22,7,4,6,2,0,1,0,3,0,5,3,2,1,0,0,0,5,0,2,2,0,0,0,5,5,0,0,0,0,0,2,0,2,1,1,1,1,1,1,0,0,6,0,4,1,5,0,0,0,0,0,0,0,1,1,1,0,0,0,0,0,0,0,0,0,0,0,0,4,3,1,0,0,0,0,0,0,0,0,0,0,0,1,1,0,4,4,0,0,6,4
43 - Κορινθίας,301 E.T. Δήμου Σικυωνίων,415,221,3,1,4,217,101,71,36,17,21,27,1,36,9,9,8,5,8,18,21,0,8,2,15,8,2,15,3,3,2,1,3,2,18,4,12,2,1,1,2,5,3,2,1,0,0,1,2,0,1,0,0,0,0,2,0,0,0,2,0,0,0,0,0,0,2,0,0,0,0,0,0,0,0,0,0,0,0,0,1,0,0,0,0,0,0,0,0,0,0,0,0,0,0,0,0,0,0,0,0,0,0,0,0,0,0,1,1,0,1,1,0,0,9,5
43 - Κορινθίας,302 E.T. Δήμου Σικυωνίων,286,93,2,1,3,90,56,34,9,7,14,14,13,8,8,3,4,0,0,1,12,1,1,3,6,4,1,0,0,0,0,0,0,0,2,0,1,0,0,0,0,0,0,0,0,0,0,0,4,0,0,0,0,0,0,0,0,0,0,1,0,0,0,0,0,0,2,0,0,0,0,0,0,0,0,0,0,0,0,0,0,0,0,0,0,0,0,0,0,0,0,0,0,1,0,0,0,0,0,0,0,0,0,0,0,0,0,1,0,0,0,0,0,0,3,3
43 - Κορινθίας,303 E.T. Δήμου Σικυωνίων,519,285,6,2,8,277,143,87,37,39,26,28,8,43,12,6,11,11,4,9,68,2,24,8,33,42,11,5,0,2,0,0,5,0,1,0,1,1,0,0,0,6,0,0,1,1,0,0,0,0,0,0,0,0,0,5,2,3,1,1,0,1,0,0,0,0,1,0,0,0,0,0,0,0,0,0,0,0,0,0,1,1,0,0,1,0,0,0,0,0,0,0,0,0,0,0,0,0,0,0,0,0,0,0,0,0,0,0,0,0,0,0,0,0,2,1
43 - Κορινθίας,304 E.T. Δήμου Σικυωνίων,221,135,0,4,4,131,83,48,13,25,20,17,6,8,3,6,3,2,0,0,13,0,3,1,9,4,6,3,0,0,0,0,0,0,8,2,1,3,0,4,0,2,1,1,0,2,0,0,2,2,0,0,0,0,0,1,1,0,1,5,4,0,0,0,0,0,1,0,0,0,1,0,0,0,0,0,0,0,0,0,1,0,0,0,1,0,0,0,0,0,0,0,0,0,0,0,0,0,0,0,0,0,1,0,0,0,0,1,0,0,0,0,0,0,2,1
43 - Κορινθίας,305 E.T. Δήμου Σικυωνίων,478,270,2,1,3,267,100,59,44,7,20,23,2,44,11,6,5,7,6,24,87,13,59,4,14,29,14,4,0,2,1,0,3,0,2,0,2,1,0,1,0,4,0,1,1,0,0,0,5,3,0,0,0,1,0,0,0,0,0,0,0,0,0,0,0,0,3,2,2,1,0,1,1,0,0,0,0,0,1,0,2,0,1,0,0,1,0,0,0,0,0,2,1,1,0,0,0,0,0,0,0,0,0,0,0,0,0,2,1,1,0,0,1,0,7,4
43 - Κορινθίας,306 E.T. Δήμου Σικυωνίων,463,228,1,1,2,226,102,60,37,22,18,55,11,37,6,0,24,2,5,8,53,14,27,7,51,5,1,3,0,1,3,0,0,0,9,6,1,1,0,0,1,0,0,0,0,0,0,0,4,3,0,0,0,0,0,0,0,0,0,3,3,0,0,0,0,0,1,0,0,0,1,0,0,0,0,0,0,0,0,0,0,0,0,0,0,0,0,0,0,0,0,0,0,0,0,0,0,0,0,0,0,0,0,0,0,3,0,0,0,0,1,1,1,0,9,5
43 - Κορινθίας,307 E.T. Δήμου Σικυωνίων,555,288,2,1,3,285,117,74,36,29,26,21,11,51,11,15,9,12,9,29,71,3,14,4,67,7,4,16,1,6,8,0,11,2,6,1,3,1,0,0,2,5,0,0,0,2,1,0,3,3,0,0,0,0,0,2,0,1,1,0,0,0,0,0,0,0,1,0,1,0,1,0,0,0,0,0,0,0,1,0,1,0,0,0,0,0,0,0,0,0,0,0,0,2,1,1,0,1,0,0,0,0,0,0,0,0,0,0,0,0,2,2,2,1,5,5
43 - Κορινθίας,308 E.T. Δήμου Σικυωνίων,93,21,0,0,0,21,17,6,14,1,4,5,0,2,0,0,1,0,0,2,1,0,1,0,0,0,0,0,0,0,0,0,0,0,0,0,0,0,0,0,0,0,0,0,0,0,0,0,0,0,0,0,0,0,0,0,0,0,0,0,0,0,0,0,0,0,0,0,0,0,0,0,0,0,0,0,0,0,0,0,0,0,0,0,0,0,0,0,0,0,0,0,0,0,0,0,0,0,0,0,0,0,0,0,0,0,0,0,0,0,0,0,0,0,1,1
43 - Κορινθίας,309 E.T. Δήμου Σικυωνίων,447,173,0,0,0,173,52,28,6,1,34,13,2,19,3,10,5,1,3,6,84,11,13,2,79,7,8,11,3,2,1,6,7,0,0,0,0,0,0,0,0,0,0,0,0,0,0,0,2,0,0,0,0,0,0,0,0,0,0,0,0,0,0,0,0,0,2,0,0,2,2,0,0,0,0,0,0,0,0,0,0,0,0,0,0,0,1,0,0,0,0,0,0,0,0,0,0,0,0,0,0,0,0,0,0,0,0,0,0,0,0,0,0,0,2,1
43 - Κορινθίας,310 E.T. Δήμου Σικυωνίων,379,225,1,0,1,224,124,89,39,4,26,37,11,20,9,4,8,1,3,6,54,3,9,0,53,5,4,4,0,1,1,0,2,0,4,0,1,1,1,0,1,4,2,2,0,2,0,0,1,1,0,0,0,0,0,0,0,0,0,0,0,0,0,0,0,0,0,0,0,0,0,2,2,0,0,0,0,0,0,0,0,0,0,0,0,0,2,0,0,0,1,0,0,0,0,0,0,0,0,0,0,0,1,0,0,1,1,1,0,0,1,1,0,0,5,5
43 - Κορινθίας,311 E.T. Δήμου Σικυωνίων,321,190,3,0,3,187,33,17,16,3,4,6,2,7,1,3,0,3,2,0,134,3,15,0,133,5,9,5,1,0,3,0,2,0,4,1,1,2,0,0,0,2,0,1,0,0,1,0,0,0,0,0,0,0,0,0,0,0,0,0,0,2,0,1,0,0,0,0,0,0,0,0,0,0,0,0,0,0,0,0,0,0,0,0,0,0,0,0,0,0,0,0,0,0,0,0,0,0,0,0,0,0,0,0,0,0,0,0,0,0,0,0,0,0,0,0
43 - Κορινθίας,312 E.T. Δήμου Σικυωνίων,224,96,0,1,1,95,32,17,10,3,3,17,2,30,8,5,10,3,7,10,14,0,7,6,7,4,0,1,0,0,1,0,0,0,3,0,1,0,1,0,1,3,0,1,0,1,0,0,2,2,0,0,0,0,0,0,0,0,0,0,0,0,0,0,0,0,5,2,2,2,1,0,0,1,1,1,0,0,0,0,0,0,0,0,0,0,0,0,0,0,0,0,0,0,0,0,0,0,0,0,0,0,2,1,2,0,0,0,0,0,0,0,0,0,2,1
43 - Κορινθίας,313 E.T. Δήμου Σικυωνίων,241,133,2,0,2,131,72,37,15,13,18,19,2,24,11,0,9,1,3,16,5,0,0,0,4,0,0,13,0,0,4,1,4,2,1,0,0,0,0,0,0,0,0,0,0,0,0,0,0,0,1,0,1,0,0,0,0,0,0,0,0,0,0,0,0,0,5,1,0,2,0,0,0,1,0,0,0,0,0,0,1,1,0,0,1,0,0,0,0,0,0,1,1,0,0,0,0,0,0,0,0,0,0,0,0,1,0,0,0,0,1,0,0,0,5,3
43 - Κορινθίας,314 E.T. Δήμου Σικυωνίων,186,113,2,0,2,111,46,30,14,2,12,18,1,25,3,1,20,0,2,9,18,2,9,0,7,3,6,3,0,0,1,1,0,0,4,0,3,0,0,1,1,2,1,1,0,1,1,0,1,0,0,0,0,0,0,1,1,1,0,0,0,0,0,0,0,0,2,0,1,0,0,0,0,0,0,0,0,0,0,0,0,0,0,0,0,0,2,0,1,1,0,0,0,3,0,0,0,0,0,0,0,0,2,1,0,0,0,0,0,0,2,2,0,0,0,0
43 - Κορινθίας,Ετερ. Κορινθίας (από Εφετείο Θεσσαλονίκης),41,29,0,0,0,29,11,4,3,1,1,4,1,11,2,2,0,3,0,5,1,0,0,0,0,0,1,2,0,0,1,0,1,0,0,0,0,0,0,0,0,0,0,0,0,0,0,0,0,0,0,0,0,0,0,1,0,1,0,0,0,0,0,0,0,0,1,0,1,0,1,0,0,0,0,0,0,0,0,0,0,0,0,0,0,0,0,0,0,0,0,0,0,0,0,0,0,0,0,0,0,0,0,0,0,0,0,0,0,0,0,0,0,0,2,1
43 - Κορινθίας,Ετερ. Κορινθίας (από 103ο Ε.Τ. Νομ. Αττικης-Αθηνών),364,236,3,1,4,232,116,63,18,27,13,39,9,46,11,9,10,7,3,16,17,1,3,2,3,6,7,21,2,1,4,4,7,2,5,2,2,1,1,0,0,9,4,2,1,3,1,0,0,0,0,0,0,0,0,2,0,1,2,1,0,1,0,0,0,0,2,0,1,1,0,0,0,0,0,0,0,0,0,0,1,1,0,0,0,1,0,0,0,0,0,0,0,2,1,0,0,0,0,1,0,0,0,0,0,0,0,0,0,0,0,0,0,0,9,5
43 - Κορινθίας,Ετερ. Κορινθίας (από 104ο Ε.Τ. Νομ. Αττικης-Αθηνών),364,224,0,1,1,223,101,50,12,28,16,30,9,50,11,10,13,6,1,31,26,4,3,2,11,7,7,17,3,1,6,3,3,2,7,1,0,1,0,1,0,6,2,2,2,1,0,0,0,0,0,0,0,0,0,3,0,2,2,0,0,2,1,1,0,1,3,3,1,0,1,0,0,0,0,0,0,0,0,0,0,0,0,0,0,0,0,0,0,0,0,0,0,1,1,0,1,0,0,0,0,0,1,0,0,1,1,0,0,0,0,0,0,0,5,3
43 - Κορινθίας,Ε.Τ. ΚΑΤΑΣΤΗΜΑΤΟΣ ΚΡΑΤΗΣΗΣ ΚΟΡΙΝΘΟΥ,18,17,1,0,1,16,3,0,2,0,1,1,0,8,5,2,1,1,0,2,1,0,0,0,0,0,0,0,0,0,0,0,0,0,2,0,0,0,0,0,0,0,0,0,0,0,0,0,0,0,1,0,0,0,0,0,0,0,0,0,0,0,0,0,0,0,1,0,0,0,0,0,0,0,0,0,0,0,0,0,0,0,0,0,0,0,0,0,0,0,0,0,0,0,0,0,0,0,0,0,0,0,0,0,0,0,0,0,0,0,0,0,0,0,0,0
Σύνολο,,139550,88639,1940,447,2387,86252,35885,19036,8305,3775,9967,11603,4442,17122,5655,3239,3670,3207,2397,6854,12200,2402,3113,2442,3133,4241,2523,3570,700,566,1130,520,831,554,3426,918,1327,947,524,389,274,2124,637,724,249,347,265,185,636,466,113,41,47,36,11,376,112,125,117,621,363,625,303,173,95,90,3086,693,1197,1089,1315,131,79,154,74,73,9,1,55,18,283,118,126,28,63,49,300,96,89,75,56,163,106,878,347,218,143,130,95,178,112,58,489,299,237,378,229,684,379,273,285,166,142,75,2369,1437
