ΠΕΡΙΦΕΡΕΙΑ,ΕΚΛΟΓΙΚΟ ΤΜΗΜΑ,ΕΓΓΕΓΡΑΜΜΕΝΟΙ,ΨΗΦΙΣΑΝΤΕΣ,ΑΚΥΡΑ,ΛΕΥΚΑ,ΑΚΥΡΑ & ΛΕΥΚΑ,ΕΓΚΥΡΑ,Νέα Δημοκρατία,ΒΑΣΙΛΕΙΑΔΗΣ ΒΑΣΙΛΕΙΟΣ (ΛΑΚΗΣ) του Νικολάου,ΓΙΑΝΝΟΥ ΔΗΜΗΤΡΙΟΣ (ΤΑΚΗΣ) του Αριστείδη,ΚΑΡΑΣΜΑΝΗΣ ΓΕΩΡΓΙΟΣ του Αθανασίου,ΠΟΖΙΔΟΥ ΝΙΚΟΛΕΤΤΑ (ΝΙΚΗ) του Οδυσσέα,ΣΑΡΑΛΙΩΤΟΥ ΜΑΡΙΑ του Θεοδώρου,ΣΤΑΜΕΝΙΤΗΣ ΔΙΟΝΥΣΙΟΣ (ΔΙΟΝΥΣΗΣ) του Ευαγγέλου,ΣΥΡΙΖΑ,ΔΑΝΤΣΗ ΠΑΡΑΣΚΕΥΗ (ΕΥΗ) του Τρύφωνα,ΜΠΑΛΤΖΗΣ ΚΩΝΣΤΑΝΤΙΝΟΣ του Βασιλείου,ΜΠΑΜΠΑΛΗΣ ΑΛΚΙΒΙΑΔΗΣ (ΑΛΚΗΣ) του Χρήστου,ΣΗΦΑΚΗΣ ΙΩΑΝΝΗΣ του Γεωργίου,ΣΤΑΥΡΙΔΟΥ ΣΟΦΙΑ του Κωνσταντίνου,ΤΖΑΚΡΗ ΘΕΟΔΩΡΑ του Εμμανουήλ,ΠΑΣΟΚ-Κίνημα Αλλαγής,ΑΛΕΞΑΝΔΡΙΔΟΥ ΡΑΧΗΛ του Νικολάου,ΖΑΡΟΓΟΥΛΙΔΗΣ ΠΑΝΑΓΙΩΤΗΣ του Αριστοτέλη,ΝΟΥΣΗΚΥΡΟΥ ΑΛΚΙΒΙΑΔΗΣ (ΑΛΚΗΣ) του Γεωργίου,ΞΥΛΟΥΡΓΙΔΗΣ ΑΝΤΩΝΙΟΣ του Στυλιανού,ΠΑΠΑΔΑΚΗ ΚΥΡΙΑΚΗ (ΚΙΚΗ) του Γεωργίου,ΤΣΑΛΤΑΦΕΡΙΔΗΣ ΑΠΟΣΤΟΛΟΣ του Στυλιανού,Κ.Κ.Ε.,ΚΟΥΤΟΥΦΗΣ ΘΕΟΦΑΝΗΣ του Χριστόδουλου,ΠΑΠΑΔΟΠΟΥΛΟΥ ΕΛΕΝΗ του Ιωάννη,ΠΑΠΑΔΟΠΟΥΛΟΥ ΟΛΥΜΠΙΑ του Νικολάου,ΣΟΥΜΕΛΙΔΗΣ ΙΩΑΝΝΗΣ του Δημητρίου,ΤΣΙΤΣΑΓΚΑΣ ΧΑΡΑΛΑΜΠΟΣ του Ιωακείμ,ΧΑΤΖΗΒΑΣΙΛΕΙΑΔΟΥ ΑΙΚΑΤΕΡΙΝΗ του Γεωργίου,Ελληνική Λύση - Κ. Βελόπουλος,ΓΕΩΡΓΙΑΔΗΣ ΓΕΩΡΓΙΟΣ του Στυλιανού,ΔΕΛΛΙΟΣ ΓΡΗΓΟΡΙΟΣ του Αντωνίου,ΚΟΥΚΟΥΛΗΣ ΓΕΩΡΓΙΟΣ του Ελευθερίου,ΜΠΑΛΑΤΣΟΥ ΠΕΡΙΣΤΕΡΑ ΣΤΕΛΛΑ του Ιωάννη,ΞΕΦΤΕΡΗΣ ΝΙΚΟΛΑΟΣ του Χρήστου,ΣΙΑΡΙΔΟΥ ΣΟΦΙΑ του Ευριπίδη,ΜέΡΑ25-ΣΥΜΜΑΧΙΑ ΓΙΑ ΤΗ ΡΗΞΗ,ΚΑΡΥΠΙΔΗΣ ΣΟΦΟΚΛΗΣ του Κωνσταντίνου,ΚΟΓΙΟΥ ΕΛΕΝΗ του Ιωάννη,ΜΠΑΡΜΠΗΣ ΔΗΜΗΤΡΙΟΣ του Γεωργίου,ΤΖΙΓΚΑΣ ΝΙΚΟΛΑΟΣ του Αναστασίου,ΤΟΠΑΛΟΠΟΥΛΟΥ ΑΝΑΣΤΑΣΙΑ του Χρυσοβέργη,ΤΣΑΚΙΡΙΔΗΣ-ΠΑΛΑΝΗΣ ΧΑΡΑΛΑΜΠΟΣ (ΧΑΡΗΣ) του Σάββα,ΕΝΩΝΩ ΣΥΜΜΑΧΙΑ ΕΛΕΥΘΕΡΙΑΣ,ΤΣΙΚΟΥ ΓΕΩΡΓΙΑ του Κωνσταντίνου,Κ.Κ.Ε. (μ-λ),ΒΟΝΤΣΗ ΣΩΤΗΡΙΑ του Δημητρίου,ΖΑΓΓΑΝΑΣ ΠΑΝΑΓΙΩΤΗΣ του Ταξιάρχη,Ο.Κ.Δ.Ε.,ΓΑΤΣΟΥ ΙΟΡΔΑΝΑ του Ευαγγέλου,ΑΝΤ.ΑΡ.ΣΥ.Α.,ΒΑΛΚΑΝΗ ΙΦΙΓΕΝΕΙΑ του Ιωάννη,ΚΑΤΛΑΜΟΥΣΗ ΙΩΑΝΝΑ του Δημητρίου,ΚΕΧΑΓΙΑΣ ΓΕΩΡΓΙΟΣ του Ιωάννου,ΛΟΥΣΙΩΤΗΣ ΝΙΚΟΛΑΟΣ του Πέτρου,Κίνημα 21,ΓΟΥΓΟΥΛΙΑΣ ΤΡΙΑΝΤΑΦΥΛΛΟΣ του Χρήστου,ΕΘΝΙΚΗ ΔΗΜΙΟΥΡΓΙΑ,ΖΙΑΝΝΗ ΠΑΝΑΓΙΩΤΑ του Γεωργίου,ΚΟΥΦΑΛΗΣ ΓΕΩΡΓΙΟΣ του Σπυρίδωνος,ΛΙΑΚΟΥΛΗ ΦΑΝΗ του Ιωάννη,ΠΑΠΑΔΟΠΟΥΛΟΣ ΒΑΣΙΛΕΙΟΣ του Παύλου,ΝΙΚΗ,ΒΑΣΙΛΕΙΑΔΗΣ ΑΝΤΩΝΙΟΣ του Ιωάννη,ΓΑΛΑΝΤΑΡΗΣ ΔΗΜΗΤΡΙΟΣ του Νικολάου,ΚΑΡΑΣΑΒΒΙΔΗΣ ΓΕΩΡΓΙΟΣ του Βιτάνη,ΜΑΚΡΙΔΗΣ ΣΤΑΥΡΟΣ του Κωνσταντίνου,ΜΑΡΑΝΤΙΔΟΥ ΓΕΩΡΓΙΑ του Βασιλείου,ΤΑΒΟΥΛΑΡΗ ΕΛΕΝΗ του Αναστασίου,κοινωνία αξιών,ΧΑΡΑΛΑΜΠΟΥΣ ΝΙΚΟΛΑΟΣ του Δημητρίου,ΒΟΡΕΙΑ ΛΕΓΚΑ - ΚΡΑΜΑ,ΓΙΑΝΝΑΚΗΣ ΒΑΣΙΛΕΙΟΣ του Ευάγγελου,ΔΗΜΗΤΡΙΑΔΟΥ ΑΝΤΩΝΙΑ του Κυριάκου,Ο.Α.Κ.Κ.Ε.,ΓΚΙΟΥΛΑΚΗΣ ΣΤΕΡΓΙΟΣ του Κωνσταντίνου,Μ-Λ Κ.Κ.Ε.,ΣΟΥΛΙΩΤΗ ΣΟΦΙΑ του Κωνσταντίνου,Ελλήνων Συνέλευσις,ΔΙΠΛΑΡΙΔΟΥ ΕΙΡΗΝΗ του Κωνσταντίνου,ΔΙΣΚΟΥ ΠΑΡΑΣΚΕΥΗ του Παύλου,ΜΑΤΖΑΡΗΣ ΑΡΙΣΤΕΙΔΗΣ του Γεωργίου,ΠΟΥΤΑΚΙΔΗΣ ΓΕΩΡΓΙΟΣ του Θεμιστοκλή,ΣΤΡΕΠΚΟΣ ΝΙΚΟΛΑΟΣ του Δημητρίου,Ένωση Κεντρώων,ΑΒΑΝΙΔΟΥ ΒΑΣΙΛΙΚΗ του Προδρόμου,ΚΥΖΥΡΙΔΟΥ ΕΙΡΗΝΗ του Θεόφιλου,ΤΣΟΥΜΑΣ ΒΑΣΙΛΕΙΟΣ του Παναγιώτη,ΤΩΡΑ ΟΛΟΙ ΜΑΖΙ (Τ.ΟΛ.ΜΑ),ΑΡΟΥΤΙΟΥΝΙΑΝ- ΔΗΜΗΤΡΙΑΔΟΥ ΙΡΜΑ- ΕΙΡΗΝΗ του Ράφαελ,ΣΥΜΜΑΧΙΑ ΑΝΑΤΡΟΠΗΣ,ΚΩΣΤΑ ΑΘΑΝΑΣΙΑ του Σταύρου,ΟΥΡΕΪΛΙΔΗΣ ΑΝΑΣΤΑΣΙΟΣ του Χρήστου,ΠΟΛΙΤΙΚΗ ΠΡΩΤΟΒΟΥΛΙΑ ,ΒΕΛΤΣΟΥ ΜΑΡΙΑ του Οδυσσέα,ΕΛΕΥΘΕΡΟΙ ΞΑΝΑ,ΧΑΤΖΗΜΙΧΑΗΛ ΑΝΤΩΝΙΟΣ του Ζαχαρία,ΠΝΟΗ ΔΗΜΟΚΡΑΤΙΑΣ,ΤΣΟΡΜΠΑΤΖΟΓΛΟΥ ΔΗΜΗΤΡΙΟΣ του Κωνσταντίνου,ΠΡΑΣΙΝΟ ΚΙΝΗΜΑ,ΝΙΚΟΛΑΪΔΗΣ ΝΙΚΟΛΑΟΣ του Γρηγορίου,ΕΑΝ...,ΔΕΛΗΧΑΤΖΟΓΛΟΥ ΠΡΟΔΡΟΜΟΣ του Ελευθερίου,ΕΝΟΤΗΤΑ - ΑΛΗΘΕΙΑ ΕΝ.Α,ΤΡΙΑΝΤΑΦΥΛΛΟΥ ΛΕΥΚΗ ΜΑΡΙΝΑ του Δημητρίου,Πλεύση Ελευθερίας - Ζωή Κωνστ.,ΤΣΟΠΑΝΟΓΛΟΥ ΕΥΣΤΡΑΤΙΟΣ του Ευθυμίου
11 - Πέλλας,1 E.T. Δήμου Αλμωπίας,536,348,12,0,12,336,154,49,28,27,3,73,59,49,2,0,1,30,3,34,31,15,5,2,6,12,3,14,1,7,3,1,1,3,23,11,7,5,2,1,8,7,1,3,0,1,3,1,2,2,1,1,1,0,0,1,1,1,0,0,0,0,2,1,1,1,1,29,9,3,20,5,8,2,1,1,1,0,0,0,0,0,0,2,1,1,0,2,0,0,0,0,0,0,0,3,1,0,0,0,0,0,4,3,2,1,1,1,0,0,9,5
11 - Πέλλας,2 E.T. Δήμου Αλμωπίας,530,330,3,1,4,326,140,74,13,43,5,67,40,63,5,5,4,47,5,34,29,14,10,1,6,4,3,10,0,3,1,3,0,2,24,8,7,5,4,0,5,11,2,4,1,1,2,3,1,1,1,1,1,0,0,2,1,0,1,0,3,2,4,2,1,0,0,19,7,2,9,3,9,2,0,0,1,0,0,0,0,0,0,1,0,0,0,1,1,0,0,0,0,0,0,3,1,0,0,0,2,0,3,3,0,0,1,1,0,0,8,0
11 - Πέλλας,3 E.T. Δήμου Αλμωπίας,527,318,8,2,10,308,112,36,16,35,10,40,43,61,3,1,2,35,4,39,47,33,6,7,16,13,0,14,4,8,2,0,0,2,15,6,4,2,3,1,5,5,1,1,0,1,1,0,3,1,0,0,0,0,0,1,0,1,0,1,0,0,1,0,0,0,0,17,1,3,15,3,2,2,0,0,0,0,0,0,0,0,0,11,8,6,0,3,2,1,0,0,0,0,0,3,3,3,0,0,0,0,5,3,1,1,1,0,0,0,10,6
11 - Πέλλας,4 E.T. Δήμου Αλμωπίας,527,352,4,5,9,343,138,54,18,43,7,73,44,60,4,5,1,36,4,33,55,32,11,3,15,11,0,13,9,7,1,3,2,2,18,7,4,6,2,3,1,6,1,2,0,1,1,1,3,1,1,0,0,0,0,1,0,0,0,0,3,0,6,3,1,0,3,14,1,1,6,1,3,0,0,0,1,0,0,0,0,0,0,3,1,0,0,0,2,2,0,0,0,0,0,0,0,0,1,1,2,1,0,0,5,1,1,0,0,0,10,8
11 - Πέλλας,5 E.T. Δήμου Αλμωπίας,522,325,14,4,18,307,110,46,16,21,9,43,35,66,7,2,2,31,8,44,37,21,8,7,9,7,3,16,3,10,2,4,1,4,22,5,7,6,6,0,4,9,0,4,0,0,3,3,0,0,1,0,0,0,0,1,1,1,0,0,0,0,3,0,0,0,0,34,6,12,26,4,5,2,0,0,1,1,0,0,0,0,0,0,0,0,0,0,0,0,0,0,0,1,0,1,1,1,0,0,0,0,3,1,0,0,0,0,0,0,2,1
11 - Πέλλας,6 E.T. Δήμου Αλμωπίας,528,322,1,1,2,320,143,54,31,32,8,60,42,50,4,2,1,31,5,22,44,17,4,9,13,16,3,9,0,4,1,0,1,4,19,5,4,4,2,5,0,9,1,4,0,1,3,0,6,2,0,0,0,1,1,3,0,0,1,1,3,3,1,1,0,1,0,21,3,4,13,2,3,6,1,1,0,0,0,1,1,0,0,2,0,0,0,0,2,0,0,0,0,0,0,0,0,0,0,0,1,1,2,2,1,0,0,0,0,0,3,3
11 - Πέλλας,7 E.T. Δήμου Αλμωπίας,534,346,5,0,5,341,136,47,16,37,9,48,46,61,5,1,1,38,4,37,53,25,10,12,18,17,4,12,2,4,3,2,1,1,20,3,8,6,3,0,5,4,0,1,1,1,1,1,1,1,0,0,0,0,0,1,0,1,0,0,1,1,4,0,0,0,0,24,7,6,11,3,5,2,0,0,0,0,0,0,0,0,0,0,0,0,0,0,0,1,1,1,0,1,1,2,0,1,0,0,1,1,4,3,0,0,0,0,0,0,15,12
11 - Πέλλας,8 E.T. Δήμου Αλμωπίας,500,329,10,1,11,318,142,70,19,30,6,53,49,61,4,2,2,39,7,30,32,16,6,3,6,8,0,18,0,12,1,4,5,2,24,9,8,3,2,1,6,8,3,1,0,0,1,0,0,0,0,0,0,0,0,3,1,0,0,2,0,0,2,1,0,1,1,10,2,1,6,2,2,3,0,0,0,0,0,0,0,0,0,2,1,0,1,0,0,2,0,1,0,0,0,3,2,2,0,0,1,0,3,2,0,0,0,0,0,0,7,5
11 - Πέλλας,9 E.T. Δήμου Αλμωπίας,484,354,4,4,8,346,125,79,12,33,6,22,46,53,6,2,1,19,7,35,49,32,6,6,15,11,1,14,2,7,4,3,1,3,29,14,7,3,0,3,6,7,1,4,0,0,0,2,5,3,0,0,0,0,0,1,1,1,0,0,3,2,0,0,0,0,0,36,4,13,23,2,10,2,0,0,0,0,0,0,0,0,0,2,1,0,0,0,1,5,0,4,0,1,0,1,0,1,0,0,1,1,2,1,0,0,3,2,1,0,8,2
11 - Πέλλας,10 E.T. Δήμου Αλμωπίας,592,336,17,0,17,319,139,65,16,69,6,24,55,44,1,3,2,17,4,29,59,32,10,4,23,13,9,15,0,5,3,2,0,1,22,6,1,4,3,0,6,4,1,1,0,2,2,0,3,1,0,0,0,0,0,0,0,0,0,0,0,0,0,0,0,0,0,7,1,1,0,1,1,0,0,0,0,0,0,0,0,0,0,0,0,0,0,0,0,1,0,0,0,0,0,4,0,4,1,0,1,0,0,0,2,2,2,2,0,0,15,12
11 - Πέλλας,11 E.T. Δήμου Αλμωπίας,540,242,2,0,2,240,97,58,29,16,9,17,34,32,5,1,1,15,5,17,39,9,2,1,22,21,2,13,0,10,1,7,2,0,19,11,6,0,0,5,7,3,1,1,0,1,2,0,2,2,0,0,0,0,0,3,3,3,0,0,3,2,2,0,0,1,1,11,4,1,10,2,1,1,0,0,2,2,2,0,0,1,0,1,1,1,0,0,0,0,0,0,0,0,0,1,1,1,1,0,2,0,1,1,0,0,0,0,1,1,6,3
11 - Πέλλας,12 E.T. Δήμου Αλμωπίας,535,300,3,0,3,297,154,69,36,36,17,34,53,40,10,1,1,14,11,21,48,1,3,2,23,36,6,9,1,6,0,5,0,0,11,6,7,2,1,0,0,0,0,0,0,0,0,0,0,0,0,0,0,0,0,0,0,0,0,0,2,1,3,1,0,1,3,11,2,2,5,1,2,2,0,0,0,0,0,0,0,0,0,2,0,0,0,1,0,2,2,1,1,2,0,0,0,0,0,0,0,0,2,0,0,0,0,0,0,0,11,9
11 - Πέλλας,13 E.T. Δήμου Αλμωπίας,523,292,2,2,4,288,141,72,42,26,14,23,51,32,0,0,2,21,2,19,57,3,2,1,43,34,5,5,0,2,1,0,1,0,15,5,5,2,1,1,2,3,1,2,0,0,1,0,4,3,0,0,0,0,0,0,0,0,0,0,2,1,1,1,0,0,1,8,1,2,6,1,0,0,1,1,0,0,0,0,0,1,0,1,1,0,0,0,0,1,0,0,0,1,0,1,0,0,0,0,1,1,1,1,1,1,5,2,0,0,6,3
11 - Πέλλας,14 E.T. Δήμου Αλμωπίας,448,286,2,0,2,284,118,58,14,23,8,25,63,40,0,0,0,29,5,23,24,5,5,3,9,1,0,7,1,4,1,0,1,1,27,12,10,7,1,5,4,6,1,2,0,0,0,0,2,2,1,1,0,0,0,0,0,0,0,0,1,0,0,0,0,0,0,45,4,1,42,5,7,2,1,1,0,0,0,0,0,0,0,1,0,0,0,0,0,3,0,2,2,0,0,2,2,0,0,0,1,1,2,2,0,0,0,0,0,0,3,3
11 - Πέλλας,15 E.T. Δήμου Αλμωπίας,436,304,4,0,4,300,169,100,14,44,3,40,64,44,1,2,0,27,2,28,16,5,1,5,3,6,1,11,3,5,1,1,1,1,11,2,1,5,1,0,3,3,1,1,0,1,0,0,0,0,0,0,0,0,0,1,0,0,0,0,3,2,0,0,0,0,0,32,1,0,30,0,6,2,0,0,0,0,0,0,0,0,0,3,0,0,0,0,3,2,0,0,0,0,0,1,1,0,0,0,0,0,0,0,0,0,1,1,0,0,3,2
11 - Πέλλας,16 E.T. Δήμου Αλμωπίας,488,271,6,1,7,264,112,59,22,24,9,40,31,44,2,1,0,34,3,14,40,18,7,10,16,3,1,2,0,2,1,0,0,0,29,11,9,6,2,1,7,2,0,0,0,0,0,0,2,2,0,0,0,0,0,1,0,0,0,0,2,1,1,1,0,0,1,18,0,4,16,0,3,0,0,0,0,0,0,0,0,0,0,4,2,1,0,2,3,0,0,0,0,0,0,0,0,0,1,1,1,0,0,0,0,0,0,0,0,0,5,3
11 - Πέλλας,17 E.T. Δήμου Αλμωπίας,671,497,5,2,7,490,218,96,22,44,12,50,108,64,4,2,0,19,1,46,74,27,17,9,19,32,2,4,0,1,0,0,0,1,30,6,4,2,2,0,5,8,0,3,0,0,1,0,7,3,0,0,0,1,0,3,1,0,0,0,5,0,4,1,3,0,2,18,3,6,5,0,1,1,1,0,1,0,1,0,0,2,2,27,3,2,0,1,26,3,0,0,1,1,0,1,0,0,2,0,3,2,0,0,0,0,0,0,0,0,13,6
11 - Πέλλας,18 E.T. Δήμου Αλμωπίας,363,203,3,0,3,200,55,16,7,11,3,15,25,46,4,4,0,30,2,32,46,27,4,10,17,14,5,17,1,15,0,3,6,1,11,3,1,3,5,2,3,2,1,1,0,0,0,0,0,0,0,0,0,0,0,0,0,0,0,0,0,0,3,1,1,0,1,6,0,2,3,1,2,0,2,0,0,0,0,0,0,0,0,0,0,0,0,0,0,1,1,1,0,0,0,0,0,0,0,0,2,0,0,0,0,0,1,0,1,0,7,4
11 - Πέλλας,19 E.T. Δήμου Αλμωπίας,382,225,4,0,4,221,74,41,10,12,1,20,38,56,2,0,1,32,0,37,42,24,3,6,17,13,3,16,0,15,1,1,1,4,11,3,3,2,1,1,1,0,0,0,0,0,0,0,3,1,0,0,0,0,0,1,0,1,1,0,0,0,0,0,0,0,0,6,1,1,4,0,1,1,0,0,0,0,0,0,0,0,0,2,2,0,1,1,0,1,0,1,0,0,0,3,2,0,0,0,2,2,0,0,1,0,0,0,0,0,3,2
11 - Πέλλας,20 E.T. Δήμου Αλμωπίας,370,288,5,2,7,281,106,64,11,28,10,19,32,89,13,1,0,21,0,82,40,15,5,8,17,12,1,3,0,1,0,0,0,0,16,5,5,5,1,0,1,1,1,0,0,1,0,0,3,2,0,0,0,0,0,0,0,0,0,0,3,0,0,0,0,0,0,11,2,4,6,1,4,2,0,0,0,0,0,0,0,0,0,2,0,1,1,1,1,2,1,0,2,0,0,0,0,0,0,0,0,0,0,0,1,1,1,0,0,0,3,3
11 - Πέλλας,21 E.T. Δήμου Αλμωπίας,371,294,6,0,6,288,122,69,11,21,5,18,63,68,7,0,3,20,0,60,45,14,5,5,15,20,2,7,2,1,0,1,0,0,16,4,5,3,5,0,5,2,0,1,0,1,2,0,2,2,0,0,0,0,0,0,0,0,0,0,0,0,1,1,0,1,0,4,1,1,3,0,1,0,0,0,0,0,0,0,0,0,0,5,0,0,1,0,5,2,1,2,0,1,1,2,2,2,1,1,0,0,2,2,1,0,0,0,0,0,7,6
11 - Πέλλας,22 E.T. Δήμου Αλμωπίας,394,282,3,3,6,276,92,50,5,24,2,13,41,78,3,1,6,26,0,67,42,18,9,4,14,20,2,2,1,0,0,0,0,1,23,5,4,5,1,1,8,4,0,2,0,0,2,0,3,3,0,0,0,0,0,0,0,0,0,0,1,1,2,1,1,0,1,10,5,2,1,0,2,2,0,0,0,0,0,0,0,1,1,5,3,1,0,1,5,0,0,0,0,0,0,2,1,1,2,2,2,2,2,2,0,0,0,0,0,0,5,3
11 - Πέλλας,23 E.T. Δήμου Αλμωπίας,486,303,11,2,13,290,134,47,14,37,11,46,61,63,15,3,1,32,1,43,33,14,3,3,18,8,2,6,1,6,1,0,0,1,18,6,7,9,0,1,4,0,0,0,0,0,0,0,2,2,0,0,0,0,0,0,0,0,0,0,2,2,3,0,0,0,3,10,3,2,5,1,2,3,1,1,1,1,0,0,0,0,0,1,0,1,0,1,0,4,2,2,0,0,0,2,0,1,0,0,0,0,5,3,1,1,0,0,0,0,4,4
11 - Πέλλας,24 E.T. Δήμου Αλμωπίας,675,417,9,2,11,406,194,117,15,34,5,120,40,64,7,2,0,39,8,39,45,22,9,11,13,11,0,7,0,5,0,2,2,2,23,13,11,5,3,2,2,10,4,2,1,2,2,1,4,2,0,0,0,0,0,0,0,0,0,0,1,1,0,0,0,0,0,25,8,4,12,4,8,4,0,0,1,1,1,0,0,0,0,3,0,1,1,0,3,0,0,0,0,0,0,6,2,0,0,0,4,1,5,4,1,0,0,0,1,1,12,8
11 - Πέλλας,25 E.T. Δήμου Αλμωπίας,437,298,9,0,9,289,90,47,6,6,4,20,48,47,2,2,2,32,3,24,60,33,4,2,20,15,3,22,6,9,1,4,1,5,21,6,6,7,0,1,2,1,0,1,0,0,1,0,1,1,0,0,0,0,0,2,0,0,0,0,2,0,2,0,0,0,1,16,4,2,5,4,3,3,0,0,0,0,0,0,0,0,0,1,0,0,1,1,0,1,0,0,1,0,0,9,5,3,1,0,3,2,1,0,0,0,1,1,2,2,6,5
11 - Πέλλας,26 E.T. Δήμου Αλμωπίας,463,277,3,1,4,273,95,50,10,14,6,18,28,52,4,1,2,32,4,29,48,27,1,3,25,10,2,10,2,6,0,1,3,1,18,6,5,2,1,1,3,4,1,1,0,0,1,1,1,0,0,0,0,0,0,0,0,0,0,0,0,0,2,0,0,0,1,14,4,1,8,2,5,3,0,0,0,0,0,0,0,0,0,1,0,0,0,0,0,2,0,1,1,2,2,8,5,7,0,0,6,4,2,2,1,1,0,0,1,0,6,3
11 - Πέλλας,27 E.T. Δήμου Αλμωπίας,619,483,7,1,8,475,204,90,53,131,2,21,36,119,9,6,3,31,4,107,37,10,0,2,10,27,0,19,0,9,1,0,4,3,26,11,10,2,2,0,7,8,1,2,0,3,2,0,8,6,0,0,0,0,0,3,1,1,0,0,2,1,1,0,0,0,0,21,0,6,5,3,2,1,4,3,0,0,0,0,0,0,0,3,1,0,0,0,2,0,0,0,0,1,0,3,1,2,0,0,3,2,5,0,3,1,0,0,0,0,5,3
11 - Πέλλας,28 E.T. Δήμου Αλμωπίας,615,368,6,0,6,362,149,66,15,52,5,35,58,79,14,3,2,38,13,44,27,15,5,1,5,6,1,28,2,18,6,4,4,3,26,15,7,8,2,3,4,3,0,0,0,0,0,0,0,0,1,0,0,0,0,1,0,0,0,0,0,0,0,0,0,0,0,25,7,7,15,6,8,1,0,0,0,0,0,0,0,0,0,3,1,0,0,2,1,1,1,1,0,0,0,2,1,0,1,1,1,1,2,1,1,1,0,0,0,0,12,9
11 - Πέλλας,29 E.T. Δήμου Αλμωπίας,393,236,4,1,5,231,138,80,15,56,9,39,37,28,4,1,3,7,0,20,30,14,1,8,9,14,1,6,2,2,3,0,1,0,13,4,2,2,2,2,3,1,0,0,0,0,0,0,1,1,0,0,0,0,0,0,0,0,0,0,1,0,0,0,0,0,0,1,0,0,0,0,1,1,0,0,1,0,0,0,0,0,0,1,0,1,0,0,1,0,0,0,0,0,0,2,1,1,0,0,0,0,0,0,2,0,1,1,0,0,5,3
11 - Πέλλας,30 E.T. Δήμου Αλμωπίας,387,219,1,1,2,217,87,56,5,28,8,26,16,34,3,0,1,22,5,22,43,19,3,1,29,18,2,5,1,0,2,1,0,3,18,9,3,2,4,0,10,3,1,2,1,0,2,0,2,0,0,0,0,0,0,1,0,0,1,1,0,0,1,0,0,0,1,7,0,1,2,1,2,2,0,0,0,0,0,0,0,0,0,0,0,0,0,0,0,0,0,0,0,1,0,4,4,4,0,0,0,0,3,1,2,1,1,1,0,0,5,4
11 - Πέλλας,31 E.T. Δήμου Αλμωπίας,385,247,2,0,2,245,140,78,18,44,6,41,40,27,0,0,0,13,3,14,28,12,3,2,3,15,1,5,0,3,2,1,0,2,20,8,6,4,3,0,7,1,1,1,0,0,0,0,1,1,0,0,0,0,0,0,0,0,0,0,1,1,0,0,0,0,0,5,0,3,1,0,1,1,0,0,0,0,0,0,0,0,0,2,1,1,0,0,1,2,1,0,0,0,0,1,1,1,0,0,0,0,5,0,0,0,0,0,0,0,7,6
11 - Πέλλας,32 E.T. Δήμου Αλμωπίας,449,331,5,2,7,324,187,61,46,44,16,42,86,52,1,0,0,25,0,52,14,5,0,4,3,5,0,6,1,1,0,0,0,0,21,3,4,5,4,0,2,2,0,0,0,0,0,0,3,1,0,0,0,0,0,0,0,0,0,0,0,0,0,0,0,0,0,22,5,2,13,2,5,3,0,0,0,0,0,0,0,0,0,3,0,0,1,0,3,3,0,1,0,1,1,0,0,0,2,1,0,0,2,2,0,0,2,1,0,0,4,4
11 - Πέλλας,33 E.T. Δήμου Αλμωπίας,458,332,3,1,4,328,201,90,23,40,28,56,86,42,0,3,1,13,4,38,25,9,2,4,6,10,0,3,1,2,0,2,0,1,21,7,5,8,1,0,6,1,0,1,0,0,0,0,5,4,0,0,0,0,0,1,0,0,0,0,1,1,2,1,0,0,1,13,3,2,6,0,5,3,1,0,1,0,0,0,0,0,0,0,0,0,0,0,0,1,1,0,1,0,0,1,1,0,0,0,2,1,0,0,3,1,0,0,0,0,4,2
11 - Πέλλας,34 E.T. Δήμου Αλμωπίας,426,312,4,3,7,305,178,72,26,44,17,54,77,35,2,0,1,7,1,28,34,12,2,8,7,13,0,5,0,4,0,1,0,0,18,0,5,3,5,1,7,3,0,2,0,0,1,1,1,1,0,0,0,0,0,0,0,0,0,0,0,0,1,1,0,0,1,10,1,2,5,0,4,3,0,0,1,0,0,0,0,0,0,1,0,1,0,0,1,2,1,0,1,0,0,2,1,1,0,0,1,0,6,6,3,1,1,0,0,0,3,2
11 - Πέλλας,35 E.T. Δήμου Αλμωπίας,448,322,9,1,10,312,183,88,23,39,11,51,87,29,4,0,1,13,2,23,25,13,1,2,6,4,1,5,2,2,1,1,0,1,22,3,10,10,3,0,5,2,0,1,0,0,0,0,2,2,0,0,0,0,0,2,0,0,0,0,3,2,2,1,0,1,0,18,7,3,10,0,3,4,0,0,0,0,0,0,0,0,0,5,0,1,0,0,4,1,0,0,0,0,0,2,1,0,0,0,1,1,1,1,1,0,1,1,0,0,7,4
11 - Πέλλας,36 E.T. Δήμου Αλμωπίας,490,360,4,0,4,356,155,64,46,54,3,12,61,105,25,1,2,26,5,84,56,13,3,3,20,34,5,6,0,5,0,0,0,1,15,0,6,6,1,0,4,4,0,0,1,1,0,0,0,0,0,0,0,0,0,1,0,0,0,1,2,0,0,0,0,0,0,4,0,2,0,1,1,0,0,0,1,1,1,0,0,0,0,1,1,0,0,0,0,0,0,0,0,0,0,0,0,0,2,2,0,0,0,0,1,1,0,0,0,0,3,1
11 - Πέλλας,37 E.T. Δήμου Αλμωπίας,397,283,5,4,9,274,130,66,16,19,4,40,60,44,3,1,1,27,4,28,52,19,6,8,16,25,1,9,0,6,1,2,0,0,9,0,4,1,1,0,3,4,1,1,0,1,0,0,0,0,0,0,0,0,0,0,0,0,0,0,1,1,0,0,0,0,0,7,1,0,2,0,4,4,1,1,1,0,1,0,0,0,0,1,0,0,0,0,1,5,1,2,1,4,3,0,0,0,0,0,0,0,0,0,2,1,1,0,0,0,3,2
11 - Πέλλας,38 E.T. Δήμου Αλμωπίας,435,331,5,3,8,323,106,54,9,29,4,24,40,76,12,1,1,30,3,62,64,40,1,13,28,33,1,4,0,2,0,0,0,1,28,10,8,8,7,1,4,2,0,0,0,1,1,0,0,0,1,0,0,1,0,0,0,0,0,0,1,0,1,1,0,1,0,19,4,6,10,0,7,2,0,0,0,0,0,0,0,0,0,6,0,0,1,0,5,1,0,1,0,0,0,2,2,1,1,1,1,0,1,0,0,0,0,0,0,0,8,4
11 - Πέλλας,39 E.T. Δήμου Αλμωπίας,377,281,4,0,4,277,116,67,9,25,5,31,40,58,2,3,1,22,3,36,61,21,2,15,25,29,1,6,1,3,2,1,0,1,13,0,6,6,0,1,2,4,0,3,0,1,1,0,4,4,0,0,0,0,0,0,0,0,0,0,1,1,0,0,0,0,0,5,0,1,3,2,2,0,0,0,0,0,0,0,0,1,1,1,0,0,0,0,1,0,0,0,0,1,0,1,1,1,0,0,0,0,0,0,0,0,0,0,0,0,5,4
11 - Πέλλας,40 E.T. Δήμου Αλμωπίας,391,241,1,3,4,237,85,48,8,28,4,23,33,43,4,5,3,20,6,27,47,18,6,4,19,18,6,6,0,3,0,1,1,0,18,7,6,1,1,0,2,2,0,1,0,0,1,0,2,2,1,0,0,0,0,0,0,0,0,0,0,0,2,1,0,1,0,14,5,1,11,2,2,0,0,0,0,0,0,0,0,0,0,1,0,0,0,0,0,1,1,0,0,1,1,3,2,2,0,0,0,0,1,0,4,1,1,1,0,0,5,5
11 - Πέλλας,41 E.T. Δήμου Αλμωπίας,395,267,3,2,5,262,96,48,17,24,6,41,24,51,0,3,3,23,4,39,37,10,7,3,16,17,1,13,0,7,1,4,1,2,15,2,6,2,2,0,6,4,0,2,0,0,1,0,3,2,1,0,0,2,2,0,0,0,0,0,1,1,2,1,0,1,1,18,2,1,15,3,1,1,1,1,0,0,0,0,0,0,0,3,0,0,0,0,3,2,0,2,0,0,0,0,0,0,0,0,0,0,0,0,1,0,0,0,1,0,11,6
11 - Πέλλας,42 E.T. Δήμου Αλμωπίας,388,266,3,1,4,262,107,38,5,43,6,41,33,35,4,3,2,18,2,24,44,14,5,9,17,17,1,12,2,6,1,3,0,4,25,10,15,4,4,1,2,1,0,0,0,0,0,0,0,0,1,1,1,1,0,0,0,0,0,0,2,1,1,1,0,1,0,19,10,2,12,1,3,2,0,0,2,2,1,0,0,0,0,0,0,0,0,0,0,1,0,0,0,0,0,0,0,0,0,0,0,0,2,0,0,0,2,1,0,0,7,4
11 - Πέλλας,43 E.T. Δήμου Αλμωπίας,431,260,3,1,4,256,82,22,18,44,4,17,24,36,4,4,1,12,4,19,53,31,6,7,8,23,1,3,0,0,0,0,0,0,24,9,13,2,1,0,3,6,3,3,0,0,0,2,1,1,0,0,0,0,0,1,1,1,0,0,0,0,2,1,1,0,0,24,8,10,4,4,6,4,0,0,0,0,0,1,1,0,0,0,0,0,0,0,0,1,0,0,1,0,0,4,3,4,0,0,0,0,5,3,2,0,0,0,0,0,11,7
11 - Πέλλας,44 E.T. Δήμου Αλμωπίας,427,242,5,0,5,237,82,30,15,38,4,18,27,44,4,0,0,17,4,33,45,30,7,5,6,16,2,3,0,2,1,0,1,0,37,4,22,12,2,1,3,1,1,0,0,0,0,0,1,1,0,0,0,0,0,0,0,0,0,0,0,0,3,0,1,0,2,16,1,8,8,1,3,1,0,0,0,0,0,0,0,0,0,0,0,0,0,0,0,0,0,0,0,0,0,2,1,1,0,0,0,0,1,0,0,0,0,0,0,0,2,0
11 - Πέλλας,45 E.T. Δήμου Αλμωπίας,554,326,7,2,9,317,128,53,13,68,7,25,35,64,5,1,2,31,1,49,34,14,7,5,9,9,2,33,0,29,2,4,1,13,14,4,2,0,2,2,3,2,0,1,0,0,0,0,2,2,0,0,0,1,0,2,1,0,1,1,4,1,2,1,1,0,0,11,2,0,6,0,3,3,0,0,2,1,1,0,0,0,0,0,0,0,0,0,0,1,1,1,0,1,0,1,1,1,1,0,0,0,0,0,1,0,0,0,3,0,10,5
11 - Πέλλας,46 E.T. Δήμου Αλμωπίας,550,292,7,2,9,283,131,66,42,49,7,22,33,61,3,1,2,33,2,52,18,6,4,0,7,6,1,24,0,23,3,0,1,5,11,6,2,2,1,1,2,3,1,0,0,1,0,0,2,2,0,0,0,0,0,0,0,0,0,0,4,1,1,1,0,0,1,11,5,0,2,3,0,2,0,0,0,0,0,0,0,0,0,4,1,1,0,0,4,1,0,0,0,1,0,1,1,0,1,0,0,0,1,1,1,1,0,0,0,0,7,5
11 - Πέλλας,47 E.T. Δήμου Αλμωπίας,545,292,10,2,12,280,116,51,16,32,12,23,52,51,2,0,0,26,4,28,24,14,1,0,8,13,0,39,2,37,5,8,1,8,18,7,8,5,0,3,3,1,1,1,0,0,0,0,1,1,0,0,0,0,0,0,0,0,0,0,2,1,1,0,0,0,1,11,3,1,6,0,2,3,0,0,0,0,0,0,0,0,0,1,0,0,0,0,1,0,0,0,0,1,1,0,0,0,0,0,0,0,1,1,3,2,2,2,0,0,8,4
11 - Πέλλας,48 E.T. Δήμου Αλμωπίας,410,275,2,1,3,272,114,46,16,41,1,21,42,61,12,0,2,7,4,50,50,38,1,20,8,16,0,8,0,3,0,1,1,1,8,4,0,2,0,1,2,4,0,2,0,1,0,1,1,0,0,0,0,0,0,0,0,0,0,0,3,0,2,0,0,0,0,9,3,3,1,2,3,2,0,0,0,0,0,0,0,0,0,6,0,5,0,0,6,2,0,0,0,0,0,2,1,1,0,0,0,0,1,1,0,0,0,0,0,0,1,1
11 - Πέλλας,49 E.T. Δήμου Αλμωπίας,403,302,2,2,4,298,136,61,42,25,6,13,57,67,17,0,1,14,2,58,54,25,2,18,13,22,2,1,0,0,0,0,0,0,11,4,3,4,0,1,1,1,0,0,0,0,0,0,2,2,0,0,0,0,0,1,0,0,0,0,1,1,0,0,0,0,0,10,1,1,2,1,1,5,1,0,0,0,0,0,0,0,0,4,0,3,1,0,4,1,1,1,0,0,0,2,1,1,0,0,2,1,0,0,1,0,1,1,0,0,2,1
11 - Πέλλας,50 E.T. Δήμου Αλμωπίας,610,307,0,0,0,307,176,108,30,62,9,27,61,18,6,0,0,6,3,11,37,11,9,2,14,18,0,3,0,1,0,0,0,0,24,11,5,5,2,2,6,3,1,2,0,0,0,1,0,0,0,0,0,0,0,1,1,0,0,0,0,0,2,0,1,0,1,31,5,3,10,7,3,1,0,0,0,0,0,0,0,0,0,0,0,0,0,0,0,1,0,1,0,0,0,1,1,0,0,0,2,0,2,1,1,0,0,0,0,0,5,4
11 - Πέλλας,51 E.T. Δήμου Αλμωπίας,694,459,5,1,6,453,234,141,25,97,11,19,65,52,4,1,1,20,2,29,40,19,2,4,18,8,7,7,0,2,1,1,1,0,33,6,6,5,4,2,10,3,0,2,2,0,0,1,0,0,0,0,0,0,0,2,2,1,1,0,2,1,3,1,2,2,0,49,7,23,33,4,9,5,0,0,0,0,0,0,0,0,0,0,0,0,0,0,0,3,1,1,1,1,0,0,0,0,0,0,3,3,1,1,2,0,4,3,1,1,13,8
11 - Πέλλας,52 E.T. Δήμου Αλμωπίας,506,268,3,0,3,265,120,54,14,40,22,26,32,39,4,3,2,17,4,23,26,17,3,5,6,6,2,3,0,2,0,0,0,0,24,9,1,10,2,0,11,4,0,2,0,0,1,0,0,0,0,0,0,0,0,1,1,1,0,0,2,2,1,0,0,0,1,24,8,2,17,7,6,3,0,0,1,1,0,0,0,0,0,1,0,0,0,0,1,2,1,1,1,0,0,1,0,1,0,0,5,5,3,3,1,1,2,2,0,0,5,5
11 - Πέλλας,53 E.T. Δήμου Αλμωπίας,461,247,2,0,2,245,91,50,10,25,21,19,19,53,5,2,3,21,11,36,49,34,6,1,16,10,3,11,0,9,9,1,1,2,11,3,3,4,1,1,3,7,4,3,1,2,2,0,2,1,0,0,0,0,0,0,0,0,0,0,1,1,0,0,0,0,0,9,1,1,6,1,0,2,1,1,0,0,0,0,0,0,0,0,0,0,0,0,0,0,0,0,0,1,1,1,1,1,0,0,3,3,1,1,0,0,0,0,0,0,4,2
11 - Πέλλας,54 E.T. Δήμου Αλμωπίας,358,223,6,1,7,216,114,76,11,25,8,31,30,21,1,3,0,9,3,13,29,18,4,1,9,6,1,13,0,12,1,4,0,0,13,4,6,0,2,0,3,4,0,1,0,0,1,0,1,1,0,0,0,0,0,0,0,0,0,0,0,0,1,0,0,0,0,1,1,1,0,0,0,0,0,0,0,0,0,0,0,0,0,0,0,0,0,0,0,0,0,0,0,5,5,2,1,1,0,0,0,0,0,0,1,1,0,0,0,0,11,9
11 - Πέλλας,55 E.T. Δήμου Αλμωπίας,365,194,5,0,5,189,71,43,8,21,6,22,17,33,0,5,2,14,3,22,43,24,8,0,18,6,3,5,1,5,1,0,0,1,22,9,8,6,4,2,3,3,1,1,0,1,1,0,0,0,0,0,0,1,0,0,0,0,0,0,0,0,1,0,0,0,0,5,0,2,2,0,0,0,0,0,0,0,0,0,0,0,0,0,0,0,0,0,0,1,1,0,1,0,0,0,0,0,0,0,1,1,0,0,0,0,0,0,0,0,3,1
11 - Πέλλας,56 E.T. Δήμου Αλμωπίας,554,369,10,0,10,359,125,57,12,16,8,28,66,64,5,2,0,14,4,52,58,30,0,2,30,10,2,11,0,6,0,2,0,2,39,13,9,7,1,0,15,3,1,0,0,0,0,1,0,0,1,0,0,0,0,0,0,0,0,0,1,1,3,1,0,0,3,23,6,6,14,3,3,2,0,0,1,1,1,0,0,0,0,2,0,0,2,0,2,1,0,1,1,0,0,1,0,1,0,0,0,0,5,1,1,0,0,0,1,0,19,10
11 - Πέλλας,57 E.T. Δήμου Αλμωπίας,301,156,0,0,0,156,58,22,5,22,5,13,22,20,5,1,0,12,4,13,20,12,3,1,10,4,1,10,1,8,1,3,2,1,29,15,12,2,3,1,9,3,1,2,1,0,0,1,0,0,1,1,0,0,0,0,0,0,0,0,0,0,1,0,0,0,0,5,0,2,2,1,3,2,0,0,0,0,0,0,0,0,0,1,1,0,0,0,0,0,0,0,0,2,2,0,0,0,0,0,0,0,0,0,0,0,1,0,0,0,5,2
11 - Πέλλας,58 E.T. Δήμου Αλμωπίας,433,147,1,0,1,146,53,19,11,14,2,17,19,36,3,0,0,14,3,22,14,7,2,1,1,7,1,9,1,3,0,2,0,1,13,5,6,4,1,0,1,2,0,0,0,1,0,0,0,0,0,0,0,0,0,1,1,0,0,0,2,0,2,1,0,1,0,3,1,1,0,0,1,0,0,0,0,0,0,0,0,0,0,1,1,0,0,0,0,0,0,0,0,0,0,2,1,1,0,0,1,0,0,0,0,0,0,0,0,0,7,5
11 - Πέλλας,59 E.T. Δήμου Αλμωπίας,431,162,0,0,0,162,56,10,0,15,3,21,38,34,2,3,0,18,4,14,25,13,1,4,3,15,1,10,0,4,2,2,0,3,9,2,6,0,1,0,1,3,1,1,0,1,1,0,0,0,0,0,0,0,0,0,0,0,0,0,1,1,2,2,0,1,1,9,3,2,2,1,1,0,0,0,0,0,0,0,0,0,0,0,0,0,0,0,0,0,0,0,0,0,0,2,1,1,0,0,0,0,0,0,1,0,0,0,0,0,10,4
11 - Πέλλας,60 E.T. Δήμου Αλμωπίας,587,321,5,1,6,315,121,46,26,57,4,28,37,52,2,1,1,17,4,37,51,28,9,2,32,11,4,11,3,6,0,2,2,0,19,8,5,1,5,1,1,1,1,0,0,0,1,0,0,0,0,0,0,0,0,0,0,0,0,0,1,1,1,0,0,0,0,44,11,20,24,2,5,6,0,0,0,0,0,0,0,0,0,0,0,0,0,0,0,2,0,0,1,0,0,0,0,0,1,0,0,0,3,2,2,1,0,0,3,2,3,3
11 - Πέλλας,61 E.T. Δήμου Αλμωπίας,569,370,11,1,12,358,118,57,37,33,5,24,32,78,2,1,0,40,2,59,47,22,8,6,12,9,2,50,1,44,2,29,6,1,31,10,8,4,6,1,8,2,0,1,1,0,1,1,3,2,2,1,0,0,0,2,0,0,1,1,4,1,0,0,0,0,0,5,0,2,0,0,0,0,1,1,0,0,0,0,0,0,0,0,0,0,0,0,0,3,0,1,0,0,0,4,0,0,0,0,1,1,1,0,1,0,0,0,0,0,5,3
11 - Πέλλας,62 E.T. Δήμου Αλμωπίας,668,334,9,4,13,321,141,51,23,52,16,29,46,39,9,5,3,12,4,24,41,22,22,3,5,16,1,30,4,15,3,9,1,3,26,12,8,7,4,2,3,4,0,2,0,0,2,0,0,0,5,2,1,0,0,0,0,0,0,0,3,2,1,0,0,0,0,12,3,1,6,2,3,1,1,0,1,1,1,0,0,0,0,2,0,0,0,0,0,0,0,0,0,1,1,2,2,1,0,0,5,2,0,0,0,0,0,0,0,0,7,3
11 - Πέλλας,63 E.T. Δήμου Αλμωπίας,554,296,2,1,3,293,135,83,35,19,14,36,38,47,5,2,4,32,5,23,49,21,7,5,27,12,1,6,0,3,1,0,0,1,16,3,4,0,1,1,4,10,1,2,1,1,2,1,1,0,0,0,0,0,0,1,0,0,1,0,1,1,1,0,0,0,0,11,6,0,4,0,3,0,0,0,0,0,0,0,0,0,0,0,0,0,0,0,0,1,0,0,0,0,0,2,0,0,0,0,1,1,0,0,0,0,0,0,0,0,11,6
11 - Πέλλας,64 E.T. Δήμου Έδεσσας,459,217,5,0,5,212,84,36,33,17,6,1,36,47,26,0,1,2,2,42,39,10,1,11,10,23,0,5,0,1,0,1,3,0,7,2,4,1,2,0,1,3,1,0,0,2,0,0,3,3,0,0,0,0,0,5,0,0,0,5,0,0,1,0,0,1,0,3,1,0,1,0,0,0,1,0,0,0,0,0,0,0,0,0,0,0,0,0,0,1,1,1,0,0,0,0,0,0,0,0,1,0,9,4,0,0,0,0,0,0,3,2
11 - Πέλλας,65 E.T. Δήμου Έδεσσας,444,224,5,0,5,219,90,42,31,23,2,0,51,56,28,0,3,3,2,53,35,6,1,15,9,21,0,3,0,2,0,0,3,1,11,1,3,1,1,1,1,2,1,0,0,1,0,0,0,0,0,0,0,0,0,0,0,0,0,0,5,3,0,0,0,0,0,12,3,2,3,0,3,3,0,0,2,2,0,0,0,0,0,0,0,0,0,0,0,0,0,0,0,0,0,0,0,0,0,0,1,0,0,0,0,0,0,0,0,0,2,2
11 - Πέλλας,66 E.T. Δήμου Έδεσσας,387,202,1,1,2,200,44,25,10,16,5,5,14,57,49,1,2,10,2,48,26,14,1,7,8,18,3,18,1,6,0,5,18,1,9,1,2,3,2,1,2,4,0,2,0,3,1,0,5,4,1,1,0,0,0,0,0,0,0,0,0,0,3,2,0,2,0,20,6,6,3,9,10,2,0,0,0,0,0,0,0,0,0,1,0,1,0,0,0,0,0,0,0,0,0,2,0,0,1,1,0,0,1,1,0,0,1,0,3,2,4,2
11 - Πέλλας,67 E.T. Δήμου Έδεσσας,391,224,3,2,5,219,46,24,18,10,5,2,12,91,79,3,0,11,4,55,38,15,3,8,6,31,3,15,0,3,0,3,15,1,4,1,3,0,2,0,0,3,0,2,0,1,0,0,1,1,0,0,0,0,0,0,0,0,0,0,2,2,1,1,0,1,0,3,1,0,0,3,1,0,0,0,0,0,0,0,0,0,0,2,1,2,0,0,0,5,1,0,2,1,1,1,0,0,0,0,0,0,0,0,0,0,0,0,1,0,5,3
11 - Πέλλας,68 E.T. Δήμου Έδεσσας,369,181,2,0,2,179,53,23,20,24,6,4,11,42,41,1,0,3,0,21,25,5,0,7,11,6,0,7,0,0,0,2,7,0,9,3,2,1,0,1,2,6,2,0,3,0,0,0,1,1,0,0,0,0,0,2,0,0,0,0,0,0,1,0,0,1,1,19,3,2,4,7,10,2,0,0,0,0,0,0,0,0,0,0,0,0,0,0,0,0,0,0,0,1,0,2,2,2,0,0,0,0,4,3,0,0,1,0,0,0,6,3
11 - Πέλλας,69 E.T. Δήμου Έδεσσας,376,215,3,1,4,211,80,28,34,24,2,11,24,71,65,0,0,13,2,38,19,5,2,4,6,10,0,7,0,0,0,0,7,2,10,2,1,2,3,0,3,3,0,0,0,3,0,0,0,0,0,0,0,0,0,0,0,0,0,0,1,1,2,0,1,0,2,11,1,2,0,4,6,2,0,0,1,0,0,0,0,0,0,0,0,0,0,0,0,1,1,0,0,0,0,0,0,0,0,0,1,1,1,1,0,0,0,0,0,0,3,3
11 - Πέλλας,70 E.T. Δήμου Έδεσσας,389,208,4,0,4,204,57,31,19,21,5,2,13,67,47,2,2,5,5,41,26,8,1,6,9,9,0,11,0,1,1,1,8,0,11,5,2,1,3,0,0,5,1,1,0,4,0,2,1,1,1,0,0,0,0,0,0,0,0,0,1,1,1,0,0,0,0,16,6,2,2,4,6,3,0,0,1,1,1,0,0,0,0,1,0,0,0,0,0,0,0,0,0,2,2,0,0,0,0,0,1,0,0,0,0,0,0,0,0,0,2,2
11 - Πέλλας,71 E.T. Δήμου Έδεσσας,341,166,1,0,1,165,65,39,32,10,8,0,14,28,21,0,0,3,1,15,28,8,1,2,7,19,0,12,0,6,1,2,9,1,4,0,0,1,1,1,1,5,0,1,0,2,1,1,1,1,0,0,0,1,1,1,1,0,0,0,0,0,0,0,0,0,0,10,0,2,0,5,3,3,0,0,0,0,0,0,0,0,0,0,0,0,0,0,0,0,0,0,0,0,0,1,0,0,0,0,0,0,1,0,0,0,0,0,0,0,8,7
11 - Πέλλας,72 E.T. Δήμου Έδεσσας,331,153,9,1,10,143,16,4,11,11,0,0,2,77,47,0,1,3,1,67,24,6,0,4,14,13,0,3,1,0,0,0,2,0,11,7,6,1,1,1,1,0,0,0,0,0,0,0,1,1,0,0,0,0,0,2,1,2,0,1,1,1,0,0,0,0,0,3,1,1,1,0,1,1,0,0,0,0,0,0,0,0,0,0,0,0,0,0,0,0,0,0,0,0,0,2,2,1,0,0,1,0,1,1,0,0,0,0,0,0,1,1
11 - Πέλλας,73 E.T. Δήμου Έδεσσας,331,172,7,0,7,165,70,37,30,18,5,1,11,23,10,0,0,3,0,22,10,5,1,1,4,3,0,7,0,3,0,2,6,0,14,6,10,1,0,0,1,3,1,0,0,2,0,2,3,1,0,0,0,0,0,2,0,0,0,2,1,0,0,0,0,0,0,12,3,1,0,4,7,0,0,0,0,0,0,0,0,0,0,0,0,0,0,0,0,1,0,0,0,1,1,2,1,2,0,0,1,0,2,1,0,0,3,2,0,0,10,4
11 - Πέλλας,74 E.T. Δήμου Έδεσσας,333,197,3,0,3,194,95,21,79,22,2,1,20,32,12,3,0,7,3,26,18,3,0,3,5,12,1,4,1,2,2,0,1,1,22,4,7,6,4,1,4,0,0,0,0,0,0,0,2,1,0,0,0,0,0,0,0,0,0,0,0,0,1,0,0,0,1,6,1,2,0,1,3,1,1,0,0,0,0,0,0,0,0,0,0,0,0,0,0,0,0,0,0,0,0,3,3,0,1,0,0,0,0,0,1,1,1,0,1,0,6,3
11 - Πέλλας,75 E.T. Δήμου Έδεσσας,414,224,8,2,10,214,98,34,32,27,10,6,30,29,13,1,2,0,2,22,27,13,1,4,10,7,3,12,2,2,1,1,8,2,6,4,0,0,0,0,3,4,1,2,1,0,2,0,1,1,0,0,0,1,1,0,0,0,0,0,2,0,0,0,0,0,0,18,4,0,1,9,4,2,0,0,3,2,1,0,0,0,0,0,0,0,0,0,0,0,0,0,0,1,0,3,3,2,1,1,0,0,0,0,0,0,1,0,0,0,7,5
11 - Πέλλας,76 E.T. Δήμου Έδεσσας,424,260,1,1,2,258,111,53,39,34,12,9,23,43,23,1,1,5,6,34,31,8,7,10,13,12,3,15,5,5,4,2,2,2,9,4,0,1,0,0,3,1,0,1,0,1,0,0,2,1,0,0,0,0,0,0,0,0,0,0,1,1,6,3,2,0,4,21,4,1,2,17,4,0,0,0,0,0,0,0,0,1,0,1,0,0,0,0,0,1,0,1,0,0,0,4,4,4,1,1,0,0,1,0,0,0,1,0,1,1,7,5
11 - Πέλλας,77 E.T. Δήμου Έδεσσας,477,260,8,0,8,252,85,45,28,25,4,2,32,67,43,3,0,4,0,51,34,10,0,11,11,12,0,7,1,2,1,1,1,1,18,8,3,0,6,2,5,17,1,2,1,17,0,5,5,5,1,0,0,0,0,0,0,0,0,0,0,0,2,0,1,0,1,9,2,0,1,2,3,1,0,0,0,0,0,0,0,0,0,0,0,0,0,0,0,2,0,0,1,0,0,1,0,0,0,0,0,0,2,2,0,0,0,0,0,0,2,2
11 - Πέλλας,78 E.T. Δήμου Έδεσσας,600,315,1,2,3,312,133,59,75,63,4,2,25,44,21,2,0,6,2,33,64,24,2,16,23,31,7,4,2,0,0,1,1,1,25,4,2,10,2,3,4,4,0,0,0,2,0,1,6,6,0,0,0,0,0,1,1,1,0,0,2,0,0,0,0,0,0,14,3,4,1,9,5,2,1,1,0,0,0,0,0,0,0,0,0,0,0,0,0,1,0,1,1,0,0,1,1,1,1,0,1,1,0,0,0,0,0,0,0,0,10,5
11 - Πέλλας,79 E.T. Δήμου Έδεσσας,533,377,4,1,5,372,126,37,63,39,9,6,23,95,31,3,2,28,6,72,47,6,5,19,27,9,0,16,0,1,1,0,5,4,22,5,8,6,2,0,3,5,1,0,0,5,0,1,4,4,1,1,0,1,1,3,0,0,0,3,2,0,4,0,0,0,1,24,6,6,0,2,11,4,1,1,2,2,0,0,0,0,0,0,0,0,0,0,0,1,0,0,0,0,0,3,2,2,0,0,2,2,5,1,2,1,0,0,1,0,5,4
11 - Πέλλας,80 E.T. Δήμου Έδεσσας,555,356,8,0,8,348,158,52,84,38,7,7,21,69,27,5,3,10,9,46,40,3,0,21,10,14,2,16,1,4,4,0,6,1,15,5,8,1,1,2,1,6,0,1,0,1,1,1,0,0,1,1,0,2,2,3,0,1,0,3,0,0,3,0,0,0,0,22,4,4,3,4,15,3,0,0,1,1,0,0,0,0,0,0,0,0,0,0,0,0,0,0,0,0,0,0,0,0,0,0,1,1,5,2,0,0,1,1,1,1,4,2
11 - Πέλλας,81 E.T. Δήμου Έδεσσας,545,354,11,0,11,343,137,47,87,35,11,8,12,80,26,3,5,22,11,45,51,9,1,22,15,20,0,10,2,3,0,2,2,2,15,4,9,4,3,0,1,4,0,2,0,0,2,0,0,0,1,0,1,0,0,6,3,3,0,4,0,0,2,0,0,0,2,12,2,4,2,2,6,1,0,0,1,1,0,0,0,0,0,0,0,0,0,0,0,2,1,1,0,2,2,5,4,3,1,1,0,0,4,3,0,0,0,0,1,1,9,4
11 - Πέλλας,82 E.T. Δήμου Έδεσσας,573,405,5,2,7,398,155,36,100,34,4,2,33,70,27,5,1,9,3,44,63,13,1,21,23,30,0,17,1,3,2,1,6,2,19,3,5,3,2,0,2,5,1,2,0,2,1,0,1,1,0,0,0,0,0,7,0,0,0,7,1,0,4,2,3,2,0,28,9,6,3,4,11,7,1,0,1,0,0,0,0,0,0,0,0,0,0,0,0,1,1,0,0,1,0,2,1,0,0,0,2,0,4,2,3,1,2,1,0,0,11,5
11 - Πέλλας,83 E.T. Δήμου Έδεσσας,540,364,5,0,5,359,117,32,78,22,4,5,17,78,37,5,1,16,7,45,54,14,1,26,25,13,2,19,0,5,3,0,9,2,22,7,8,9,2,0,3,11,3,3,0,1,1,2,1,0,0,0,0,1,1,3,0,0,0,2,4,4,2,1,0,1,0,23,5,2,3,6,9,2,1,0,1,1,0,0,0,0,0,2,0,2,1,1,0,0,0,0,0,1,1,4,2,1,0,0,1,1,1,0,3,2,1,1,2,1,7,6
11 - Πέλλας,84 E.T. Δήμου Έδεσσας,535,372,14,0,14,358,122,43,75,25,4,4,26,92,35,4,6,23,6,42,47,5,0,24,21,8,0,14,0,6,3,1,6,2,17,2,3,5,1,0,4,5,0,0,0,1,0,0,2,1,0,0,0,1,1,5,0,0,0,4,1,1,2,1,1,0,0,23,2,6,3,5,18,2,0,0,0,0,0,0,0,0,0,0,0,0,0,0,0,1,0,0,0,0,0,4,1,1,1,0,3,0,2,1,3,0,1,1,1,1,11,2
11 - Πέλλας,85 E.T. Δήμου Έδεσσας,543,361,9,1,10,351,133,49,82,23,6,4,38,74,20,2,5,17,5,52,41,1,2,15,22,12,2,12,1,3,0,1,5,1,27,8,11,6,1,1,4,11,0,5,0,4,3,1,0,0,2,0,0,0,0,1,0,0,0,0,1,1,3,1,0,1,1,28,6,2,9,3,16,3,0,0,1,0,1,0,0,1,0,0,0,0,0,0,0,0,0,0,0,0,0,1,0,1,0,0,0,0,0,0,2,1,0,0,0,0,13,11
11 - Πέλλας,86 E.T. Δήμου Έδεσσας,543,359,10,2,12,347,121,45,69,38,6,4,19,89,26,5,1,18,7,60,65,2,2,25,32,30,1,5,0,0,0,0,0,0,14,1,6,3,2,0,3,12,2,1,2,0,0,2,1,0,1,1,1,0,0,3,1,0,0,3,0,0,1,0,0,0,0,13,3,2,2,2,6,6,1,1,0,0,0,0,0,0,0,0,0,0,0,0,0,0,0,0,0,0,0,1,1,1,1,1,3,3,3,3,2,0,0,0,0,0,11,6
11 - Πέλλας,87 E.T. Δήμου Έδεσσας,546,371,5,2,7,364,139,47,84,27,11,6,27,76,25,3,2,17,5,51,53,8,1,33,14,8,2,12,0,4,0,0,5,1,21,2,5,6,4,0,4,11,3,5,0,2,2,0,0,0,0,0,0,0,0,2,0,0,0,0,0,0,7,0,1,0,4,22,2,4,6,0,13,1,0,0,0,0,0,0,0,0,0,0,0,0,0,0,0,3,2,1,1,2,2,0,0,0,1,0,1,0,1,1,3,0,3,0,0,0,7,5
11 - Πέλλας,88 E.T. Δήμου Έδεσσας,546,357,13,6,19,338,122,45,80,28,2,3,21,67,26,4,2,20,4,39,48,6,0,26,16,17,0,7,1,2,0,0,2,1,33,11,7,11,5,3,9,10,1,6,0,1,3,0,0,0,0,0,0,0,0,2,0,0,0,1,3,1,3,1,0,2,0,15,3,3,2,1,11,1,0,0,1,1,0,0,0,0,0,0,0,0,0,0,0,4,3,2,3,0,0,1,0,0,2,0,0,0,4,4,2,0,0,0,1,1,13,4
11 - Πέλλας,89 E.T. Δήμου Έδεσσας,583,386,9,1,10,376,132,40,84,34,5,8,22,91,37,4,1,17,11,57,46,8,2,13,19,17,2,25,0,8,1,1,13,3,27,11,12,9,2,1,7,6,1,2,0,0,1,0,1,0,0,0,0,1,1,6,2,1,0,4,2,1,2,1,0,0,1,13,4,3,3,1,7,1,0,0,1,1,0,0,0,1,1,1,0,0,0,0,0,2,1,2,0,0,0,1,0,0,0,0,0,0,2,1,2,0,1,0,1,0,12,8
11 - Πέλλας,90 E.T. Δήμου Έδεσσας,539,349,1,2,3,346,120,41,74,22,3,1,20,80,34,2,3,19,4,43,65,10,2,37,23,10,0,11,2,3,1,0,4,1,12,4,3,1,1,0,0,5,0,3,0,1,2,0,0,0,0,0,0,0,0,3,0,0,0,3,0,0,4,2,0,1,0,18,1,5,2,0,8,2,0,0,2,2,0,0,0,1,0,1,0,0,1,0,0,5,3,3,0,0,0,2,1,1,1,0,1,1,1,0,1,0,2,1,1,1,10,6
11 - Πέλλας,91 E.T. Δήμου Έδεσσας,539,357,8,2,10,347,113,35,74,21,6,10,20,71,34,6,2,13,2,46,66,15,5,29,32,17,1,16,1,4,4,3,10,1,27,6,10,8,3,4,9,6,1,2,0,0,0,1,0,0,1,0,0,0,0,4,0,2,1,0,1,1,4,1,0,1,0,18,3,3,8,1,9,3,1,1,1,1,0,0,0,0,0,1,0,0,0,0,0,1,0,0,1,1,1,1,1,1,0,0,0,0,2,2,1,0,1,1,1,0,9,6
11 - Πέλλας,92 E.T. Δήμου Έδεσσας,563,376,14,0,14,362,137,38,81,20,8,13,23,64,25,3,4,9,10,41,57,14,2,23,28,12,1,15,0,2,2,0,2,0,20,3,7,3,2,1,1,8,5,2,1,2,0,0,3,3,0,0,0,0,0,5,1,0,1,4,11,11,2,1,0,0,0,18,3,1,2,2,9,0,1,1,0,0,0,0,0,0,0,0,0,0,0,0,0,2,0,1,1,2,2,4,3,3,0,0,1,1,2,2,1,0,0,0,0,0,9,9
11 - Πέλλας,93 E.T. Δήμου Έδεσσας,543,323,14,1,15,308,110,40,71,29,4,7,14,58,18,3,2,21,6,38,53,15,0,20,15,15,0,8,3,3,3,1,3,0,18,7,9,7,2,0,3,9,2,2,1,2,0,2,0,0,1,1,1,1,1,4,2,1,1,1,1,0,4,1,0,0,1,16,2,4,2,3,11,2,0,0,1,0,0,0,0,0,0,1,0,0,0,0,0,2,2,0,1,0,0,2,1,1,0,0,1,0,2,0,5,3,2,2,2,0,7,6
11 - Πέλλας,94 E.T. Δήμου Έδεσσας,534,308,5,1,6,302,104,32,59,27,10,6,24,58,21,6,4,8,8,36,40,2,0,9,16,16,2,16,0,1,1,2,7,4,17,6,9,3,3,0,3,13,2,4,0,1,2,1,0,0,1,0,0,3,3,4,1,1,0,3,1,1,1,0,0,1,0,15,5,7,0,2,7,3,1,1,2,2,1,0,0,1,1,0,0,0,0,0,0,0,0,0,0,2,0,2,2,2,1,1,1,1,5,4,2,1,0,0,1,0,11,4
11 - Πέλλας,95 E.T. Δήμου Έδεσσας,531,335,7,1,8,327,119,42,66,27,7,5,11,63,22,4,4,17,5,37,35,5,1,14,11,13,1,10,1,4,3,3,0,5,27,8,12,11,3,1,2,11,0,3,0,2,2,0,1,1,0,0,0,0,0,1,0,1,0,1,1,0,0,0,0,0,0,25,6,2,7,7,13,4,1,1,2,2,1,0,0,0,0,0,0,0,0,0,0,3,2,1,1,1,1,6,3,3,2,1,0,0,1,1,1,1,1,1,0,0,16,13
11 - Πέλλας,96 E.T. Δήμου Έδεσσας,533,323,5,4,9,314,122,40,82,27,8,5,22,54,18,4,2,14,6,36,43,8,0,16,21,11,0,13,1,4,1,3,7,1,15,5,2,6,2,1,3,5,0,1,0,1,1,0,5,4,0,0,0,0,0,3,1,2,1,2,0,0,7,1,0,1,0,32,5,9,4,1,19,5,0,0,2,2,1,0,0,0,0,0,0,0,0,0,0,2,0,0,1,0,0,1,1,1,0,0,0,0,0,0,0,0,0,0,0,0,10,6
11 - Πέλλας,97 E.T. Δήμου Έδεσσας,537,323,5,1,6,317,101,27,66,23,6,1,17,71,32,3,0,14,4,43,44,5,3,11,20,25,1,25,2,7,3,6,14,3,16,5,5,5,1,2,2,7,3,4,0,0,1,0,0,0,1,0,0,0,0,2,0,0,0,2,0,0,4,1,0,0,1,21,6,9,2,5,12,3,0,0,0,0,0,0,0,0,0,2,0,0,0,1,0,5,2,1,0,0,0,1,1,1,0,0,0,0,4,2,1,0,0,0,0,0,12,5
11 - Πέλλας,98 E.T. Δήμου Έδεσσας,525,326,12,2,14,312,113,33,77,21,7,9,16,69,28,7,5,12,7,42,38,6,3,10,20,11,1,15,4,5,0,5,8,3,23,6,6,7,4,4,4,5,1,0,0,3,2,0,0,0,0,0,0,0,0,6,1,1,3,5,1,0,2,0,0,1,1,22,7,8,1,3,12,5,1,0,1,1,0,0,0,0,0,0,0,0,0,0,0,1,0,1,1,1,0,0,0,0,0,0,3,3,2,0,1,0,1,1,0,0,7,4
11 - Πέλλας,99 E.T. Δήμου Έδεσσας,550,356,9,1,10,346,116,46,77,21,11,10,19,72,24,3,6,11,9,46,59,6,1,20,25,24,1,7,0,3,1,1,3,1,22,11,8,4,4,4,0,7,2,1,0,3,2,0,1,1,3,1,0,0,0,3,0,0,0,0,4,3,7,1,2,0,5,22,3,4,1,4,17,3,0,0,0,0,0,0,0,0,0,2,0,2,0,0,0,1,0,0,0,0,0,5,4,2,0,0,2,2,3,3,3,1,0,0,0,0,7,6
11 - Πέλλας,100 E.T. Δήμου Έδεσσας,526,320,3,1,4,316,118,47,80,22,10,11,16,71,33,3,5,11,9,45,45,10,3,13,23,18,0,12,2,4,3,2,5,2,22,12,5,6,5,1,2,6,1,2,0,1,0,0,2,2,0,0,0,0,0,1,0,0,0,0,0,0,5,1,0,1,0,16,3,2,2,2,10,3,0,0,1,1,0,0,0,0,0,0,0,0,0,0,0,1,1,0,0,0,0,1,1,1,0,0,2,1,4,3,1,1,1,1,0,0,7,5
11 - Πέλλας,101 E.T. Δήμου Έδεσσας,525,301,7,0,7,294,96,33,59,21,6,3,24,60,27,3,3,16,8,43,40,4,0,13,18,15,1,13,2,0,1,3,4,1,28,11,11,8,4,4,7,9,3,3,0,2,2,1,1,1,0,0,0,0,0,4,0,1,1,3,2,1,5,3,1,1,2,17,1,3,0,1,9,3,0,0,2,2,1,0,0,0,0,0,0,0,0,0,0,0,0,0,0,0,0,6,5,2,1,0,0,0,0,0,0,0,0,0,1,0,9,4
11 - Πέλλας,102 E.T. Δήμου Έδεσσας,538,305,0,3,3,302,106,35,65,23,4,6,12,59,22,2,3,12,3,39,46,5,3,18,17,14,1,23,2,6,1,8,12,1,9,2,1,3,2,0,4,4,1,0,0,0,1,0,2,2,0,0,0,1,1,2,2,1,0,0,0,0,3,1,0,0,0,25,6,2,7,2,19,4,0,0,0,0,0,0,0,0,0,0,0,0,0,0,0,0,0,0,0,1,0,4,3,2,2,2,2,0,1,1,0,0,0,0,4,0,8,6
11 - Πέλλας,103 E.T. Δήμου Έδεσσας,537,322,6,2,8,314,113,35,67,24,10,5,17,84,26,3,4,23,10,46,28,1,3,12,7,11,0,10,1,1,0,2,6,2,15,4,5,2,3,1,4,12,3,2,2,2,4,2,1,1,0,0,0,0,0,2,0,1,0,1,2,1,3,0,0,0,2,25,4,5,6,2,12,6,0,0,0,0,0,0,0,0,0,1,1,0,0,1,0,3,1,1,2,0,0,1,1,1,0,0,2,2,0,0,1,1,3,1,0,0,8,6
11 - Πέλλας,104 E.T. Δήμου Έδεσσας,500,289,7,3,10,279,111,33,65,23,7,6,17,53,17,2,1,13,5,27,32,1,2,12,17,10,0,12,0,4,0,3,6,0,18,6,5,4,1,1,4,5,1,2,0,1,2,1,2,2,2,1,0,0,0,2,0,0,0,2,1,1,2,0,0,0,1,20,5,8,1,3,5,1,0,0,1,1,0,0,0,0,0,0,0,0,0,0,0,0,0,0,0,1,0,1,1,0,2,1,1,0,1,1,2,1,0,0,0,0,10,5
11 - Πέλλας,105 E.T. Δήμου Έδεσσας,404,278,2,2,4,274,87,43,41,18,1,6,22,52,10,0,1,11,6,40,55,22,2,24,22,11,1,15,3,4,3,3,6,2,29,5,6,16,2,0,1,9,1,1,1,2,1,0,0,0,0,0,0,0,0,2,2,0,0,2,2,0,1,0,0,0,0,13,3,3,0,1,7,4,0,0,0,0,0,0,0,0,0,0,0,0,0,0,0,1,0,1,0,0,0,0,0,0,0,0,0,0,1,1,2,0,0,0,1,0,4,4
11 - Πέλλας,106 E.T. Δήμου Έδεσσας,553,353,11,0,11,342,126,48,63,49,5,3,24,69,17,3,3,20,4,47,68,12,2,24,31,28,0,9,1,0,0,1,6,0,18,12,6,3,0,2,2,3,0,1,0,0,1,1,0,0,0,0,0,1,0,1,1,0,0,1,2,2,2,1,1,0,0,21,3,7,3,1,7,4,0,0,2,2,0,0,0,0,0,0,0,0,0,0,0,3,2,2,1,1,0,3,2,0,0,0,4,2,1,1,1,0,0,0,0,0,7,5
11 - Πέλλας,107 E.T. Δήμου Έδεσσας,562,373,2,1,3,370,132,55,62,67,3,2,18,91,35,2,0,5,3,79,72,7,0,27,44,27,2,10,2,2,2,0,3,1,21,4,8,7,3,2,6,0,0,0,0,0,0,0,1,0,1,1,1,0,0,2,0,0,0,1,1,0,2,1,0,0,0,17,6,3,1,3,8,3,0,0,1,1,0,0,0,0,0,2,2,2,0,0,0,0,0,0,0,1,1,7,6,2,0,0,3,2,1,0,1,0,0,0,0,0,4,3
11 - Πέλλας,108 E.T. Δήμου Έδεσσας,627,348,12,1,13,335,138,54,29,67,5,26,51,73,15,1,0,9,2,63,43,14,3,14,12,17,0,5,0,0,3,0,5,0,14,4,5,0,1,1,2,5,0,1,0,4,0,1,10,4,1,1,0,0,0,6,6,5,0,0,0,0,0,0,0,0,0,26,3,10,3,4,13,1,0,0,0,0,0,0,0,0,0,0,0,0,0,0,0,0,0,0,0,1,0,0,0,0,1,0,0,0,0,0,1,0,2,2,1,1,8,3
11 - Πέλλας,109 E.T. Δήμου Έδεσσας,387,266,8,0,8,258,116,52,69,35,2,4,10,55,24,2,0,3,1,49,55,9,0,2,34,24,0,7,1,5,0,0,1,3,8,2,3,2,1,2,1,2,0,0,1,0,0,0,0,0,1,1,1,0,0,1,0,0,0,1,3,0,0,0,0,0,0,7,1,2,0,3,2,0,0,0,0,0,0,0,0,0,0,0,0,0,0,0,0,0,0,0,0,0,0,1,1,1,0,0,0,0,0,0,0,0,1,1,0,0,1,1
11 - Πέλλας,110 E.T. Δήμου Έδεσσας,360,268,1,2,3,265,94,48,51,15,2,2,14,77,25,9,1,8,6,71,48,11,2,17,14,22,1,8,3,2,0,1,1,1,18,6,3,0,7,0,8,4,1,4,0,0,1,1,0,0,0,0,0,0,0,0,0,0,0,0,0,0,2,0,1,0,0,6,1,1,0,0,3,2,0,0,1,1,1,0,0,0,0,0,0,0,0,0,0,1,1,0,0,0,0,1,0,0,0,0,0,0,0,0,1,0,1,0,1,0,2,1
11 - Πέλλας,111 E.T. Δήμου Έδεσσας,570,453,4,0,4,449,151,75,67,30,2,26,31,118,35,1,0,12,18,109,89,22,0,24,38,46,2,23,2,9,0,0,14,3,28,10,12,7,4,1,4,10,3,1,0,2,1,0,1,0,0,0,0,0,0,2,0,0,0,2,2,2,1,1,0,1,0,12,3,2,1,2,8,1,0,0,1,0,0,0,0,0,0,0,0,0,0,0,0,3,1,1,1,1,1,0,0,0,0,0,2,2,0,0,1,0,1,1,0,0,3,2
11 - Πέλλας,112 E.T. Δήμου Έδεσσας,377,280,6,1,7,273,127,50,99,31,0,5,15,48,20,2,0,4,1,44,25,3,1,7,16,9,0,4,2,1,0,2,0,1,25,8,7,8,3,1,1,3,0,1,1,0,0,0,1,1,0,0,0,0,0,2,0,0,0,0,1,0,2,2,0,0,1,13,2,3,0,2,8,2,0,0,18,18,0,0,0,0,0,0,0,0,0,0,0,0,0,0,0,0,0,0,0,0,1,0,0,0,2,1,0,0,0,0,0,0,1,0
11 - Πέλλας,113 E.T. Δήμου Έδεσσας,383,253,3,1,4,249,79,31,53,19,3,2,8,56,26,0,1,7,2,51,37,3,0,11,18,14,0,8,1,2,0,2,4,1,32,5,14,20,2,1,1,4,1,2,0,0,2,0,0,0,0,0,0,0,0,3,0,0,0,2,2,0,0,0,0,0,0,12,2,0,2,2,8,1,0,0,8,8,1,0,0,0,0,0,0,0,0,0,0,0,0,0,0,0,0,0,0,0,1,0,3,2,1,1,1,1,0,0,0,0,2,1
11 - Πέλλας,114 E.T. Δήμου Έδεσσας,386,268,2,1,3,265,92,40,61,15,4,3,8,58,15,0,0,3,9,54,45,6,1,16,22,22,0,8,4,1,0,6,1,0,22,7,3,7,3,1,3,2,0,0,0,1,0,0,3,2,0,0,0,0,0,4,1,0,2,2,3,1,4,1,1,1,2,12,2,1,0,1,5,3,0,0,4,2,0,0,0,0,0,1,0,0,0,0,0,0,0,0,0,0,0,0,0,0,0,0,1,1,1,0,1,0,0,0,0,0,4,3
11 - Πέλλας,115 E.T. Δήμου Έδεσσας,690,400,3,1,4,396,148,79,74,47,15,7,17,97,25,0,0,15,13,91,63,12,0,17,31,25,0,11,1,4,0,3,5,1,23,6,7,8,1,0,3,2,0,2,0,1,0,0,2,2,1,0,0,0,0,1,0,0,0,0,3,2,3,1,1,0,1,14,1,5,2,0,6,0,0,0,0,0,0,0,0,0,0,2,0,1,0,0,0,6,5,2,4,1,1,0,0,0,1,1,3,2,1,1,2,1,0,0,3,1,9,4
11 - Πέλλας,116 E.T. Δήμου Έδεσσας,486,379,8,3,11,368,86,59,37,26,1,2,11,133,58,6,2,13,5,119,64,10,0,15,22,38,0,9,3,0,1,3,4,1,28,9,10,4,4,2,2,9,1,4,0,4,2,0,3,1,0,0,0,0,0,0,0,0,0,0,2,1,1,0,0,0,1,20,3,5,4,9,12,2,0,0,1,1,0,0,0,0,0,0,0,0,0,0,0,3,0,0,0,0,0,1,0,0,1,1,0,0,3,1,1,0,0,0,0,0,3,1
11 - Πέλλας,117 E.T. Δήμου Έδεσσας,412,276,4,0,4,272,105,49,48,28,20,5,14,58,12,0,0,10,15,45,26,14,2,7,9,12,0,13,2,1,0,2,5,2,17,7,3,3,2,1,4,2,0,0,0,0,0,0,0,0,0,0,0,0,0,2,1,0,0,1,2,2,3,1,0,0,1,24,5,4,3,8,15,2,1,0,1,1,0,0,0,0,0,0,0,0,0,0,0,3,2,0,2,2,1,0,0,0,1,1,0,0,3,3,1,1,0,0,0,0,8,6
11 - Πέλλας,118 E.T. Δήμου Έδεσσας,422,252,3,0,3,249,83,36,57,13,6,6,12,71,22,2,3,8,14,60,25,8,2,7,14,8,0,6,0,1,0,1,4,1,15,6,7,5,1,1,4,1,0,0,0,1,0,1,0,0,1,1,1,0,0,1,1,1,0,0,1,1,3,0,0,1,0,29,8,11,2,6,15,4,0,0,1,1,1,0,0,0,0,1,1,0,1,0,0,3,0,1,3,1,0,1,0,0,0,0,1,0,0,0,0,0,1,1,0,0,4,4
11 - Πέλλας,119 E.T. Δήμου Έδεσσας,444,280,8,5,13,267,77,30,54,11,11,1,16,65,20,3,7,8,9,51,37,16,1,9,20,7,0,16,0,5,0,8,5,3,15,2,4,1,5,0,7,4,1,1,0,1,2,0,2,2,0,0,0,0,0,0,0,0,0,0,4,1,0,0,0,0,0,26,4,7,3,9,15,4,0,0,1,1,0,0,0,0,0,0,0,0,0,0,0,2,0,1,0,2,1,1,1,0,2,1,2,1,1,1,1,1,1,0,0,0,8,7
11 - Πέλλας,120 E.T. Δήμου Έδεσσας,447,270,1,2,3,267,101,33,73,16,1,8,8,81,44,0,4,10,1,71,38,6,1,12,21,13,20,10,2,4,0,2,7,0,8,2,5,2,1,0,0,0,0,0,0,0,0,0,3,2,0,0,0,0,0,2,0,0,0,2,4,4,0,0,0,0,0,5,2,1,1,0,1,1,1,0,0,0,0,0,0,0,0,0,0,0,0,0,0,1,0,1,0,0,0,0,0,0,0,0,0,0,4,2,5,2,2,2,0,0,2,2
11 - Πέλλας,121 E.T. Δήμου Έδεσσας,423,241,7,0,7,234,95,38,70,13,3,5,9,59,26,2,2,3,3,48,35,8,0,11,16,13,2,9,2,3,0,0,2,1,13,1,7,1,0,3,1,2,0,0,0,0,0,1,3,3,0,0,0,0,0,4,0,0,0,4,0,0,1,0,0,1,0,7,1,2,1,1,3,2,0,0,0,0,0,0,0,0,0,1,0,0,0,0,0,1,0,0,0,1,1,0,0,0,0,0,0,0,1,1,0,0,0,0,0,0,2,2
11 - Πέλλας,122 E.T. Δήμου Έδεσσας,247,172,3,0,3,169,75,41,28,15,1,3,34,36,11,0,4,11,1,32,18,1,0,5,10,4,1,3,0,0,1,1,3,0,11,4,3,1,1,0,4,2,0,1,0,1,0,0,0,0,1,1,1,0,0,6,0,0,0,4,0,0,1,0,1,0,1,9,2,0,2,2,5,2,0,0,0,0,0,0,0,0,0,0,0,0,0,0,0,1,0,0,0,0,0,1,1,0,0,0,2,0,0,0,0,0,0,0,1,0,2,2
11 - Πέλλας,123 E.T. Δήμου Έδεσσας,366,268,3,1,4,264,127,60,70,35,4,5,11,49,20,2,0,5,3,41,39,7,0,11,18,15,0,16,2,6,1,3,10,5,14,5,8,4,1,1,2,1,0,0,0,0,0,0,1,1,0,0,0,0,0,1,0,0,0,1,1,1,1,0,0,0,0,6,0,1,0,0,1,2,1,1,1,1,1,0,0,0,0,0,0,0,0,0,0,0,0,0,0,0,0,0,0,0,0,0,1,0,0,0,0,0,1,0,1,0,3,2
11 - Πέλλας,124 E.T. Δήμου Έδεσσας,352,255,1,0,1,254,88,48,49,26,1,2,14,78,26,2,0,9,15,68,29,4,1,6,11,19,0,24,4,5,4,4,10,7,15,6,8,3,0,0,4,2,1,0,0,0,1,0,0,0,1,1,0,0,0,0,0,0,0,0,0,0,2,0,0,0,1,7,3,2,1,0,4,1,0,0,1,1,0,0,0,0,0,0,0,0,0,0,0,1,0,0,0,0,0,0,0,0,0,0,1,1,1,0,0,0,0,0,0,0,4,4
11 - Πέλλας,125 E.T. Δήμου Έδεσσας,295,219,4,0,4,215,60,32,26,21,2,3,19,34,8,0,0,1,3,33,98,4,0,16,19,90,0,1,0,1,1,0,0,0,13,6,10,1,1,0,2,1,0,1,0,1,0,0,2,2,0,0,0,0,0,0,0,0,0,0,0,0,1,1,0,1,0,1,0,0,1,0,1,0,0,0,2,2,0,0,0,0,0,0,0,0,0,0,0,0,0,0,0,0,0,1,1,1,0,0,0,0,0,0,0,0,0,0,0,0,1,1
11 - Πέλλας,126 E.T. Δήμου Πέλλας,537,328,9,1,10,318,123,62,8,41,1,3,72,63,4,10,19,12,6,40,16,5,9,1,2,1,2,17,4,2,8,4,0,10,36,16,12,4,7,3,10,8,1,2,1,3,0,2,2,2,0,0,0,0,0,1,0,0,0,0,2,2,2,0,0,0,0,16,5,7,2,0,3,4,0,0,1,1,1,0,0,0,0,1,1,0,0,1,0,1,0,1,0,5,2,4,3,4,0,0,0,0,3,2,1,0,3,1,1,0,12,9
11 - Πέλλας,127 E.T. Δήμου Πέλλας,531,328,18,1,19,309,114,73,6,24,4,3,53,58,7,9,22,9,3,29,30,4,19,0,4,5,8,23,6,4,8,0,0,12,26,15,7,2,2,4,10,3,0,1,0,0,1,0,1,0,0,0,0,0,0,0,0,0,0,0,0,0,3,0,0,0,0,26,15,16,0,0,3,1,0,0,0,0,0,1,0,1,0,3,2,0,2,0,0,3,2,1,1,1,1,1,1,1,0,0,2,2,1,1,2,1,0,0,0,0,10,5
11 - Πέλλας,128 E.T. Δήμου Πέλλας,523,326,6,0,6,320,138,69,14,32,8,7,78,56,5,19,14,10,2,33,41,12,25,1,5,8,7,9,3,1,3,0,0,5,18,10,3,0,1,3,1,3,0,1,0,0,1,0,0,0,0,0,0,0,0,4,1,2,0,0,1,0,4,1,2,1,0,21,18,8,4,1,2,2,0,0,0,0,0,0,0,0,0,0,0,0,0,0,0,0,0,0,0,1,1,3,2,1,1,1,0,0,2,2,0,0,2,2,0,0,16,10
11 - Πέλλας,129 E.T. Δήμου Πέλλας,530,345,5,1,6,339,125,66,11,24,1,3,78,63,4,5,20,7,5,41,31,16,16,4,3,4,5,25,8,1,12,1,3,14,29,12,4,3,2,0,6,6,1,1,0,0,0,2,0,0,0,0,0,1,1,1,1,0,0,0,2,0,5,0,0,0,0,21,10,10,3,0,2,3,0,0,0,0,0,0,0,0,0,1,1,0,0,1,0,1,0,0,0,1,1,6,3,2,0,0,0,0,0,0,2,1,1,0,0,0,18,9
11 - Πέλλας,130 E.T. Δήμου Πέλλας,529,360,7,2,9,351,144,78,5,30,10,12,78,64,3,12,11,8,4,45,38,14,20,0,0,5,8,18,6,2,6,2,0,7,27,14,4,3,3,2,4,7,2,4,1,0,0,2,0,0,0,0,0,0,0,0,0,0,0,0,4,3,0,0,0,0,0,20,13,9,0,0,1,2,0,0,0,0,0,0,0,0,0,0,0,0,0,0,0,1,0,0,0,4,4,4,3,3,0,0,0,0,2,1,0,0,1,1,0,0,17,9
11 - Πέλλας,131 E.T. Δήμου Πέλλας,526,351,5,3,8,343,158,88,10,30,5,6,78,61,4,7,24,10,8,34,24,7,11,0,1,1,10,16,3,1,8,2,0,10,17,7,4,2,3,1,2,6,2,2,0,0,2,0,0,0,0,0,0,0,0,0,0,0,0,0,2,2,3,1,0,1,0,28,23,17,1,0,2,3,2,1,0,0,0,0,0,0,0,1,0,1,0,0,1,3,1,2,0,0,0,3,1,1,0,0,1,1,2,1,0,0,0,0,2,2,14,9
11 - Πέλλας,132 E.T. Δήμου Πέλλας,533,346,9,2,11,335,157,70,6,37,5,4,83,45,5,4,12,7,2,23,34,8,23,0,4,2,5,16,6,6,2,0,0,4,29,14,10,4,1,5,5,5,1,1,0,0,1,0,0,0,0,0,0,0,0,1,1,1,0,0,2,1,5,1,0,1,0,18,10,7,0,0,6,3,1,1,0,0,0,0,0,0,0,2,1,0,0,1,0,4,0,0,1,1,0,1,1,1,0,0,2,2,1,0,0,0,1,0,0,0,10,10
11 - Πέλλας,133 E.T. Δήμου Πέλλας,567,352,4,2,6,346,146,72,7,26,12,11,82,64,9,4,14,11,5,27,22,11,8,2,5,2,3,24,11,3,7,1,0,12,31,20,2,4,3,4,9,10,2,3,0,3,2,2,0,0,0,0,0,0,0,0,0,0,0,0,3,3,1,1,1,0,0,16,11,10,0,0,0,1,0,0,1,1,1,0,0,0,0,0,0,0,0,0,0,4,3,3,1,2,2,2,2,2,0,0,2,1,2,2,0,0,0,0,1,1,15,8
11 - Πέλλας,134 E.T. Δήμου Πέλλας,536,324,7,2,9,315,157,95,7,44,4,5,74,54,3,10,15,12,5,36,25,8,11,3,7,3,10,8,1,1,3,0,0,5,18,9,8,2,4,3,4,3,0,2,0,0,2,0,0,0,1,1,1,0,0,0,0,0,0,0,4,3,5,2,1,2,2,18,10,7,3,1,2,3,0,0,0,0,0,0,0,0,0,1,1,0,0,1,0,2,1,1,0,1,1,3,2,2,1,0,1,1,0,0,1,0,1,1,1,1,10,7
11 - Πέλλας,135 E.T. Δήμου Πέλλας,526,309,3,2,5,304,135,64,5,34,6,1,68,66,7,18,17,11,3,32,21,12,4,0,4,1,3,16,7,3,6,2,0,8,24,14,7,0,2,0,4,7,1,4,0,0,1,1,0,0,2,1,0,0,0,0,0,0,0,0,0,0,1,0,0,0,1,14,9,5,4,2,2,3,0,0,0,0,0,0,0,0,0,0,0,0,0,0,0,1,0,1,1,2,2,0,0,0,0,0,4,3,1,1,1,1,0,0,1,1,8,5
11 - Πέλλας,136 E.T. Δήμου Πέλλας,531,290,11,1,12,278,115,56,7,25,2,3,63,58,6,6,13,5,4,40,18,7,10,1,0,1,1,16,6,0,7,1,0,9,16,8,6,2,0,3,1,6,3,2,0,2,2,0,1,1,0,0,0,0,0,1,1,1,0,0,3,2,2,0,0,0,0,18,8,7,2,2,3,1,0,0,1,1,0,0,0,1,0,0,0,0,0,0,0,6,4,3,0,1,1,3,1,2,1,1,2,2,1,1,1,1,0,0,0,0,7,5
11 - Πέλλας,137 E.T. Δήμου Πέλλας,490,311,4,2,6,305,106,57,5,19,2,4,53,52,4,8,13,10,0,31,25,8,13,0,4,4,3,17,8,0,7,0,0,7,37,18,13,3,0,4,7,3,2,1,0,0,0,0,2,1,1,0,0,0,0,0,0,0,0,0,1,1,10,3,1,0,1,25,14,12,3,0,3,2,1,1,0,0,0,0,0,0,0,3,1,2,0,0,0,3,2,0,0,0,0,2,1,2,0,0,2,2,1,0,1,0,3,1,3,2,7,4
11 - Πέλλας,138 E.T. Δήμου Πέλλας,534,349,4,0,4,345,133,57,3,25,4,4,89,63,4,6,21,12,1,38,40,10,18,3,13,2,5,23,7,5,9,4,1,6,22,11,4,1,1,3,6,3,0,1,1,0,1,0,0,0,0,0,0,0,0,0,0,0,0,0,1,0,3,1,1,0,1,25,10,11,1,1,1,1,0,0,1,1,1,0,0,0,0,0,0,0,0,0,0,5,3,1,2,4,2,3,2,1,0,0,0,0,4,3,2,0,1,1,0,0,12,4
11 - Πέλλας,139 E.T. Δήμου Πέλλας,526,324,7,0,7,317,125,61,5,26,5,2,72,64,7,6,11,15,4,30,16,1,9,1,2,2,2,22,11,3,4,1,0,13,25,15,10,1,3,2,5,8,2,5,0,0,3,3,0,0,2,1,0,0,0,1,0,0,0,1,3,1,4,1,2,0,2,22,14,9,1,2,3,2,0,0,0,0,0,0,0,0,0,1,0,0,0,0,1,1,1,0,0,2,1,2,2,1,0,0,2,2,4,4,2,1,2,2,0,0,9,7
11 - Πέλλας,140 E.T. Δήμου Πέλλας,528,314,9,3,12,302,105,64,7,22,7,3,58,70,7,5,26,13,7,39,27,5,15,2,5,2,4,10,2,3,4,2,0,6,33,15,11,2,2,4,9,3,2,2,0,0,1,1,0,0,0,0,0,0,0,1,1,1,0,0,3,1,1,1,1,0,0,20,12,3,3,1,2,5,0,0,0,0,0,0,0,0,0,1,0,0,1,0,0,3,3,2,1,1,0,6,4,5,1,1,1,1,1,0,1,0,4,2,0,0,10,7
11 - Πέλλας,141 E.T. Δήμου Πέλλας,528,347,6,3,9,338,128,48,1,35,4,6,84,68,4,12,14,9,9,28,45,23,28,4,5,1,6,15,5,1,8,3,1,7,26,12,7,2,1,4,2,18,10,4,3,3,4,6,0,0,1,1,1,0,0,0,0,0,0,0,2,1,3,1,0,0,2,15,6,10,0,0,0,4,0,0,0,0,0,0,0,0,0,0,0,0,0,0,0,2,0,1,1,1,1,3,1,2,1,1,2,2,2,0,0,0,0,0,0,0,6,4
11 - Πέλλας,142 E.T. Δήμου Πέλλας,526,328,1,2,3,325,141,77,5,47,4,3,76,49,5,11,14,4,4,29,23,4,8,4,1,4,10,14,4,1,8,0,1,4,16,7,4,3,3,2,2,6,0,2,0,1,2,1,3,2,0,0,0,0,0,1,1,0,1,0,1,1,3,1,1,0,0,32,20,21,1,1,3,3,0,0,2,1,0,0,0,0,0,0,0,0,0,0,0,3,1,1,0,0,0,2,1,0,1,1,1,1,6,4,2,2,0,0,3,1,16,8
11 - Πέλλας,143 E.T. Δήμου Πέλλας,528,350,3,0,3,347,144,70,7,44,3,6,63,61,6,11,20,11,2,28,26,8,14,0,0,7,7,26,10,3,8,0,1,11,26,10,10,4,4,0,3,4,1,1,0,0,0,0,2,2,1,0,0,0,0,2,0,0,0,0,1,1,4,2,0,1,0,30,14,15,0,0,1,5,0,0,0,0,0,0,0,0,0,0,0,0,0,0,0,0,0,0,0,0,0,3,2,0,0,0,6,3,3,1,2,2,1,1,0,0,5,2
11 - Πέλλας,144 E.T. Δήμου Πέλλας,537,359,7,2,9,350,147,79,7,44,6,6,79,70,3,15,24,8,2,40,34,17,10,4,1,2,9,8,2,1,4,0,0,3,20,15,6,1,1,0,2,7,0,0,1,0,1,0,3,3,1,1,0,0,0,1,0,0,0,0,2,2,7,2,3,2,4,26,14,13,3,3,4,3,0,0,0,0,0,1,1,0,0,0,0,0,0,0,0,2,0,0,0,1,1,5,3,3,0,0,4,4,1,1,3,2,0,0,0,0,7,7
11 - Πέλλας,145 E.T. Δήμου Πέλλας,501,329,5,4,9,320,116,53,4,32,5,2,65,57,5,8,25,12,3,32,33,11,20,0,2,4,4,20,6,3,5,2,0,12,22,11,2,2,1,1,3,7,2,3,0,0,3,3,1,1,1,0,0,0,0,3,1,1,1,0,1,0,1,0,0,0,0,34,22,15,1,1,4,3,0,0,0,0,0,0,0,0,0,1,1,1,0,0,0,2,0,1,1,0,0,0,0,0,0,0,2,2,1,0,1,0,1,1,0,0,16,11
11 - Πέλλας,146 E.T. Δήμου Πέλλας,519,328,5,2,7,321,125,77,6,15,3,6,73,65,8,12,26,7,6,37,37,15,14,0,8,7,2,7,4,0,2,0,0,2,15,7,8,2,1,2,3,5,1,2,0,0,1,0,2,2,1,0,0,0,0,5,4,4,0,0,3,1,3,1,0,1,0,31,18,19,1,1,3,3,1,1,0,0,0,0,0,1,0,1,0,0,1,0,1,1,1,1,0,1,0,0,0,0,1,0,1,1,2,1,2,2,2,0,0,0,9,6
11 - Πέλλας,147 E.T. Δήμου Πέλλας,533,343,13,3,16,327,133,65,5,29,5,7,64,66,11,9,14,6,4,43,27,3,17,5,7,3,9,19,5,1,6,1,0,9,15,8,5,1,3,0,1,10,3,2,0,1,0,3,2,2,0,0,0,0,0,2,0,0,0,0,2,1,6,1,1,1,1,17,12,9,2,0,1,0,0,0,1,1,1,0,0,0,0,1,1,0,0,0,0,5,2,0,1,3,3,1,1,0,0,0,4,2,4,4,0,0,1,1,0,0,8,3
11 - Πέλλας,148 E.T. Δήμου Πέλλας,545,346,6,3,9,337,135,69,7,46,4,4,53,76,8,10,25,10,8,48,30,13,11,1,3,3,9,6,0,1,2,0,1,3,19,7,7,2,1,0,3,4,1,1,0,0,0,1,3,3,0,0,0,0,0,3,1,1,0,0,1,0,3,2,1,1,2,35,15,17,1,1,2,1,0,0,1,0,0,0,0,1,1,2,1,0,0,1,0,3,0,1,2,0,0,2,2,1,1,1,0,0,1,0,1,1,0,0,1,0,9,5
11 - Πέλλας,149 E.T. Δήμου Πέλλας,524,319,6,7,13,306,118,61,6,29,6,1,62,70,9,6,22,3,10,39,37,6,14,0,1,3,18,13,4,3,5,0,0,4,18,6,4,0,1,0,4,5,1,2,0,0,1,1,0,0,0,0,0,0,0,1,0,0,1,0,0,0,1,0,1,0,1,21,13,13,1,0,1,0,0,0,1,0,0,0,0,1,1,2,0,0,0,0,1,2,1,1,0,0,0,6,4,3,0,0,1,1,1,1,1,1,0,0,1,0,6,5
11 - Πέλλας,150 E.T. Δήμου Πέλλας,532,320,9,4,13,307,116,64,3,26,13,9,54,78,12,12,24,13,8,43,23,7,9,3,5,2,8,15,3,1,5,0,0,7,19,10,6,1,1,1,4,4,1,1,2,0,1,0,0,0,0,0,0,0,0,2,1,1,0,0,0,0,0,0,0,0,0,27,12,12,0,0,2,5,0,0,1,0,0,0,0,0,0,0,0,0,0,0,0,2,0,0,0,0,0,1,0,0,0,0,2,1,1,0,2,1,1,0,0,0,13,9
11 - Πέλλας,151 E.T. Δήμου Πέλλας,553,350,5,1,6,344,147,74,4,42,2,7,72,63,6,12,19,12,2,38,32,11,10,6,1,7,11,12,4,3,5,1,0,5,26,11,5,4,5,3,7,6,2,2,0,2,0,0,3,3,1,1,1,0,0,1,0,0,0,1,3,2,3,1,1,1,0,20,11,10,3,0,3,2,0,0,1,1,0,0,0,0,0,3,1,0,1,2,1,2,1,1,0,0,0,1,1,0,1,0,1,1,1,1,2,0,2,1,1,1,12,6
11 - Πέλλας,152 E.T. Δήμου Πέλλας,542,333,7,1,8,325,121,61,2,38,12,5,60,85,8,10,35,9,5,54,24,7,9,1,1,1,6,11,0,2,5,0,0,3,21,8,4,2,3,3,9,8,0,2,1,0,3,2,0,0,1,1,1,0,0,0,0,0,0,0,4,3,5,2,0,1,3,24,12,16,0,0,2,1,0,0,0,0,0,0,0,0,0,1,0,0,1,0,1,2,2,1,0,2,2,3,1,0,2,1,1,1,4,3,0,0,0,0,1,1,5,2
11 - Πέλλας,153 E.T. Δήμου Πέλλας,524,324,6,0,6,318,144,74,4,35,7,3,85,49,3,9,10,6,6,36,30,10,16,0,7,5,4,19,3,3,7,1,0,13,14,9,6,1,0,1,5,6,0,2,0,0,1,2,1,1,0,0,0,0,0,2,1,1,0,0,3,2,4,2,1,1,0,24,10,11,2,2,5,3,1,0,0,0,0,0,0,0,0,2,0,0,0,1,1,3,0,0,0,2,1,2,1,1,1,0,3,3,1,1,2,1,0,0,0,0,5,3
11 - Πέλλας,154 E.T. Δήμου Πέλλας,504,341,5,0,5,336,131,69,4,25,5,7,75,57,7,7,18,7,10,34,27,9,14,4,2,1,7,17,4,1,5,1,2,10,23,8,5,1,4,3,7,6,2,1,0,1,2,1,6,5,0,0,0,0,0,2,1,1,0,0,1,1,5,1,1,1,1,31,16,14,4,1,4,5,0,0,0,0,0,0,0,0,0,2,2,1,0,1,0,2,0,1,1,0,0,6,3,3,2,1,3,2,4,3,3,2,0,0,0,0,8,7
11 - Πέλλας,155 E.T. Δήμου Πέλλας,398,278,2,3,5,273,152,83,6,42,4,1,87,51,4,3,1,38,1,28,10,1,8,1,0,2,0,5,1,0,1,0,1,1,11,6,5,1,3,0,0,0,0,0,0,0,0,0,0,0,0,0,0,1,0,1,0,0,0,1,6,4,4,1,1,0,3,21,13,8,1,0,4,4,0,0,0,0,0,0,0,1,0,2,1,0,1,0,0,1,0,1,1,0,0,0,0,0,1,1,0,0,1,1,1,0,1,0,0,0,3,2
11 - Πέλλας,156 E.T. Δήμου Πέλλας,204,138,5,0,5,133,87,67,1,27,3,2,24,14,2,0,2,9,0,9,5,3,0,0,3,0,0,1,0,0,0,1,0,0,13,8,9,1,0,0,0,0,0,0,0,0,0,0,0,0,0,0,0,0,0,0,0,0,0,0,1,0,2,1,0,0,1,5,2,3,1,0,1,0,0,0,0,0,0,0,0,0,0,0,0,0,0,0,0,0,0,0,0,1,1,0,0,0,1,1,0,0,0,0,0,0,0,0,0,0,3,3
11 - Πέλλας,157 E.T. Δήμου Πέλλας,532,232,5,2,7,225,91,45,7,14,5,7,51,41,2,7,9,3,4,23,21,3,14,2,3,3,3,16,4,4,5,1,1,6,24,11,10,2,2,1,7,4,1,0,0,0,1,0,0,0,0,0,0,0,0,0,0,0,0,0,0,0,0,0,0,0,0,12,7,4,1,1,1,1,0,0,2,0,2,0,0,0,0,0,0,0,0,0,0,1,1,1,0,0,0,3,2,1,0,0,1,0,0,0,1,1,1,1,1,0,6,5
11 - Πέλλας,158 E.T. Δήμου Πέλλας,530,246,1,1,2,244,96,59,7,27,2,2,41,49,2,11,19,4,4,31,34,16,22,6,1,1,8,12,3,1,4,1,1,5,13,7,4,0,2,1,0,3,0,0,0,0,0,0,2,2,0,0,0,0,0,0,0,0,0,0,0,0,4,1,3,1,2,11,2,5,1,0,1,1,0,0,0,0,0,0,0,0,0,3,1,0,2,0,3,1,1,0,1,0,0,1,1,1,0,0,2,2,0,0,4,3,0,0,2,1,7,6
11 - Πέλλας,159 E.T. Δήμου Πέλλας,531,240,5,2,7,233,92,47,5,26,10,4,45,43,6,10,11,8,3,25,25,10,10,3,1,1,5,13,3,1,3,0,0,5,15,4,5,0,2,0,2,9,4,2,1,0,2,1,1,1,0,0,0,0,0,0,0,0,0,0,0,0,1,1,0,1,0,19,13,10,0,0,2,3,0,0,0,0,0,0,0,0,0,2,0,0,0,1,1,0,0,0,0,3,1,1,0,0,0,0,1,1,1,1,0,0,1,1,0,0,6,3
11 - Πέλλας,160 E.T. Δήμου Πέλλας,525,263,6,4,10,253,102,60,2,23,1,3,58,56,7,7,9,13,7,36,18,5,9,0,4,3,2,14,3,4,3,1,1,5,17,10,3,1,3,0,4,8,1,2,1,0,3,2,0,0,1,1,0,1,0,0,0,0,0,0,1,1,1,0,0,0,0,18,14,10,0,0,4,3,0,0,1,1,1,0,0,0,0,1,0,1,0,0,0,0,0,0,0,0,0,0,0,0,2,1,1,1,0,0,1,1,0,0,0,0,10,5
11 - Πέλλας,161 E.T. Δήμου Πέλλας,522,253,8,2,10,243,90,42,2,22,5,1,46,44,5,5,13,7,2,23,23,6,13,1,0,3,1,8,1,2,3,0,0,3,23,14,2,4,2,1,1,5,0,2,0,1,1,0,1,1,0,0,0,0,0,0,0,0,0,0,2,1,2,2,0,0,1,24,13,12,3,1,3,2,1,0,0,0,0,0,0,0,0,2,0,1,1,2,0,2,1,1,0,0,0,0,0,0,1,1,1,1,1,1,0,0,0,0,0,0,13,7
11 - Πέλλας,162 E.T. Δήμου Πέλλας,532,275,15,0,15,260,101,58,3,18,8,4,56,44,3,8,7,5,3,26,23,10,9,3,1,8,0,19,11,4,8,1,0,4,15,8,3,1,2,2,3,3,1,0,0,2,0,0,0,0,0,0,0,0,0,3,0,0,2,2,1,1,1,1,0,1,0,35,22,13,1,5,2,1,0,0,0,0,0,0,0,0,0,0,0,0,0,0,0,1,0,0,1,0,0,2,1,1,0,0,0,0,0,0,1,1,0,0,0,0,11,9
11 - Πέλλας,163 E.T. Δήμου Πέλλας,560,253,5,2,7,246,85,46,2,19,5,3,39,65,9,6,23,12,1,45,16,6,7,1,0,2,6,8,3,1,5,0,0,3,22,11,4,2,3,2,8,5,0,1,0,0,1,1,0,0,0,0,0,0,0,1,1,0,0,0,0,0,1,1,0,0,0,26,17,13,2,2,4,4,0,0,0,0,0,0,0,0,0,0,0,0,0,0,0,1,0,0,0,0,0,2,1,0,1,0,2,1,0,0,0,0,1,0,0,0,10,7
11 - Πέλλας,164 E.T. Δήμου Πέλλας,529,252,9,0,9,243,91,51,6,22,6,3,47,46,1,10,8,6,2,25,33,15,17,5,0,3,8,8,5,0,1,0,0,4,26,12,7,0,3,4,3,2,0,1,0,0,1,0,0,0,0,0,0,0,0,1,0,0,0,0,0,0,2,1,1,0,0,22,12,13,1,2,1,4,0,0,2,2,2,0,0,0,0,0,0,0,0,0,0,2,1,1,1,0,0,2,0,0,1,1,0,0,0,0,0,0,1,0,0,0,4,3
11 - Πέλλας,165 E.T. Δήμου Πέλλας,528,239,4,1,5,234,92,40,3,30,5,5,52,41,3,9,15,4,1,24,14,7,6,1,0,1,3,11,4,2,7,1,0,6,17,7,6,2,3,1,4,9,2,5,0,1,3,1,0,0,0,0,0,0,0,2,1,0,0,0,1,1,2,0,2,1,1,26,12,11,0,3,2,5,0,0,0,0,0,0,0,0,0,0,0,0,0,0,0,0,0,0,0,3,1,2,2,1,1,1,2,2,3,3,2,2,0,0,0,0,6,1
11 - Πέλλας,166 E.T. Δήμου Πέλλας,528,252,14,2,16,236,77,40,2,25,7,4,32,61,7,12,15,11,8,40,18,7,9,2,2,6,1,9,4,2,2,2,0,6,19,8,8,3,3,1,5,7,1,2,0,1,1,3,1,1,0,0,0,0,0,1,1,0,0,0,2,2,4,2,1,2,1,7,4,2,0,0,0,2,0,0,3,2,1,0,0,0,0,0,0,0,0,0,0,2,2,1,0,1,0,0,0,0,0,0,0,0,5,5,2,1,0,0,3,3,14,12
11 - Πέλλας,167 E.T. Δήμου Πέλλας,458,226,3,1,4,222,55,26,4,16,1,1,24,44,3,11,10,11,3,26,29,7,14,3,6,4,5,14,2,4,5,2,1,7,19,11,4,2,2,4,5,9,1,0,1,2,3,1,1,1,1,1,1,0,0,0,0,0,0,0,3,2,4,2,2,0,2,20,17,10,2,0,1,1,0,0,0,0,0,0,0,0,0,1,1,0,1,0,0,2,1,1,1,0,0,1,1,1,1,1,2,2,1,1,3,3,1,1,0,0,11,9
11 - Πέλλας,168 E.T. Δήμου Πέλλας,177,120,2,0,2,118,46,32,3,15,0,0,23,34,2,2,8,11,3,19,12,7,2,2,0,4,2,2,0,0,1,0,1,2,8,3,2,1,0,1,1,2,0,0,0,0,0,1,0,0,0,0,0,0,0,0,0,0,0,0,0,0,0,0,0,0,0,10,5,5,2,2,0,2,0,0,0,0,0,0,0,0,0,0,0,0,0,0,0,0,0,0,0,0,0,0,0,0,0,0,2,1,0,0,0,0,0,0,1,1,1,1
11 - Πέλλας,169 E.T. Δήμου Πέλλας,397,212,6,0,6,206,100,74,0,23,3,3,46,36,2,2,1,2,3,28,19,10,7,1,1,1,6,3,1,1,0,0,0,1,29,21,6,2,1,3,8,1,1,0,0,1,0,0,1,1,0,0,0,0,0,0,0,0,0,0,1,1,0,0,0,0,0,4,1,4,0,0,1,0,0,0,0,0,0,0,0,0,0,0,0,0,0,0,0,0,0,0,0,4,4,0,0,0,0,0,0,0,0,0,1,1,0,0,1,0,6,3
11 - Πέλλας,170 E.T. Δήμου Πέλλας,418,276,14,3,17,259,118,74,6,30,8,2,47,53,5,6,13,9,5,32,29,16,10,0,8,1,5,6,1,2,1,2,0,1,17,11,3,2,2,2,4,2,1,0,0,0,1,0,3,3,1,1,1,0,0,0,0,0,0,0,2,2,0,0,0,0,0,11,7,2,3,0,2,1,0,0,1,0,1,0,0,0,0,0,0,0,0,0,0,0,0,0,0,1,0,0,0,0,1,1,2,1,1,1,2,1,0,0,1,1,8,4
11 - Πέλλας,171 E.T. Δήμου Πέλλας,433,261,7,2,9,252,123,68,4,35,7,6,54,47,1,7,8,9,9,33,23,15,5,2,7,2,6,4,3,1,0,1,1,1,13,5,2,3,1,3,4,5,0,2,0,0,2,1,5,5,0,0,0,0,0,2,0,1,0,0,0,0,0,0,0,0,0,9,4,3,4,1,0,0,0,0,1,1,1,0,0,0,0,0,0,0,0,0,0,2,1,0,0,1,1,2,2,1,0,0,3,3,0,0,1,0,2,1,0,0,9,5
11 - Πέλλας,172 E.T. Δήμου Πέλλας,487,294,6,1,7,287,101,69,1,29,8,5,36,55,7,3,7,10,9,39,39,15,24,4,5,3,9,9,2,2,1,0,0,4,23,11,8,1,2,2,6,5,1,2,0,0,2,0,6,3,0,0,0,0,0,1,1,0,1,0,2,1,2,0,0,1,1,33,22,17,2,2,3,2,1,1,0,0,0,0,0,0,0,0,0,0,0,0,0,1,1,1,0,2,1,1,1,1,0,0,0,0,0,0,1,1,0,0,0,0,5,3
11 - Πέλλας,173 E.T. Δήμου Πέλλας,506,327,5,1,6,321,135,60,6,34,8,4,66,53,3,9,12,9,3,31,17,6,8,1,3,3,4,14,2,0,4,1,0,3,33,19,8,2,3,3,8,7,3,3,0,0,3,0,4,1,0,0,0,1,1,3,2,1,0,0,2,0,3,1,1,0,0,24,13,9,0,0,2,1,1,0,1,1,0,0,0,0,0,0,0,0,0,0,0,1,1,1,0,5,5,1,0,0,0,0,4,1,2,0,0,0,0,0,0,0,10,5
11 - Πέλλας,174 E.T. Δήμου Πέλλας,502,288,9,1,10,278,120,62,5,32,3,3,60,32,4,5,5,3,2,20,22,11,6,1,1,3,4,11,1,2,5,0,1,4,22,11,5,3,2,1,5,6,4,2,0,1,1,0,4,2,0,0,0,0,0,1,1,1,0,0,1,1,4,0,0,1,0,27,21,11,1,1,1,3,1,1,0,0,0,0,0,0,0,1,0,0,0,1,1,2,1,2,0,0,0,4,2,2,0,0,2,1,0,0,2,2,0,0,0,0,16,10
11 - Πέλλας,175 E.T. Δήμου Πέλλας,501,309,1,0,1,308,128,69,9,32,4,3,70,38,13,5,10,3,7,23,40,17,13,12,5,5,8,6,2,1,0,2,0,2,13,5,4,2,1,0,1,5,2,1,0,1,0,1,4,4,1,0,0,0,0,2,0,0,0,2,4,4,4,0,0,0,2,40,31,17,1,1,6,4,0,0,0,0,0,0,0,0,0,4,0,2,2,1,2,4,3,3,0,1,1,3,3,2,2,1,0,0,0,0,0,0,1,1,1,0,7,6
11 - Πέλλας,176 E.T. Δήμου Πέλλας,490,289,12,1,13,276,93,47,4,27,4,4,43,57,2,8,13,13,4,33,18,7,9,0,1,3,1,23,9,0,12,0,0,13,17,12,7,0,1,1,2,6,1,2,0,1,2,1,2,2,0,0,0,0,0,1,1,1,0,0,1,1,3,3,1,0,2,29,22,16,0,1,1,1,0,0,0,0,0,0,0,0,0,0,0,0,0,0,0,1,1,1,0,0,0,2,1,0,2,1,4,4,2,1,2,1,2,2,0,0,11,7
11 - Πέλλας,177 E.T. Δήμου Πέλλας,502,294,5,3,8,286,104,54,6,40,1,2,52,42,10,8,6,8,7,20,30,12,17,0,2,4,3,15,6,1,3,0,0,6,30,18,9,7,3,3,7,8,2,1,1,2,1,0,1,1,1,0,0,0,0,0,0,0,0,0,1,0,1,0,0,0,0,38,30,12,2,4,1,1,1,0,1,0,0,0,0,0,0,1,1,1,0,0,0,0,0,0,0,0,0,1,0,1,0,0,2,2,0,0,0,0,1,1,1,0,7,7
11 - Πέλλας,178 E.T. Δήμου Πέλλας,486,272,10,3,13,259,97,58,5,28,5,4,39,46,4,5,10,6,2,28,25,6,14,1,2,3,6,16,3,5,4,3,0,7,26,8,7,3,4,7,11,9,1,1,1,1,2,3,0,0,0,0,0,0,0,1,0,0,1,0,2,1,2,1,0,1,0,24,15,12,0,1,1,2,0,0,0,0,0,0,0,0,0,1,1,1,0,0,0,0,0,0,0,2,2,1,1,1,0,0,1,1,0,0,1,1,3,1,0,0,2,0
11 - Πέλλας,179 E.T. Δήμου Πέλλας,497,301,11,0,11,290,122,50,8,31,14,6,55,64,1,6,17,11,6,46,31,21,9,1,6,2,3,12,1,2,3,1,3,6,19,11,5,0,0,2,5,4,2,2,0,0,1,0,0,0,0,0,0,0,0,2,0,2,0,0,2,1,3,0,1,0,2,10,6,5,0,0,0,1,0,0,0,0,0,0,0,0,0,1,0,0,0,0,1,2,0,0,0,0,0,2,2,2,0,0,1,1,1,1,4,2,0,0,1,0,9,6
11 - Πέλλας,180 E.T. Δήμου Πέλλας,475,294,15,3,18,276,123,68,3,37,8,5,58,45,6,9,11,7,2,29,17,6,6,4,3,0,4,7,1,2,2,1,0,2,25,5,10,2,2,1,6,8,1,3,1,0,3,0,0,0,1,0,0,0,0,0,0,0,0,0,1,1,4,1,0,0,1,32,25,13,3,3,3,3,0,0,0,0,0,0,0,0,0,0,0,0,0,0,0,2,1,0,1,0,0,0,0,0,0,0,0,0,2,1,1,0,1,1,1,0,6,4
11 - Πέλλας,181 E.T. Δήμου Πέλλας,25,7,0,0,0,7,3,1,0,3,0,0,1,1,0,0,0,0,0,1,1,0,0,0,1,0,0,0,0,0,0,0,0,0,0,0,0,0,0,0,0,0,0,0,0,0,0,0,0,0,0,0,0,0,0,0,0,0,0,0,0,0,0,0,0,0,0,1,0,0,0,0,0,0,0,0,0,0,0,0,0,0,0,1,1,0,1,0,0,0,0,0,0,0,0,0,0,0,0,0,0,0,0,0,0,0,0,0,0,0,0,0
11 - Πέλλας,182 E.T. Δήμου Πέλλας,31,20,1,0,1,19,8,4,0,1,0,1,6,3,0,0,1,0,0,3,5,4,0,0,0,0,1,0,0,0,0,0,0,0,0,0,0,0,0,0,0,0,0,0,0,0,0,0,0,0,0,0,0,0,0,0,0,0,0,0,0,0,0,0,0,0,0,3,3,0,0,0,0,0,0,0,0,0,0,0,0,0,0,0,0,0,0,0,0,0,0,0,0,0,0,0,0,0,0,0,0,0,0,0,0,0,0,0,0,0,0,0
11 - Πέλλας,183 E.T. Δήμου Πέλλας,476,309,12,2,14,295,95,69,3,22,4,1,36,78,13,7,18,16,7,54,47,21,34,5,5,4,4,11,5,3,5,2,1,3,24,14,3,5,3,2,6,2,0,1,0,0,0,1,0,0,0,0,0,0,0,1,0,0,0,1,0,0,3,0,0,0,0,13,6,3,0,0,0,2,1,0,0,0,0,0,0,0,0,0,0,0,0,0,0,0,0,0,0,0,0,1,1,1,0,0,2,2,4,2,1,1,0,0,0,0,12,7
11 - Πέλλας,184 E.T. Δήμου Πέλλας,458,298,6,1,7,291,110,71,7,34,2,2,49,60,3,6,13,12,2,37,34,10,24,3,3,5,4,11,2,2,5,0,0,1,25,12,5,2,2,3,6,4,0,0,0,0,0,0,3,2,0,0,0,0,0,2,0,2,0,1,2,1,4,1,1,1,3,22,12,13,1,1,0,3,0,0,0,0,0,0,0,0,0,2,0,2,1,0,0,0,0,0,0,2,1,2,1,1,0,0,1,1,0,0,0,0,0,0,0,0,7,3
11 - Πέλλας,185 E.T. Δήμου Πέλλας,556,401,7,2,9,392,140,105,3,35,0,1,40,116,13,1,8,20,5,97,20,9,5,1,3,4,0,26,7,0,22,0,1,10,31,13,5,5,3,0,9,4,1,0,0,1,1,1,4,3,5,3,1,0,0,1,1,1,0,0,0,0,0,0,0,0,0,23,17,11,0,0,2,4,1,1,0,0,0,0,0,1,0,1,0,0,0,1,1,1,1,0,1,0,0,0,0,0,0,0,12,12,2,0,1,1,1,0,1,0,1,0
11 - Πέλλας,186 E.T. Δήμου Πέλλας,510,374,7,1,8,366,170,110,7,53,3,1,62,90,13,0,5,9,4,72,18,4,2,2,3,11,2,18,4,1,14,0,1,7,20,6,7,0,2,1,1,8,0,0,0,2,0,3,1,0,1,0,1,0,0,0,0,0,0,0,0,0,0,0,0,0,0,20,15,8,2,0,1,1,0,0,0,0,0,0,0,0,0,0,0,0,0,0,0,2,0,0,1,3,3,0,0,0,1,0,3,3,2,2,1,0,1,1,0,0,7,4
11 - Πέλλας,187 E.T. Δήμου Πέλλας,388,224,7,1,8,216,80,46,1,31,7,1,38,71,3,38,11,8,2,32,12,5,2,1,1,1,0,8,6,0,1,2,0,3,13,5,4,4,0,3,1,0,0,0,0,0,0,0,2,2,0,0,0,0,0,0,0,0,0,0,0,0,6,0,0,0,6,8,4,3,0,0,0,0,0,0,2,1,1,1,0,0,0,5,1,0,2,1,5,0,0,0,0,0,0,1,1,0,1,1,0,0,1,0,0,0,2,1,0,0,3,3
11 - Πέλλας,188 E.T. Δήμου Πέλλας,397,217,8,0,8,209,69,46,4,28,3,4,20,67,5,38,5,4,1,40,18,7,11,1,0,3,0,3,3,2,0,0,0,1,18,4,11,0,1,0,3,3,1,1,0,0,0,1,2,0,0,0,0,1,0,0,0,0,0,0,0,0,0,0,0,0,0,10,2,6,1,0,0,0,0,0,0,0,0,0,0,0,0,2,0,0,0,0,2,1,0,0,0,0,0,1,0,0,0,0,4,3,1,1,0,0,2,1,0,0,7,2
11 - Πέλλας,189 E.T. Δήμου Πέλλας,396,216,6,0,6,210,59,25,3,20,4,0,51,75,4,40,5,1,0,58,23,10,13,1,1,3,3,3,2,1,1,1,0,0,17,12,8,4,1,1,5,1,0,1,0,0,1,0,2,2,0,0,0,0,0,1,0,0,0,0,1,1,4,0,1,1,3,12,4,6,1,0,3,2,1,0,0,0,0,0,0,0,0,0,0,0,0,0,0,1,0,0,0,0,0,1,1,1,0,0,0,0,1,1,0,0,1,0,0,0,7,6
11 - Πέλλας,190 E.T. Δήμου Πέλλας,530,255,5,1,6,249,103,64,8,36,9,9,29,48,6,17,2,8,10,26,17,6,3,3,8,4,5,7,1,1,4,4,0,0,14,1,9,0,0,1,1,8,1,2,0,1,3,1,1,0,3,0,0,0,0,3,2,1,1,0,0,0,11,1,0,0,11,17,7,10,1,2,6,2,2,0,0,0,0,0,0,0,0,2,1,0,0,0,1,0,0,0,0,0,0,1,0,0,0,0,2,0,1,1,0,0,1,1,0,0,8,4
11 - Πέλλας,191 E.T. Δήμου Πέλλας,529,294,5,0,5,289,127,69,20,46,4,18,46,49,13,11,2,4,11,28,27,9,4,9,7,5,1,4,1,0,2,0,0,1,32,3,28,2,2,1,1,1,0,1,0,0,1,0,0,0,1,1,0,0,0,2,1,0,1,1,1,1,6,0,0,0,6,21,6,13,0,1,8,3,0,0,0,0,0,0,0,0,0,2,1,0,0,1,2,1,1,0,1,1,1,2,0,2,0,0,1,0,1,1,0,0,0,0,0,0,10,8
11 - Πέλλας,192 E.T. Δήμου Πέλλας,517,288,0,0,0,288,130,66,14,36,15,18,41,44,6,9,2,3,6,34,25,7,7,1,15,5,3,9,0,3,1,1,3,3,21,7,18,1,0,0,3,1,0,1,0,0,1,0,0,0,0,0,0,0,0,2,0,0,1,0,2,1,12,1,1,1,10,19,10,9,1,2,6,2,0,0,0,0,0,1,1,0,0,1,0,0,0,0,0,1,0,0,0,1,0,1,1,1,0,0,0,0,2,2,0,0,0,0,0,0,16,13
11 - Πέλλας,193 E.T. Δήμου Πέλλας,518,230,5,1,6,224,97,45,16,38,5,8,43,36,1,12,6,3,3,17,21,6,5,9,6,5,2,13,2,2,6,3,0,5,19,4,15,1,0,0,3,5,0,2,0,0,1,1,0,0,0,0,0,0,0,0,0,0,0,0,1,0,7,1,0,1,5,8,3,4,0,0,1,2,0,0,0,0,0,0,0,0,0,1,1,0,1,0,0,0,0,0,0,0,0,3,3,3,0,0,1,0,2,1,0,0,0,0,1,1,9,8
11 - Πέλλας,194 E.T. Δήμου Πέλλας,506,275,7,0,7,268,93,45,9,36,12,8,34,50,7,17,1,7,2,31,25,11,0,7,15,8,2,12,0,6,7,1,1,8,32,3,31,0,1,1,3,3,1,0,0,0,0,2,1,0,0,0,0,0,0,2,0,0,0,0,4,1,15,1,1,3,15,17,8,11,3,0,8,2,0,0,0,0,0,0,0,0,0,1,0,0,0,1,1,2,0,0,0,1,1,1,0,0,0,0,1,0,2,1,2,1,0,0,0,0,4,4
11 - Πέλλας,195 E.T. Δήμου Πέλλας,503,255,1,1,2,253,130,67,21,56,13,11,34,28,7,4,2,4,6,16,10,1,4,0,6,2,0,2,2,2,0,0,0,0,26,3,20,0,0,0,0,2,0,1,0,0,1,0,1,1,0,0,0,0,0,0,0,0,0,0,1,0,7,0,2,0,7,37,12,26,7,1,1,4,1,0,0,0,0,0,0,0,0,1,0,0,0,1,1,1,1,0,0,0,0,0,0,0,0,0,1,1,1,1,1,1,1,1,0,0,2,1
11 - Πέλλας,196 E.T. Δήμου Πέλλας,506,250,6,0,6,244,132,78,25,41,7,16,46,38,0,8,1,6,4,32,19,14,6,2,4,0,2,4,2,0,2,0,0,0,18,1,15,0,1,1,2,5,1,4,0,0,3,0,0,0,0,0,0,0,0,1,0,0,1,0,0,0,4,0,0,0,4,17,7,12,1,1,6,1,0,0,0,0,0,0,0,0,0,0,0,0,0,0,0,0,0,0,0,0,0,0,0,0,0,0,1,1,0,0,1,1,1,1,0,0,3,2
11 - Πέλλας,197 E.T. Δήμου Πέλλας,520,262,4,0,4,258,103,47,13,25,10,9,42,36,2,11,1,3,4,26,18,5,3,3,3,8,2,7,4,2,3,2,0,1,18,2,14,3,3,0,6,10,3,1,2,3,1,3,1,1,1,0,1,0,0,0,0,0,0,0,3,2,21,3,1,1,16,17,6,9,2,1,4,3,0,0,0,0,0,0,0,0,0,1,0,0,0,1,0,1,0,0,0,0,0,4,3,3,0,0,0,0,2,1,0,0,2,1,0,0,13,10
11 - Πέλλας,198 E.T. Δήμου Πέλλας,523,272,5,3,8,264,134,109,10,90,9,8,42,35,5,8,7,4,8,9,12,8,1,5,6,3,0,5,1,5,2,0,0,1,32,4,30,0,0,0,4,2,1,0,0,1,0,0,0,0,0,0,0,0,0,0,0,0,0,0,1,1,2,0,0,0,2,32,15,25,4,4,7,3,0,0,0,0,0,0,0,0,0,0,0,0,0,0,0,0,0,0,0,0,0,1,1,1,0,0,0,0,5,5,0,0,0,0,0,0,3,3
11 - Πέλλας,199 E.T. Δήμου Πέλλας,500,251,1,1,2,249,121,66,6,50,7,8,49,31,5,4,1,5,8,22,10,4,0,3,3,2,0,2,1,1,0,0,0,0,24,3,21,1,0,0,1,3,1,0,0,0,1,0,0,0,0,0,0,1,1,0,0,0,0,0,0,0,10,0,0,1,10,33,13,18,2,0,14,5,0,0,0,0,0,0,0,0,0,1,1,0,0,0,1,0,0,0,0,0,0,2,2,2,0,0,0,0,2,1,3,1,0,0,0,0,6,5
11 - Πέλλας,200 E.T. Δήμου Πέλλας,520,284,5,1,6,278,143,75,39,59,13,4,31,34,4,7,3,5,6,25,27,14,4,4,10,7,4,8,4,0,4,1,0,2,16,1,13,0,1,0,3,7,2,2,1,0,2,1,0,0,0,0,0,0,0,1,0,0,0,0,4,1,10,1,0,0,9,16,4,10,0,0,9,0,0,0,0,0,0,1,0,0,0,0,0,0,0,0,0,1,0,0,0,0,0,1,0,0,0,0,1,1,0,0,0,0,0,0,0,0,8,7
11 - Πέλλας,201 E.T. Δήμου Πέλλας,499,237,6,0,6,231,101,77,8,35,6,3,28,45,6,34,1,9,12,27,20,6,3,1,8,6,1,5,4,0,2,0,0,2,17,1,13,3,2,1,1,2,1,2,0,0,0,0,1,0,0,0,0,0,0,0,0,0,0,0,1,1,4,0,0,0,3,19,9,10,11,2,2,4,0,0,0,0,0,0,0,0,0,0,0,0,0,0,0,2,2,1,1,1,1,1,1,1,0,0,1,1,2,2,1,0,0,0,1,0,7,3
11 - Πέλλας,202 E.T. Δήμου Πέλλας,400,247,6,1,7,240,99,73,27,2,7,31,0,32,6,4,0,6,2,20,33,17,6,6,11,4,2,4,1,1,2,3,0,1,35,12,30,4,1,3,2,0,0,0,0,0,0,0,0,0,1,1,1,0,0,1,1,1,0,0,0,0,2,0,0,0,2,24,7,11,3,4,7,2,0,0,0,0,0,0,0,0,0,0,0,0,0,0,0,0,0,0,0,0,0,1,1,0,0,0,2,2,3,2,0,0,1,1,0,0,2,2
11 - Πέλλας,203 E.T. Δήμου Πέλλας,389,243,13,0,13,230,103,74,6,30,6,2,37,41,10,3,2,7,5,29,30,19,13,0,5,8,5,7,2,4,2,1,0,1,20,5,15,9,1,0,1,2,0,1,0,0,1,0,2,0,1,1,1,0,0,0,0,0,0,0,0,0,4,0,0,1,3,12,2,8,1,0,6,5,0,0,1,0,1,0,0,0,0,0,0,0,0,0,0,1,1,0,0,1,0,0,0,0,0,0,0,0,1,1,2,1,0,0,0,0,2,1
11 - Πέλλας,204 E.T. Δήμου Πέλλας,398,273,9,1,10,263,138,92,12,55,4,10,39,38,5,2,0,7,8,31,40,26,7,3,15,6,3,3,2,0,0,1,0,1,21,5,17,0,0,0,2,1,1,0,0,0,0,1,1,1,0,0,0,0,0,0,0,0,0,0,1,0,2,1,0,1,1,10,2,8,1,0,1,1,0,0,1,0,1,0,0,0,0,1,0,0,0,0,1,1,0,1,0,0,0,2,2,0,0,0,0,0,1,1,0,0,0,0,0,0,2,1
11 - Πέλλας,205 E.T. Δήμου Πέλλας,464,230,6,0,6,224,95,45,5,43,4,1,32,31,5,5,0,4,6,21,25,11,2,2,13,0,0,3,0,0,0,0,0,2,34,4,25,3,2,0,0,6,2,0,0,1,3,1,0,0,0,0,0,0,0,0,0,0,0,0,1,0,3,0,1,0,3,14,2,11,2,2,1,2,0,0,0,0,0,0,0,0,0,2,1,0,0,2,0,1,0,1,0,0,0,0,0,0,0,0,1,1,4,1,0,0,0,0,0,0,4,1
11 - Πέλλας,206 E.T. Δήμου Πέλλας,458,201,3,1,4,197,89,41,9,47,8,6,36,34,7,5,2,8,7,18,11,7,1,0,2,3,0,6,0,3,1,0,0,2,18,4,14,1,0,0,1,2,1,0,0,0,0,1,1,1,0,0,0,0,0,0,0,0,0,0,1,1,6,1,0,1,5,14,3,8,1,5,7,2,0,0,0,0,0,0,0,0,0,3,0,0,0,1,3,1,0,0,0,0,0,0,0,0,1,0,1,0,0,0,0,0,0,0,2,2,7,5
11 - Πέλλας,207 E.T. Δήμου Πέλλας,430,207,3,2,5,202,98,40,6,45,4,2,46,23,3,3,2,7,1,12,20,6,1,3,7,6,3,9,0,2,1,0,0,8,21,3,15,1,2,0,2,1,1,0,0,0,0,0,1,1,0,0,0,0,0,0,0,0,0,0,1,0,3,1,0,1,1,19,8,18,0,3,1,1,0,0,1,0,0,0,0,0,0,0,0,0,0,0,0,1,0,0,0,0,0,0,0,0,1,1,1,1,1,1,0,0,0,0,0,0,1,1
11 - Πέλλας,208 E.T. Δήμου Πέλλας,444,306,7,2,9,297,113,75,15,22,26,5,47,80,17,4,6,14,6,62,16,4,5,7,1,0,4,1,0,0,1,0,0,0,35,5,19,11,1,2,4,4,1,2,0,2,1,2,3,3,0,0,0,0,0,0,0,0,0,0,1,0,1,0,0,0,0,32,6,29,4,2,7,2,0,0,0,0,0,1,1,0,0,1,1,0,0,1,0,2,2,0,0,0,0,0,0,0,0,0,1,1,0,0,0,0,1,0,0,0,5,4
11 - Πέλλας,209 E.T. Δήμου Πέλλας,446,301,4,1,5,296,171,104,31,42,20,13,112,57,12,2,2,6,10,49,14,8,3,7,1,0,1,3,0,2,0,0,1,0,18,8,6,1,1,0,2,1,0,0,0,0,1,1,1,1,0,0,0,0,0,3,2,1,1,0,0,0,2,0,0,1,2,18,2,18,0,3,1,5,0,0,0,0,0,0,0,0,0,1,1,0,0,0,0,1,0,0,0,0,0,0,0,0,0,0,3,3,0,0,0,0,0,0,0,0,3,0
11 - Πέλλας,210 E.T. Δήμου Πέλλας,448,328,2,1,3,325,118,59,3,48,11,16,47,109,21,2,2,2,16,102,24,13,1,3,6,6,1,4,2,0,1,1,2,0,30,11,12,6,4,2,4,9,0,3,0,1,2,1,4,2,0,0,0,0,0,1,0,0,0,0,0,0,0,0,0,0,0,17,3,11,0,2,2,1,1,0,0,0,0,0,0,0,0,0,0,0,0,0,0,0,0,0,0,0,0,0,0,0,0,0,0,0,1,0,0,0,2,0,0,0,5,2
11 - Πέλλας,211 E.T. Δήμου Πέλλας,532,313,8,1,9,304,121,71,3,33,4,4,61,44,5,11,12,6,7,23,45,34,11,3,2,5,6,3,2,2,0,0,0,2,36,18,7,4,3,5,5,8,3,1,0,2,0,3,1,1,1,1,1,0,0,1,0,0,0,0,4,3,3,1,1,2,0,16,8,8,0,0,1,0,0,0,0,0,0,0,0,0,0,1,0,0,0,0,0,0,0,0,0,0,0,1,1,1,0,0,1,1,0,0,0,0,3,2,1,0,14,9
11 - Πέλλας,212 E.T. Δήμου Πέλλας,530,330,3,0,3,327,143,86,0,32,5,5,66,35,3,4,2,5,2,18,47,26,11,3,6,6,7,5,0,2,1,0,0,0,42,23,7,7,6,1,5,5,0,2,0,0,2,3,2,2,0,0,0,0,0,0,0,0,0,0,2,1,1,0,0,0,0,30,13,17,1,1,5,3,1,0,0,0,0,0,0,0,0,0,0,0,0,0,0,1,0,0,0,1,0,1,1,1,0,0,0,0,1,1,2,0,1,1,1,0,6,5
11 - Πέλλας,213 E.T. Δήμου Πέλλας,514,322,4,2,6,316,142,71,2,43,3,8,73,57,4,9,13,12,1,38,35,11,14,0,4,5,11,9,3,5,2,0,0,4,22,12,6,3,0,1,2,7,0,0,0,0,0,6,0,0,0,0,0,0,0,0,0,0,0,0,3,2,1,1,0,0,0,24,15,11,2,2,2,4,0,0,0,0,0,0,0,0,0,1,0,0,0,0,0,1,0,0,0,0,0,0,0,0,0,0,0,0,4,4,2,2,0,0,0,0,8,5
11 - Πέλλας,214 E.T. Δήμου Πέλλας,529,292,4,1,5,287,139,86,2,24,3,6,72,31,2,6,4,2,1,25,27,17,13,1,0,2,4,4,1,0,2,0,0,3,25,13,9,2,1,5,1,11,2,3,0,1,1,8,0,0,1,0,0,1,1,2,1,0,0,1,1,1,2,1,0,0,1,25,13,17,1,1,1,2,0,0,0,0,0,0,0,0,0,0,0,0,0,0,0,4,2,1,0,0,0,2,2,2,0,0,0,0,1,0,0,0,1,0,2,2,8,4
11 - Πέλλας,215 E.T. Δήμου Πέλλας,567,383,6,1,7,376,167,140,24,14,4,82,0,64,9,4,9,19,6,36,74,69,6,1,3,11,1,7,4,2,2,0,0,1,30,15,29,0,0,2,2,3,1,1,0,1,0,1,0,0,0,0,0,0,0,3,0,0,3,0,1,0,1,0,1,0,0,6,4,6,0,0,0,0,0,0,1,1,1,0,0,0,0,0,0,0,0,0,0,1,0,0,0,0,0,1,1,0,2,0,1,1,0,0,0,0,3,3,1,1,10,5
11 - Πέλλας,216 E.T. Δήμου Πέλλας,549,372,2,1,3,369,192,140,8,30,9,7,76,44,2,2,4,23,5,28,66,56,8,3,3,6,5,10,2,2,1,2,0,4,20,7,5,1,2,2,1,3,1,0,0,0,0,2,1,1,0,0,0,0,0,4,0,0,4,1,1,0,2,1,0,0,0,14,3,10,1,0,2,2,0,0,1,0,0,0,0,0,0,0,0,0,0,0,0,1,0,0,0,0,0,0,0,0,0,0,0,0,1,0,0,0,0,0,2,0,7,6
11 - Πέλλας,217 E.T. Δήμου Πέλλας,551,384,3,0,3,381,168,88,6,35,6,9,95,70,8,2,6,21,2,40,66,55,6,2,8,11,0,3,0,0,0,0,0,3,23,9,8,2,1,2,3,5,1,2,0,0,1,0,1,1,0,0,0,0,0,4,1,0,2,2,2,1,3,2,1,1,1,17,5,5,1,1,4,2,0,0,0,0,0,0,0,0,0,2,1,1,1,0,1,0,0,0,0,0,0,0,0,0,0,0,3,3,2,1,0,0,2,0,0,0,10,7
11 - Πέλλας,218 E.T. Δήμου Πέλλας,599,392,6,1,7,385,186,111,12,52,16,8,60,59,7,7,5,8,5,44,32,15,10,1,5,2,6,11,4,2,2,2,0,2,24,5,6,1,2,2,3,5,4,1,2,1,1,0,1,0,1,1,1,0,0,2,1,0,2,1,0,0,2,1,1,0,0,24,15,15,3,0,2,1,0,0,0,0,0,0,0,1,1,7,0,6,4,0,2,1,1,0,0,4,2,6,6,4,0,0,4,3,3,2,1,1,2,1,2,0,7,6
11 - Πέλλας,219 E.T. Δήμου Πέλλας,407,282,0,0,0,282,129,89,7,41,17,1,22,45,3,0,3,16,1,36,29,14,11,3,4,11,0,6,1,1,0,1,1,0,32,13,14,3,2,0,5,5,1,0,0,0,2,1,1,0,0,0,0,0,0,0,0,0,0,0,2,0,3,1,0,0,2,13,2,11,3,1,0,3,0,0,0,0,0,0,0,1,1,3,0,2,1,0,0,0,0,0,0,0,0,0,0,0,0,0,5,4,0,0,0,0,1,0,0,0,7,5
11 - Πέλλας,220 E.T. Δήμου Πέλλας,535,280,1,0,1,279,116,85,5,33,5,5,55,46,7,7,11,14,12,26,38,27,13,3,8,1,7,7,1,3,1,1,1,0,24,15,5,7,3,1,5,4,1,0,0,2,0,2,0,0,2,1,2,0,0,0,0,0,0,0,0,0,4,0,0,0,3,20,10,12,0,2,3,4,0,0,0,0,0,0,0,0,0,3,0,1,0,0,2,3,2,0,1,0,0,0,0,0,0,0,2,2,1,0,2,2,0,0,2,2,5,4
11 - Πέλλας,221 E.T. Δήμου Πέλλας,522,314,9,1,10,304,148,107,3,30,7,13,52,47,4,2,2,17,8,34,39,26,12,5,4,7,12,4,0,0,1,0,0,1,31,21,9,0,1,0,6,6,1,0,0,0,1,0,1,0,1,1,0,0,0,0,0,0,0,0,2,1,1,0,0,0,0,14,9,7,1,2,2,1,0,0,0,0,0,0,0,0,0,0,0,0,0,0,0,1,1,0,1,0,0,0,0,0,1,1,5,4,0,0,0,0,0,0,0,0,3,3
11 - Πέλλας,222 E.T. Δήμου Πέλλας,538,280,4,1,5,275,112,81,4,24,4,6,63,40,6,4,5,9,7,28,45,32,4,3,12,12,8,13,2,2,5,3,1,1,17,8,7,3,3,0,3,9,2,2,0,1,0,2,1,1,0,0,0,0,0,2,2,1,0,1,0,0,1,0,0,0,0,16,7,13,1,0,1,4,1,1,0,0,0,0,0,0,0,0,0,0,0,0,0,1,0,1,1,0,0,2,1,2,0,0,3,3,0,0,0,0,0,0,1,0,11,10
11 - Πέλλας,223 E.T. Δήμου Πέλλας,536,317,5,0,5,312,114,87,5,25,3,3,58,81,4,3,14,33,11,58,52,36,20,7,5,11,8,2,1,0,0,0,0,0,22,15,6,2,2,0,5,4,0,1,1,0,2,1,2,2,1,1,0,0,0,0,0,0,0,0,1,0,1,1,0,0,1,16,8,11,1,0,0,3,0,0,0,0,0,0,0,0,0,0,0,0,0,0,0,1,1,1,0,1,0,2,2,2,0,0,1,1,1,1,0,0,1,0,1,0,8,8
11 - Πέλλας,224 E.T. Δήμου Πέλλας,557,294,2,0,2,292,137,90,5,40,4,3,67,56,4,2,7,26,4,38,39,27,14,5,9,4,6,4,2,0,1,1,0,3,22,13,2,2,4,0,8,1,1,0,0,0,1,0,2,2,0,0,0,0,0,0,0,0,0,0,0,0,3,0,1,1,0,19,13,12,0,1,0,0,2,0,0,0,0,0,0,0,0,1,0,0,1,0,1,0,0,0,0,0,0,1,0,0,0,0,0,0,0,0,0,0,0,0,0,0,5,2
11 - Πέλλας,225 E.T. Δήμου Πέλλας,420,293,6,2,8,285,125,72,28,21,5,3,56,39,5,4,3,9,2,30,35,25,13,3,5,8,5,5,2,2,1,0,0,0,51,48,6,1,1,0,1,1,0,1,0,0,0,0,0,0,0,0,0,0,0,1,0,0,0,0,1,1,1,0,0,0,1,13,5,11,2,0,3,0,0,0,0,0,0,0,0,0,0,1,0,0,0,1,1,1,1,1,0,0,0,1,1,0,0,0,0,0,0,0,0,0,0,0,1,0,9,6
11 - Πέλλας,226 E.T. Δήμου Πέλλας,435,306,9,1,10,296,155,81,22,45,5,3,76,31,2,6,3,10,1,18,18,15,6,3,1,3,2,12,1,4,5,0,0,2,38,36,1,0,0,1,2,0,0,0,0,0,0,0,1,1,0,0,0,0,0,1,0,0,0,1,1,1,1,1,0,1,0,20,7,14,4,1,4,4,1,1,0,0,0,0,0,0,0,1,0,0,0,0,1,2,0,1,0,0,0,1,1,0,0,0,6,5,2,1,0,0,1,0,0,0,4,3
11 - Πέλλας,227 E.T. Δήμου Πέλλας,422,278,5,0,5,273,114,74,7,24,1,11,41,56,4,2,2,11,2,48,38,29,8,2,3,6,1,5,1,2,1,2,0,2,26,6,10,2,2,6,5,5,1,1,0,1,1,1,4,3,0,0,0,0,0,2,1,0,1,1,1,1,0,0,0,0,0,8,2,2,0,0,1,3,1,1,0,0,0,0,0,0,0,1,0,0,1,0,1,1,0,0,1,3,1,0,0,0,1,0,0,0,0,0,0,0,1,0,0,0,6,3
11 - Πέλλας,228 E.T. Δήμου Πέλλας,292,223,1,0,1,222,129,83,21,35,4,1,33,29,4,5,5,7,1,24,6,3,0,1,1,0,0,13,2,3,0,5,0,2,18,5,10,0,2,2,1,7,0,0,0,1,0,6,0,0,0,0,0,0,0,0,0,0,0,0,2,2,0,0,0,0,0,9,0,8,1,1,1,0,0,0,1,0,0,0,0,0,0,1,0,0,0,0,0,0,0,0,0,0,0,1,1,1,0,0,0,0,0,0,0,0,0,0,0,0,6,3
11 - Πέλλας,229 E.T. Δήμου Πέλλας,459,319,8,1,9,310,115,57,3,42,7,7,47,47,2,4,4,12,4,35,50,26,4,3,12,15,1,7,1,3,1,1,1,3,19,4,10,3,3,1,1,1,0,0,0,0,1,0,2,2,1,1,0,0,0,0,0,0,0,0,2,2,0,0,0,0,0,46,4,46,0,1,0,2,0,0,0,0,0,0,0,1,0,0,0,0,0,0,0,4,1,1,0,1,1,2,2,0,1,1,0,0,0,0,0,0,2,2,0,0,9,9
11 - Πέλλας,230 E.T. Δήμου Πέλλας,463,329,5,0,5,324,146,87,5,45,4,6,72,66,8,2,1,10,2,56,45,28,8,7,5,10,3,8,2,1,3,0,1,1,21,6,9,0,3,4,3,1,1,0,0,0,1,0,1,1,0,0,0,0,0,0,0,0,0,0,1,0,1,0,0,1,1,28,8,24,0,1,2,0,0,0,0,0,0,0,0,0,0,1,1,0,1,0,0,1,1,1,0,0,0,0,0,0,0,0,0,0,0,0,0,0,0,0,0,0,4,2
11 - Πέλλας,231 E.T. Δήμου Πέλλας,461,313,8,1,9,304,107,44,8,32,8,7,52,72,10,4,5,20,3,57,48,23,7,10,10,12,3,14,0,6,4,2,0,1,15,6,3,0,1,0,3,2,0,0,0,0,0,0,0,0,0,0,0,0,0,4,2,1,1,0,0,0,3,1,0,0,1,32,2,30,1,0,1,1,0,0,0,0,0,0,0,0,0,0,0,0,0,0,0,1,0,0,0,1,1,0,0,0,0,0,0,0,0,0,0,0,0,0,0,0,5,1
11 - Πέλλας,232 E.T. Δήμου Πέλλας,456,348,10,0,10,338,110,52,4,34,12,2,51,105,8,3,3,43,19,79,61,32,9,13,24,11,2,0,0,0,0,0,0,0,10,4,5,0,1,0,1,4,0,2,0,0,1,1,2,1,0,0,0,1,0,1,1,1,0,0,0,0,2,0,1,1,0,36,0,36,2,0,1,1,0,0,0,0,0,0,0,0,0,1,1,0,0,0,0,0,0,0,0,1,1,0,0,0,0,0,0,0,2,0,1,0,0,0,0,0,1,0
11 - Πέλλας,233 E.T. Δήμου Πέλλας,560,365,1,0,1,364,156,93,8,53,13,7,58,64,7,3,8,9,4,45,55,34,9,7,8,4,4,18,2,3,5,7,0,4,35,18,10,4,5,0,7,2,0,0,0,0,0,0,4,4,0,0,0,0,0,0,0,0,0,0,1,0,2,2,0,1,1,10,5,5,0,0,1,3,0,0,0,0,0,0,0,1,1,1,1,0,0,0,0,2,0,0,2,0,0,1,0,0,0,0,0,0,1,1,2,2,0,0,0,0,9,6
11 - Πέλλας,234 E.T. Δήμου Πέλλας,487,334,5,1,6,328,183,106,12,87,8,5,82,47,7,3,10,6,2,31,33,22,9,3,3,5,6,5,1,3,1,0,0,2,18,6,8,6,0,1,5,2,1,1,0,0,2,0,0,0,0,0,0,0,0,0,0,0,0,0,3,1,2,1,0,1,0,13,4,8,0,1,3,7,0,0,0,0,0,0,0,0,0,5,5,1,0,0,0,1,0,0,0,0,0,0,0,0,1,0,3,3,2,2,1,1,1,1,1,1,7,3
11 - Πέλλας,235 E.T. Δήμου Πέλλας,479,344,6,2,8,336,183,79,24,70,17,5,90,45,2,2,7,10,3,31,28,19,5,4,6,1,3,7,2,3,3,0,0,1,23,9,7,3,2,5,1,3,1,1,1,0,2,0,4,3,0,0,0,0,0,0,0,0,0,0,3,0,4,1,1,2,0,12,0,6,0,1,4,4,1,1,0,0,0,0,0,0,0,1,0,1,1,0,0,1,1,1,0,0,0,1,0,0,1,1,2,0,1,0,2,1,1,1,4,3,9,6
11 - Πέλλας,236 E.T. Δήμου Πέλλας,483,292,1,3,4,288,161,82,13,73,5,5,60,59,5,12,6,7,1,36,21,13,2,4,0,4,1,1,1,0,1,0,0,0,22,6,8,5,9,1,4,1,1,0,0,0,0,0,1,1,0,0,0,0,0,0,0,0,0,0,2,0,0,0,0,0,0,6,1,6,0,0,1,0,1,0,0,0,0,0,0,0,0,0,0,0,0,0,0,0,0,0,0,3,2,0,0,0,1,0,2,1,0,0,0,0,0,0,1,1,6,2
11 - Πέλλας,237 E.T. Δήμου Πέλλας,492,304,6,1,7,297,146,74,6,73,8,15,47,71,6,15,5,12,2,34,23,14,0,3,2,3,1,5,1,1,0,0,0,2,20,11,4,1,2,1,4,4,1,2,0,0,1,0,0,0,0,0,0,0,0,1,0,0,0,0,2,2,4,2,0,0,0,10,0,7,1,0,0,2,0,0,0,0,0,0,0,0,0,0,0,0,0,0,0,1,1,0,0,1,1,2,2,1,0,0,1,0,0,0,0,0,1,1,0,0,5,3
11 - Πέλλας,238 E.T. Δήμου Πέλλας,484,298,3,0,3,295,120,54,25,22,5,3,66,45,7,0,4,13,1,32,40,32,2,9,7,4,3,3,1,0,0,1,0,0,33,9,20,7,1,0,5,9,1,0,0,1,3,7,2,1,0,0,0,0,0,0,0,0,0,0,2,2,0,0,0,0,0,23,3,21,1,1,2,0,0,0,0,0,0,1,1,0,0,1,1,0,0,1,0,0,0,0,0,0,0,1,0,0,0,0,0,0,1,1,0,0,0,0,1,1,13,6
11 - Πέλλας,239 E.T. Δήμου Πέλλας,417,296,4,1,5,291,145,72,12,35,5,19,71,38,0,1,0,6,2,31,36,28,6,1,1,1,1,17,8,7,4,5,1,7,18,7,9,5,1,2,2,2,0,1,0,1,0,0,2,2,0,0,0,0,0,0,0,0,0,0,0,0,4,0,0,0,0,22,5,16,0,0,1,2,0,0,0,0,0,0,0,0,0,1,0,1,1,0,0,0,0,0,0,0,0,1,0,0,0,0,1,1,1,0,0,0,1,0,0,0,2,0
11 - Πέλλας,240 E.T. Δήμου Πέλλας,421,330,5,3,8,322,127,60,14,58,5,9,42,69,3,1,4,9,4,58,45,24,11,2,11,4,6,24,10,4,6,8,1,3,27,12,10,1,0,1,5,2,0,0,1,1,0,0,0,0,1,0,1,0,0,0,0,0,0,0,1,1,3,2,0,0,0,9,2,5,0,0,1,1,0,0,0,0,0,0,0,0,0,1,0,1,0,1,0,1,1,0,0,2,0,0,0,0,1,0,1,1,0,0,0,0,0,0,0,0,8,6
11 - Πέλλας,241 E.T. Δήμου Πέλλας,427,297,5,0,5,292,134,84,9,38,11,5,62,54,2,3,6,8,3,46,28,16,3,5,6,14,5,14,6,1,5,4,0,3,23,10,4,4,6,2,7,9,0,2,2,2,4,0,1,1,0,0,0,0,0,0,0,0,0,0,0,0,2,2,1,1,0,15,2,12,1,2,3,2,1,0,0,0,0,0,0,0,0,0,0,0,0,0,0,0,0,0,0,1,1,0,0,0,0,0,2,1,1,0,0,0,0,0,0,0,7,7
11 - Πέλλας,242 E.T. Δήμου Πέλλας,529,339,7,1,8,331,138,85,3,57,12,8,36,31,2,3,1,0,2,25,70,61,5,0,12,4,6,9,3,1,3,5,1,0,33,14,10,0,2,0,5,5,4,3,0,1,0,0,0,0,0,0,0,0,0,1,1,0,0,0,1,1,5,1,0,0,2,14,4,9,1,0,2,2,0,0,2,1,0,0,0,0,0,1,1,0,0,1,0,0,0,0,0,0,0,0,0,0,0,0,4,4,1,1,0,0,0,0,0,0,16,13
11 - Πέλλας,243 E.T. Δήμου Πέλλας,410,274,5,0,5,269,100,34,2,31,15,3,56,72,3,5,7,9,3,64,34,19,3,6,7,4,8,13,2,3,0,10,0,0,10,3,7,0,0,1,2,3,0,0,0,0,0,2,0,0,0,0,0,0,0,1,0,0,0,0,2,1,2,0,1,0,2,7,1,3,0,0,0,3,0,0,2,0,1,0,0,0,0,0,0,0,0,0,0,0,0,0,0,4,1,2,2,2,1,1,8,6,0,0,0,0,0,0,1,1,7,3
11 - Πέλλας,244 E.T. Δήμου Πέλλας,480,349,8,4,12,337,133,78,6,53,7,9,42,95,4,3,6,5,4,82,19,7,9,2,4,3,6,9,6,2,2,0,1,2,29,12,9,7,3,2,7,3,2,1,1,1,1,0,6,4,1,0,0,0,0,0,0,0,0,0,1,0,1,0,0,0,0,11,3,1,1,0,0,3,0,0,0,0,0,0,0,0,0,0,0,0,0,0,0,5,3,3,1,1,0,2,1,0,0,0,2,1,2,1,1,0,1,1,0,0,15,7
11 - Πέλλας,245 E.T. Δήμου Πέλλας,487,354,2,2,4,350,162,82,9,82,12,12,46,98,7,3,12,8,6,87,26,9,9,1,3,1,11,2,0,0,0,0,0,0,20,9,6,5,3,0,3,4,2,1,0,1,0,4,2,1,0,0,0,0,0,1,0,0,0,0,1,1,3,1,0,0,0,10,4,3,3,0,3,1,1,0,0,0,0,0,0,0,0,0,0,0,0,0,0,3,3,0,2,1,1,2,2,2,1,0,1,1,2,0,0,0,0,0,0,0,10,9
11 - Πέλλας,246 E.T. Δήμου Πέλλας,487,357,8,1,9,348,151,76,1,59,4,7,52,102,3,8,14,6,7,84,26,6,8,2,2,4,12,8,2,5,1,0,1,3,18,11,3,3,3,0,4,5,2,2,0,0,1,1,1,1,0,0,0,1,0,0,0,0,0,0,1,1,1,1,0,0,1,19,11,4,2,1,1,3,0,0,0,0,0,1,0,0,0,3,1,1,0,0,1,0,0,0,0,0,0,2,0,1,1,0,0,0,1,1,2,2,0,0,0,0,5,2
11 - Πέλλας,247 E.T. Δήμου Πέλλας,474,331,5,2,7,324,108,60,1,48,6,5,44,109,4,5,15,9,10,97,35,8,13,1,5,7,10,16,5,4,6,2,2,7,14,7,3,1,2,0,6,4,1,4,0,1,2,0,3,3,0,0,0,0,0,0,0,0,0,0,0,0,0,0,0,0,0,11,3,6,2,0,0,4,0,0,0,0,0,0,0,0,0,0,0,0,0,0,0,1,1,1,0,2,1,1,1,1,0,0,1,0,4,3,3,1,1,1,0,0,11,4
11 - Πέλλας,248 E.T. Δήμου Πέλλας,478,347,6,2,8,339,149,79,5,55,11,9,59,98,5,6,11,3,14,85,19,1,7,1,4,4,6,8,3,2,1,0,1,3,28,11,8,4,3,1,9,4,0,1,0,0,1,0,1,1,0,0,0,0,0,2,1,0,1,0,0,0,2,0,1,0,1,16,8,4,1,3,4,3,1,0,0,0,0,0,0,0,0,0,0,0,0,0,0,1,1,0,1,0,0,0,0,0,0,0,0,0,1,0,0,0,2,1,0,0,7,5
11 - Πέλλας,249 E.T. Δήμου Πέλλας,494,301,5,3,8,293,128,72,3,28,5,6,34,37,6,4,5,8,2,21,37,10,0,5,1,3,33,18,5,4,6,2,0,5,28,14,10,3,1,2,4,1,0,0,0,1,1,0,4,1,2,1,1,0,0,2,1,1,0,0,0,0,1,0,0,1,1,14,7,4,1,1,2,5,0,0,0,0,0,1,0,0,0,1,0,0,1,0,0,1,0,0,0,2,1,5,3,4,0,0,4,0,1,1,1,1,1,0,1,1,3,1
11 - Πέλλας,250 E.T. Δήμου Πέλλας,491,332,6,2,8,324,111,60,2,28,1,6,42,52,10,10,2,11,8,28,52,9,8,1,3,1,44,18,6,4,6,0,1,5,24,4,1,3,3,0,3,8,3,1,0,1,2,4,1,1,0,0,0,0,0,1,1,0,0,1,2,1,5,0,0,0,1,20,13,3,5,4,2,1,0,0,0,0,0,0,0,0,0,1,1,0,0,0,0,7,1,2,0,1,0,1,0,0,1,0,0,0,1,1,2,2,3,1,0,0,13,8
11 - Πέλλας,251 E.T. Δήμου Πέλλας,510,367,2,2,4,363,141,63,9,32,5,4,47,64,7,11,1,11,6,41,53,17,10,7,2,4,36,29,4,10,7,0,2,4,35,10,9,8,4,1,5,5,0,1,0,0,0,0,2,2,0,0,0,0,0,2,0,1,0,0,0,0,3,0,1,0,1,9,2,2,1,1,2,2,0,0,1,1,1,0,0,1,0,2,1,0,0,1,0,2,1,0,1,0,0,0,0,0,1,0,1,0,2,2,0,0,0,0,0,0,10,6
11 - Πέλλας,252 E.T. Δήμου Πέλλας,547,385,4,5,9,376,154,67,14,64,3,12,54,60,4,8,11,12,9,37,52,14,18,1,4,3,23,11,0,3,3,0,0,1,25,10,2,8,2,0,9,5,1,2,1,0,1,0,1,0,0,0,0,0,0,0,0,0,0,0,6,3,5,2,0,0,2,26,9,12,1,2,6,5,0,0,1,0,0,1,1,0,0,1,0,0,0,0,1,1,0,1,0,2,2,0,0,0,1,1,1,0,0,0,2,2,2,1,0,0,19,11
11 - Πέλλας,253 E.T. Δήμου Πέλλας,562,381,3,0,3,378,187,114,14,63,12,8,54,60,2,10,11,9,4,45,54,11,25,5,2,7,19,7,2,2,1,0,0,2,10,2,1,5,1,1,1,7,2,4,0,2,2,1,1,0,0,0,0,0,0,1,1,0,1,0,4,2,5,1,0,1,1,19,7,11,2,2,1,4,0,0,0,0,0,0,0,1,1,3,1,0,0,0,3,1,1,0,0,1,1,2,1,1,0,0,0,0,2,1,1,1,0,0,2,2,10,6
11 - Πέλλας,254 E.T. Δήμου Πέλλας,555,405,10,0,10,395,189,89,10,83,9,12,72,84,9,6,13,5,6,54,42,13,7,1,7,3,14,8,1,1,3,0,0,4,25,8,5,4,1,2,1,10,1,2,1,3,0,0,1,0,1,0,0,1,1,0,0,0,0,0,4,0,4,0,0,0,1,6,3,3,1,0,0,0,0,0,0,0,0,0,0,1,0,0,0,0,0,0,0,3,1,1,0,2,2,5,3,1,0,0,0,0,0,0,0,0,0,0,0,0,9,5
11 - Πέλλας,255 E.T. Δήμου Πέλλας,441,281,3,0,3,278,97,50,7,21,5,7,41,35,5,4,3,2,6,20,49,17,15,4,4,7,24,23,9,4,13,1,1,9,28,9,4,4,6,3,11,2,2,0,0,0,0,0,1,0,0,0,0,0,0,1,1,1,0,0,3,3,1,1,0,1,0,14,5,3,2,1,4,1,0,0,4,2,2,0,0,0,0,1,1,0,0,0,0,4,1,1,2,0,0,6,5,5,1,1,1,0,4,1,0,0,0,0,0,0,3,3
11 - Πέλλας,256 E.T. Δήμου Πέλλας,457,275,11,2,13,262,98,58,4,18,8,9,42,33,5,2,2,10,5,25,44,12,20,0,6,13,19,11,3,4,4,0,1,4,29,10,7,6,4,1,6,1,0,0,0,0,0,0,0,0,1,1,1,0,0,0,0,0,0,0,6,4,1,0,1,1,0,19,13,7,2,1,3,2,0,0,0,0,0,0,0,0,0,0,0,0,0,0,0,1,1,0,1,1,1,0,0,0,1,1,1,1,0,0,2,2,1,1,0,0,12,6
11 - Πέλλας,257 E.T. Δήμου Πέλλας,666,382,5,1,6,376,144,82,15,32,35,12,49,68,26,5,2,8,13,39,85,59,17,2,25,10,34,13,1,6,5,1,0,3,26,13,7,5,0,0,8,4,2,0,0,0,1,1,0,0,0,0,0,1,1,1,0,0,0,1,1,0,5,3,4,0,2,9,2,5,0,1,3,1,1,0,1,1,1,0,0,0,0,1,1,0,0,1,0,1,0,0,0,0,0,2,2,2,0,0,1,1,1,1,0,0,1,1,1,0,9,5
11 - Πέλλας,258 E.T. Δήμου Πέλλας,517,320,4,4,8,312,108,64,2,21,4,3,45,61,6,0,10,9,11,30,70,20,47,2,2,19,8,4,1,1,1,0,0,1,26,9,2,2,5,3,4,4,2,0,1,0,1,0,2,1,2,1,0,0,0,4,1,0,1,0,2,1,0,0,0,0,0,15,9,8,2,0,2,3,2,1,0,0,0,0,0,0,0,2,1,0,0,0,0,2,0,1,1,1,0,0,0,0,0,0,1,1,2,0,0,0,0,0,0,0,4,4
11 - Πέλλας,259 E.T. Δήμου Σκύδρας,490,317,5,1,6,311,117,66,15,50,16,6,30,39,5,3,3,8,8,24,56,34,16,3,17,5,3,19,3,2,6,9,0,5,33,11,8,8,2,3,5,2,0,1,0,0,1,0,1,1,1,0,1,1,1,0,0,0,0,0,1,1,0,0,0,0,0,18,6,12,1,4,1,0,0,0,0,0,0,0,0,0,0,2,1,0,2,0,0,1,1,0,0,0,0,3,1,0,1,0,0,0,3,3,2,1,1,1,3,2,7,4
11 - Πέλλας,260 E.T. Δήμου Σκύδρας,473,338,9,2,11,327,148,91,18,48,9,7,57,61,7,4,3,13,12,51,46,30,8,3,20,8,0,16,1,4,0,9,1,9,19,2,6,11,1,1,2,4,1,1,0,0,0,1,3,3,0,0,0,0,0,0,0,0,0,0,1,0,1,1,1,0,0,13,6,8,2,3,2,3,0,0,0,0,0,0,0,0,0,1,0,1,1,0,0,1,1,0,0,0,0,2,1,2,0,0,5,3,1,1,0,0,0,0,0,0,5,4
11 - Πέλλας,261 E.T. Δήμου Σκύδρας,453,330,8,1,9,321,151,107,28,59,12,5,38,43,6,1,6,11,14,30,51,30,3,8,13,15,2,8,0,3,1,4,0,4,17,4,3,11,4,1,2,5,0,2,0,0,2,0,1,1,0,0,0,0,0,0,0,0,0,0,0,0,3,0,0,0,0,22,3,14,1,2,10,0,1,1,1,1,0,0,0,1,0,5,0,1,5,1,0,0,0,0,0,2,1,2,1,1,0,0,0,0,3,3,0,0,0,0,1,1,4,3
11 - Πέλλας,262 E.T. Δήμου Σκύδρας,461,356,6,1,7,349,131,66,22,58,18,15,33,68,10,4,11,7,21,50,59,35,1,9,28,17,1,8,2,3,0,2,0,3,32,12,7,13,4,4,0,5,2,1,0,0,0,0,2,0,0,0,0,0,0,1,0,0,0,0,2,1,4,0,0,0,1,24,3,15,1,7,11,1,0,0,1,1,0,0,0,0,0,1,0,0,1,0,0,1,0,1,0,1,1,1,1,1,0,0,0,0,1,0,1,0,0,0,0,0,6,5
11 - Πέλλας,263 E.T. Δήμου Σκύδρας,372,218,0,2,2,216,72,47,9,15,6,6,19,37,4,3,1,7,3,27,44,27,5,0,15,6,1,9,1,0,0,4,1,3,19,9,5,5,1,1,0,5,0,0,0,0,1,0,4,3,0,0,0,0,0,1,0,1,1,0,1,0,1,1,0,0,0,11,3,8,0,0,0,0,0,0,0,0,0,0,0,0,0,1,0,1,0,1,0,1,0,0,0,0,0,3,1,1,0,0,0,0,1,0,1,0,2,1,0,0,3,1
11 - Πέλλας,264 E.T. Δήμου Σκύδρας,359,234,10,0,10,224,82,54,7,20,8,4,23,38,0,7,1,14,7,24,46,29,4,0,27,4,2,13,4,0,1,6,2,2,14,5,4,4,1,0,2,0,0,0,0,0,0,0,6,5,1,0,0,0,0,0,0,0,0,0,1,0,1,0,0,0,0,6,1,5,1,1,1,0,0,0,0,0,0,0,0,0,0,2,0,0,1,0,1,0,0,0,0,3,2,0,0,0,1,0,1,0,2,2,2,2,0,0,0,0,5,4
11 - Πέλλας,265 E.T. Δήμου Σκύδρας,215,135,1,0,1,134,55,41,2,10,6,6,23,5,0,0,0,1,0,4,41,36,7,0,5,2,0,3,1,1,0,0,0,2,11,9,3,0,1,0,7,3,2,1,0,0,2,0,3,1,0,0,0,0,0,0,0,0,0,0,0,0,3,0,1,0,1,6,1,4,1,1,2,0,0,0,0,0,0,0,0,0,0,0,0,0,0,0,0,0,0,0,0,0,0,1,1,1,0,0,0,0,0,0,0,0,1,1,1,0,1,1
11 - Πέλλας,266 E.T. Δήμου Σκύδρας,412,260,2,1,3,257,84,73,2,8,1,1,19,43,1,7,6,12,14,27,78,48,47,0,23,6,0,5,1,0,0,2,0,0,21,3,2,5,1,0,2,3,1,0,0,0,0,0,0,0,0,0,0,0,0,0,0,0,0,0,0,0,2,0,0,0,0,13,5,6,0,2,3,1,1,0,0,0,0,0,0,0,0,0,0,0,0,0,0,0,0,0,0,0,0,0,0,0,0,0,1,0,0,0,2,0,0,0,0,0,4,2
11 - Πέλλας,267 E.T. Δήμου Σκύδρας,402,246,4,0,4,242,93,89,4,9,0,0,8,36,3,1,1,7,11,29,67,36,45,1,18,1,0,8,0,2,2,5,1,0,13,4,3,7,0,0,0,0,0,0,0,0,0,0,0,0,0,0,0,0,0,0,0,0,0,0,1,1,0,0,0,0,0,7,4,3,0,1,2,1,0,0,1,1,0,0,0,0,0,1,0,0,1,0,0,0,0,0,0,0,0,2,2,2,0,0,4,4,0,0,1,1,0,0,0,0,8,5
11 - Πέλλας,268 E.T. Δήμου Σκύδρας,390,251,4,1,5,246,84,74,0,20,0,4,20,28,2,2,3,12,6,18,85,57,40,6,20,10,0,6,1,1,0,3,0,1,26,15,6,8,2,1,8,3,0,0,0,0,0,0,0,0,0,0,0,0,0,0,0,0,0,0,1,1,0,0,0,0,0,5,3,4,0,0,1,0,0,0,0,0,0,0,0,1,1,0,0,0,0,0,0,0,0,0,0,1,0,0,0,0,0,0,2,1,0,0,1,0,0,0,0,0,3,2
11 - Πέλλας,269 E.T. Δήμου Σκύδρας,382,274,3,2,5,269,123,70,32,35,7,5,40,50,13,2,1,7,11,38,44,23,2,8,17,17,0,9,2,3,1,4,2,1,16,5,1,6,2,0,2,2,0,1,0,0,1,0,1,1,0,0,0,0,0,0,0,0,0,0,3,2,0,0,0,0,0,11,4,7,2,4,0,0,1,0,0,0,0,0,0,0,0,4,0,4,4,0,0,0,0,0,0,0,0,0,0,0,0,0,0,0,0,0,0,0,0,0,0,0,5,1
11 - Πέλλας,270 E.T. Δήμου Σκύδρας,390,271,2,5,7,264,81,38,17,36,6,3,19,75,10,3,3,15,16,60,40,23,1,9,14,6,0,15,1,5,3,8,7,1,19,9,2,5,1,2,3,6,4,1,1,0,0,1,1,1,0,0,0,0,0,0,0,0,0,0,3,2,0,0,0,0,0,14,5,7,4,0,5,0,0,0,0,0,0,0,0,0,0,0,0,0,0,0,0,0,0,0,0,1,1,1,1,1,0,0,0,0,0,0,0,0,1,1,0,0,7,2
11 - Πέλλας,271 E.T. Δήμου Σκύδρας,360,251,0,2,2,249,95,54,36,24,4,12,35,54,6,2,3,24,12,31,42,21,2,7,15,15,1,14,0,2,5,9,3,3,13,3,2,4,3,2,2,4,1,1,0,0,1,1,2,2,0,0,0,0,0,2,2,0,0,1,1,0,0,0,0,0,0,9,3,2,2,1,5,0,1,1,0,0,0,0,0,1,1,2,1,1,1,0,0,0,0,0,0,0,0,0,0,0,1,1,0,0,0,0,0,0,0,0,0,0,8,5
11 - Πέλλας,272 E.T. Δήμου Σκύδρας,525,327,5,2,7,320,108,66,17,33,15,4,26,71,15,2,1,13,25,32,51,28,28,10,28,4,1,19,0,6,0,12,2,0,17,5,4,8,2,0,0,5,2,0,0,0,1,0,1,0,0,0,0,0,0,2,0,0,0,0,2,2,2,1,0,1,1,30,6,10,3,6,18,7,0,0,0,0,0,0,0,0,0,0,0,0,0,0,0,1,0,1,1,1,1,2,0,1,0,0,0,0,1,0,2,2,1,1,0,0,4,3
11 - Πέλλας,273 E.T. Δήμου Σκύδρας,518,307,9,2,11,296,131,69,36,18,24,14,51,50,13,5,6,10,17,21,31,17,3,10,12,5,0,4,0,1,1,2,0,0,25,9,7,8,4,1,6,5,0,0,0,0,1,2,0,0,0,0,0,1,0,0,0,0,0,0,0,0,3,1,1,1,2,27,8,4,2,11,13,1,1,1,1,0,0,0,0,0,0,5,3,2,0,0,1,1,0,0,1,0,0,2,0,0,0,0,1,1,3,2,2,0,0,0,0,0,3,3
11 - Πέλλας,274 E.T. Δήμου Σκύδρας,526,319,6,1,7,312,119,66,26,39,22,3,28,45,15,0,3,15,18,18,41,18,4,4,18,7,2,8,1,2,1,2,0,0,13,3,4,8,1,0,0,9,2,0,0,0,2,2,0,0,0,0,0,0,0,1,1,1,0,0,2,1,3,1,0,2,1,46,7,17,3,15,23,2,0,0,0,0,0,0,0,0,0,1,0,1,0,1,0,4,1,1,0,0,0,3,2,2,0,0,1,1,1,0,0,0,1,1,0,0,14,10
11 - Πέλλας,275 E.T. Δήμου Σκύδρας,524,336,16,3,19,317,130,86,34,24,17,6,54,46,7,2,3,13,16,26,33,15,2,5,11,5,0,13,2,3,2,6,2,0,12,4,3,6,3,2,1,11,3,1,0,1,4,1,3,3,0,0,0,0,0,1,0,0,1,1,0,0,2,0,0,0,1,34,12,10,4,6,15,4,0,0,1,0,0,0,0,0,0,5,2,2,0,2,1,5,1,2,3,1,1,2,2,2,0,0,5,2,0,0,0,0,1,1,1,0,11,9
11 - Πέλλας,276 E.T. Δήμου Σκύδρας,533,322,4,1,5,317,140,83,27,26,21,5,55,48,12,8,4,12,14,25,38,22,5,6,13,7,4,15,1,6,2,12,0,3,15,2,6,11,1,0,1,8,2,0,0,2,2,3,1,1,0,0,0,0,0,1,0,1,0,0,2,1,4,0,2,0,1,31,2,9,8,18,13,3,0,0,0,0,0,0,0,0,0,1,1,0,0,0,0,1,0,0,0,0,0,0,0,0,0,0,0,0,2,2,1,1,0,0,0,0,9,5
11 - Πέλλας,277 E.T. Δήμου Σκύδρας,519,322,2,2,4,318,119,55,34,31,22,6,43,38,14,3,3,6,17,16,54,20,7,7,35,10,3,10,1,6,1,5,1,1,25,8,9,10,2,0,4,7,0,1,0,3,2,1,2,1,3,2,1,0,0,0,0,0,0,0,2,1,1,1,0,1,0,35,9,11,1,9,13,3,0,0,0,0,0,0,0,1,0,0,0,0,0,0,0,0,0,0,0,0,0,5,4,4,0,0,1,1,4,3,1,1,0,0,0,0,10,4
11 - Πέλλας,278 E.T. Δήμου Σκύδρας,521,315,2,1,3,312,132,69,39,44,25,10,33,53,8,1,2,14,13,30,38,14,2,6,27,7,0,13,0,4,2,7,2,0,26,13,5,8,2,1,5,5,0,1,0,0,0,0,10,8,0,0,0,0,0,1,0,0,0,0,0,0,1,0,0,0,1,18,5,10,2,6,5,0,0,0,1,1,1,0,0,0,0,1,0,0,0,1,1,1,0,0,0,0,0,3,0,0,0,0,2,1,1,1,0,0,2,0,0,0,4,2
11 - Πέλλας,279 E.T. Δήμου Σκύδρας,529,350,1,3,4,346,145,74,32,32,24,7,68,50,8,2,1,13,19,27,55,26,5,10,32,2,3,14,1,3,0,10,1,2,15,1,3,8,1,0,2,2,1,2,0,0,1,0,1,1,0,0,0,0,0,1,1,0,1,0,0,0,3,0,0,0,1,26,9,8,6,4,9,2,1,1,0,0,0,0,0,0,0,5,0,5,0,0,0,3,1,2,0,0,0,2,2,2,0,0,1,1,3,2,1,0,3,3,0,0,15,11
11 - Πέλλας,280 E.T. Δήμου Σκύδρας,465,303,4,2,6,297,114,73,31,21,11,3,5,55,9,2,6,19,18,22,33,22,3,4,9,10,2,16,0,4,0,10,0,6,20,7,4,7,2,1,5,7,1,3,0,1,2,2,0,0,1,0,0,0,0,0,0,0,0,0,1,1,2,0,0,0,1,30,7,14,8,15,6,0,0,0,0,0,0,0,0,0,0,3,0,2,1,1,0,1,1,0,0,2,2,0,0,0,1,0,0,0,1,1,0,0,5,0,0,0,5,5
11 - Πέλλας,281 E.T. Δήμου Σκύδρας,449,312,7,1,8,304,141,70,33,31,18,5,69,38,14,3,3,5,14,21,48,14,2,33,10,4,1,21,1,8,3,9,2,1,12,3,3,6,2,0,1,7,2,1,0,1,1,2,0,0,1,0,0,0,0,0,0,0,0,0,1,1,1,1,0,0,0,17,2,5,3,13,1,2,0,0,1,1,1,0,0,0,0,2,2,2,0,0,0,1,0,0,0,0,0,1,1,1,0,0,1,1,2,2,0,0,0,0,0,0,9,7
11 - Πέλλας,282 E.T. Δήμου Σκύδρας,439,285,4,3,7,278,119,64,33,24,11,4,41,38,8,1,0,10,6,29,55,16,8,40,19,3,0,9,1,3,0,6,0,1,23,4,4,1,1,2,11,2,1,0,0,0,1,1,0,0,0,0,0,0,0,1,0,0,0,0,1,1,1,0,0,0,1,19,0,5,2,15,1,0,0,0,0,0,0,0,0,0,0,2,2,2,0,0,0,0,0,0,0,0,0,0,0,0,0,0,0,0,1,0,0,0,0,0,3,1,4,3
11 - Πέλλας,283 E.T. Δήμου Σκύδρας,474,304,4,1,5,299,99,45,23,27,22,6,37,39,13,3,0,6,12,23,62,18,10,34,16,10,0,20,1,5,1,10,1,3,13,6,2,4,1,0,4,11,2,4,0,1,2,6,0,0,0,0,0,0,0,0,0,0,0,0,1,1,6,2,2,0,5,32,5,8,1,22,12,1,0,0,0,0,0,0,0,0,0,1,1,0,0,1,0,2,0,0,1,0,0,2,1,1,0,0,1,0,1,1,0,0,0,0,0,0,9,7
11 - Πέλλας,284 E.T. Δήμου Σκύδρας,519,334,5,1,6,328,147,98,11,33,29,1,34,40,2,2,3,6,5,28,53,36,13,2,13,10,2,11,0,3,0,9,0,1,30,7,13,10,4,1,6,2,1,0,1,0,0,0,1,1,0,0,0,0,0,0,0,0,0,0,4,4,2,1,0,0,0,18,2,9,3,2,7,0,1,0,0,0,0,0,0,0,0,0,0,0,0,0,0,2,0,0,0,0,0,1,1,1,0,0,3,2,1,0,0,0,0,0,2,2,10,8
11 - Πέλλας,285 E.T. Δήμου Σκύδρας,506,316,6,4,10,306,132,72,17,34,33,3,25,57,7,2,4,16,8,41,46,26,9,4,11,13,4,12,2,2,0,6,0,2,26,11,5,10,6,0,3,3,0,0,0,1,0,0,3,3,0,0,0,0,0,2,1,0,1,0,1,0,1,0,0,1,0,11,0,4,2,2,4,0,0,0,1,1,1,0,0,0,0,0,0,0,0,0,0,0,0,0,0,0,0,0,0,0,0,0,1,0,0,0,0,0,0,0,2,2,8,8
11 - Πέλλας,286 E.T. Δήμου Σκύδρας,398,237,9,0,9,228,91,32,8,27,35,1,45,35,4,1,4,5,14,23,41,18,18,5,21,7,0,16,2,3,3,10,0,0,18,13,4,6,0,0,6,5,2,0,1,0,0,0,1,1,0,0,0,0,0,2,1,0,1,0,1,1,2,1,0,1,0,8,2,2,2,1,3,1,1,0,0,0,0,0,0,0,0,3,0,0,0,3,0,0,0,0,0,0,0,0,0,0,0,0,1,0,1,0,0,0,0,0,1,0,1,1
11 - Πέλλας,287 E.T. Δήμου Σκύδρας,405,263,4,0,4,259,91,35,14,25,36,3,29,34,1,5,0,11,10,24,49,21,10,9,29,9,1,29,2,15,5,21,4,2,10,5,2,2,2,2,6,6,3,0,0,2,0,3,1,0,1,0,0,0,0,0,0,0,0,0,0,0,1,1,0,0,0,7,0,3,0,3,5,0,0,0,0,0,0,0,0,0,0,16,4,3,1,15,1,2,1,1,0,1,1,2,2,2,0,0,0,0,2,0,0,0,1,0,1,1,5,4
11 - Πέλλας,288 E.T. Δήμου Σκύδρας,378,253,6,2,8,245,123,60,12,28,71,2,38,21,3,4,1,4,11,12,41,25,10,1,15,8,0,12,3,4,1,3,2,3,9,6,5,0,0,1,2,1,0,0,0,1,0,1,1,1,1,0,0,0,0,1,1,1,0,0,0,0,3,2,1,1,2,11,1,1,1,7,4,0,0,0,0,0,0,0,0,0,0,13,0,4,2,13,1,1,1,0,0,0,0,0,0,0,0,0,1,1,0,0,0,0,3,3,0,0,3,3
11 - Πέλλας,289 E.T. Δήμου Σκύδρας,259,142,1,0,1,141,44,21,19,7,5,3,22,11,2,3,2,4,4,5,66,5,2,1,62,6,0,3,0,3,1,2,0,0,5,3,2,1,1,0,3,1,0,1,0,1,0,0,2,2,0,0,0,0,0,0,0,0,0,0,1,1,0,0,0,0,0,5,3,4,0,1,1,1,0,0,0,0,0,0,0,0,0,0,0,0,0,0,0,0,0,0,0,0,0,2,1,2,0,0,0,0,0,0,0,0,0,0,0,0,1,1
11 - Πέλλας,290 E.T. Δήμου Σκύδρας,501,348,9,2,11,337,150,74,64,45,15,3,53,68,5,2,1,14,10,55,20,6,4,1,10,8,1,15,2,0,0,15,5,0,36,2,9,33,1,0,1,3,2,1,0,0,0,0,1,1,0,0,0,0,0,0,0,0,0,0,0,0,0,0,0,0,0,37,2,24,3,20,8,1,1,0,0,0,0,0,0,0,0,1,0,1,1,0,0,0,0,0,0,1,0,0,0,0,2,2,0,0,0,0,0,0,0,0,0,0,2,0
11 - Πέλλας,291 E.T. Δήμου Σκύδρας,495,308,0,3,3,305,144,64,55,41,10,3,52,59,1,2,2,12,5,42,15,10,2,0,8,0,0,17,5,2,0,17,0,1,31,3,3,22,1,0,0,1,0,1,0,0,0,1,0,0,1,0,0,0,0,0,0,0,0,0,0,0,0,0,0,0,0,30,4,13,3,14,5,1,0,0,0,0,0,0,0,0,0,0,0,0,0,0,0,0,0,0,0,0,0,1,1,1,0,0,2,2,2,0,0,0,0,0,0,0,2,2
11 - Πέλλας,292 E.T. Δήμου Σκύδρας,438,310,0,0,0,310,168,95,12,64,24,16,68,34,6,5,3,5,4,22,33,18,6,6,17,2,0,8,0,4,1,4,0,1,26,4,7,10,2,0,2,6,1,0,0,1,3,0,0,0,0,0,0,0,0,0,0,0,0,0,4,4,1,0,0,0,1,16,4,9,5,1,1,0,0,0,0,0,0,0,0,0,0,0,0,0,0,0,0,0,0,0,0,0,0,2,2,1,1,0,3,2,0,0,1,0,0,0,0,0,7,5
11 - Πέλλας,293 E.T. Δήμου Σκύδρας,475,317,3,0,3,314,112,74,2,39,11,8,37,36,5,4,4,3,4,28,74,41,8,21,21,8,2,12,2,1,2,9,4,1,25,14,7,4,2,0,9,2,2,0,0,0,1,0,1,1,0,0,0,1,1,1,0,0,1,0,1,1,1,1,0,1,0,16,0,8,3,6,2,1,0,0,3,2,2,1,1,0,0,3,0,1,2,2,0,2,0,0,0,1,0,8,8,1,3,0,0,0,0,0,1,0,2,0,0,0,8,7
11 - Πέλλας,294 E.T. Δήμου Σκύδρας,417,313,1,1,2,311,149,91,10,63,15,5,56,45,4,0,2,10,10,28,54,29,5,10,18,7,1,13,2,2,4,7,2,1,22,8,8,8,1,1,4,2,1,1,1,0,0,0,0,0,1,1,1,0,0,0,0,0,0,0,1,1,2,1,0,0,1,12,1,6,1,5,2,2,0,0,0,0,0,0,0,0,0,0,0,0,0,0,0,0,0,0,0,0,0,2,2,0,0,0,1,1,0,0,0,0,1,1,0,0,6,5
11 - Πέλλας,295 E.T. Δήμου Σκύδρας,374,267,3,2,5,262,105,71,17,27,9,5,37,58,6,0,3,6,8,47,56,33,4,13,13,9,1,7,0,1,0,4,0,2,13,4,12,1,2,0,0,1,0,0,0,0,0,1,0,0,0,0,0,1,0,0,0,0,0,0,0,0,0,0,0,0,0,17,1,15,0,1,2,1,0,0,0,0,0,0,0,0,0,0,0,0,0,0,0,0,0,0,0,0,0,0,0,0,0,0,0,0,0,0,0,0,0,0,0,0,4,3
11 - Πέλλας,296 E.T. Δήμου Σκύδρας,374,260,0,2,2,258,101,76,14,38,13,9,19,47,10,2,2,3,4,39,52,31,1,13,17,12,0,2,0,1,0,1,0,1,10,2,6,0,0,0,1,2,0,1,0,1,0,0,7,6,0,0,0,0,0,0,0,0,0,0,3,2,0,0,0,0,0,27,5,23,1,4,1,3,0,0,0,0,0,1,1,0,0,1,1,1,0,0,0,2,1,0,0,0,0,0,0,0,0,0,1,1,0,0,0,0,0,0,1,0,1,0
11 - Πέλλας,297 E.T. Δήμου Σκύδρας,366,240,7,0,7,233,97,55,6,59,19,5,20,21,2,0,1,1,1,19,38,16,13,1,24,7,3,9,1,2,3,3,0,5,15,3,10,1,0,0,3,1,0,0,0,0,0,0,3,3,0,0,0,0,0,1,1,1,0,0,4,2,0,0,0,0,0,24,4,17,1,5,5,1,0,0,2,2,2,0,0,0,0,0,0,0,0,0,0,1,1,1,0,1,1,1,1,1,0,0,2,2,0,0,0,0,3,3,0,0,10,10
11 - Πέλλας,298 E.T. Δήμου Σκύδρας,364,234,3,1,4,230,79,53,1,41,11,0,14,30,3,1,1,1,11,21,60,26,14,7,29,19,0,8,0,2,1,3,0,3,22,6,17,4,1,0,2,1,0,0,0,0,0,0,1,1,0,0,0,0,0,1,0,0,0,0,2,2,2,0,1,0,2,7,0,5,0,1,5,1,1,0,0,0,0,0,0,2,0,0,0,0,0,0,0,0,0,0,0,0,0,2,1,2,0,0,1,0,1,0,1,1,1,0,0,0,8,5
11 - Πέλλας,299 E.T. Δήμου Σκύδρας,553,382,8,0,8,374,179,87,35,85,14,7,75,71,5,3,3,8,13,62,55,24,4,21,19,7,1,3,1,1,1,2,0,1,30,5,15,5,5,2,2,1,0,0,1,1,0,0,1,1,0,0,0,0,0,1,0,1,1,0,1,0,0,0,0,0,0,22,4,16,0,7,1,1,0,0,0,0,0,0,0,0,0,0,0,0,0,0,0,0,0,0,0,0,0,4,2,3,1,0,1,0,0,0,1,1,1,0,0,0,2,2
11 - Πέλλας,300 E.T. Δήμου Σκύδρας,532,382,3,0,3,379,210,97,35,105,15,19,88,56,4,2,0,9,9,49,49,23,1,8,10,22,0,9,3,1,1,8,1,3,15,8,6,4,1,1,1,0,0,0,0,0,0,0,3,2,0,0,0,0,0,1,0,0,0,0,0,0,0,0,0,0,0,22,4,18,0,3,3,1,1,1,0,0,0,0,0,0,0,1,1,1,0,0,0,2,0,1,0,0,0,2,2,1,0,0,1,0,0,0,2,1,0,0,0,0,5,2
11 - Πέλλας,301 E.T. Δήμου Σκύδρας,531,324,7,4,11,313,146,107,12,57,13,16,29,52,17,3,4,12,11,37,37,21,3,6,12,6,1,5,0,1,0,2,1,1,18,5,11,3,2,0,2,2,1,0,0,0,0,0,0,0,1,0,0,0,0,1,1,1,0,0,5,3,1,0,0,0,0,31,17,11,2,6,10,1,0,0,0,0,0,0,0,0,0,3,1,2,0,3,0,3,1,1,0,0,0,2,1,0,0,0,0,0,0,0,1,1,0,0,0,0,5,3
11 - Πέλλας,302 E.T. Δήμου Σκύδρας,509,297,14,2,16,281,111,83,4,33,6,13,27,57,13,0,4,12,8,48,47,35,6,4,13,5,1,9,3,4,3,5,0,2,26,8,7,12,4,1,7,0,0,0,0,0,0,0,0,0,0,0,0,0,0,0,0,0,0,0,2,2,0,0,0,0,0,22,14,4,2,6,6,3,0,0,0,0,0,0,0,0,0,2,0,1,0,1,1,1,0,0,0,0,0,0,0,0,0,0,2,2,0,0,0,0,0,0,0,0,2,1
11 - Πέλλας,303 E.T. Δήμου Σκύδρας,251,163,2,1,3,160,47,23,4,15,7,1,16,20,2,1,1,4,9,12,50,17,0,32,20,1,1,1,0,1,0,0,0,0,21,3,6,10,0,0,5,3,2,1,0,0,0,0,0,0,0,0,0,0,0,0,0,0,0,0,0,0,0,0,0,0,0,7,2,4,1,3,2,0,0,0,4,4,3,0,0,0,0,0,0,0,0,0,0,1,1,1,0,0,0,0,0,0,0,0,1,1,0,0,0,0,0,0,0,0,5,5
11 - Πέλλας,304 E.T. Δήμου Σκύδρας,512,319,5,1,6,313,149,108,10,60,24,2,36,47,4,0,2,12,20,33,28,17,4,2,11,10,1,5,0,1,2,1,0,0,28,10,6,9,4,0,6,4,2,2,0,2,1,0,0,0,0,0,0,0,0,0,0,0,0,0,3,3,2,2,0,0,2,26,1,1,1,2,24,1,0,0,0,0,0,0,0,0,0,2,0,2,0,1,0,2,1,2,0,1,1,0,0,0,0,0,6,4,0,0,0,0,0,0,1,0,9,6
11 - Πέλλας,Ετερ. Πέλλας (από 31ο Ε.Τ. Νομ. Θεσσαλονικης),348,217,0,0,0,217,80,31,13,25,21,20,14,46,13,5,4,18,18,16,12,7,2,4,4,1,0,21,7,10,4,2,2,5,12,6,3,2,0,0,4,3,0,2,0,1,2,0,2,2,0,0,0,1,1,4,1,1,0,0,3,2,4,2,2,0,1,7,5,2,0,2,2,1,0,0,0,0,0,0,0,0,0,0,0,0,0,0,0,2,1,0,1,1,1,6,4,5,2,2,1,1,3,2,0,0,0,0,0,0,7,4
11 - Πέλλας,Ετερ. Πέλλας (από Εφετείο Θεσσαλονίκης),40,22,2,0,2,20,5,1,0,1,2,2,2,5,2,1,0,0,2,1,4,2,1,2,0,1,1,1,0,0,0,0,0,0,3,1,0,0,0,1,0,0,0,0,0,0,0,0,0,0,0,0,0,0,0,0,0,0,0,0,0,0,1,0,1,1,0,0,0,0,0,0,0,0,0,0,0,0,0,0,0,0,0,0,0,0,0,0,0,0,0,0,0,0,0,0,0,0,0,0,0,0,0,0,0,0,0,0,0,0,1,0
11 - Πέλλας,Ετερ. Πέλλας (από 139ο Ε.Τ. Νομ. Αττικης-Αθηνών),373,261,4,1,5,256,111,36,28,39,12,16,29,61,19,8,10,9,19,27,21,5,2,3,6,9,1,20,2,5,4,5,1,8,9,5,2,3,3,2,3,10,0,4,0,3,3,1,0,0,1,0,0,0,0,0,0,0,0,0,0,0,6,2,2,2,3,5,3,0,2,1,0,0,0,0,0,0,0,0,0,0,0,0,0,0,0,0,0,1,1,0,0,0,0,0,0,0,0,0,1,0,1,1,0,0,0,0,0,0,9,7
11 - Πέλλας,Ετερ. Πέλλας (από Εφετείο Πειραιώς),53,35,0,0,0,35,12,4,4,2,2,0,6,7,1,0,1,2,1,3,2,2,0,0,2,0,0,4,2,1,1,1,1,2,4,3,2,1,2,0,0,1,0,0,0,0,0,0,0,0,0,0,0,0,0,1,1,0,0,0,1,0,0,0,0,0,0,3,0,1,0,1,1,2,0,0,0,0,0,0,0,0,0,0,0,0,0,0,0,0,0,0,0,0,0,0,0,0,0,0,0,0,0,0,0,0,0,0,0,0,0,0
Σύνολο,,145384,90549,1662,384,2046,88503,36333,18678,6807,10393,2498,3566,12905,16831,3116,1362,1553,3822,1758,11500,11566,4763,2118,1968,3477,2939,1025,3334,598,1034,675,682,496,793,6287,2326,2125,1189,622,355,1131,1354,282,371,60,214,271,211,434,322,105,49,32,38,25,337,103,78,53,119,432,251,698,177,101,104,296,5421,1806,2226,951,697,1301,606,77,37,154,113,52,14,9,31,14,375,101,106,67,96,149,386,146,129,89,189,121,473,303,248,109,56,375,257,414,259,250,123,199,114,125,61,2162,1399
